

Microchip MPLAB XC8 Assembler V3.00 build 20241204225717 
                                                                                               Mon Nov 24 12:22:13 2025

Microchip MPLAB XC8 C Compiler v3.00 (Free license) build 20241204225717 Og1 
     1                           	processor	18F4580
     2                           	fnconf	rparam,??,?,0
     3                           	pagewidth 120
     4                           	opt	flic
     5                           	psect	idataCOMRAM,global,class=CODE,space=0,delta=1,noexec
     6                           	psect	cinit,global,reloc=2,class=CODE,space=0,delta=1
     7                           	psect	bssCOMRAM,global,class=COMRAM,space=1,delta=1,lowdata,noexec
     8                           	psect	dataCOMRAM,global,class=COMRAM,space=1,delta=1,lowdata,noexec
     9                           	psect	cstackCOMRAM,global,class=COMRAM,space=1,delta=1,lowdata,noexec
    10                           	psect	text0,global,reloc=2,class=CODE,space=0,delta=1
    11                           	psect	text1,global,reloc=2,class=CODE,space=0,delta=1
    12                           	psect	text2,global,reloc=2,class=CODE,space=0,delta=1
    13                           	psect	text3,global,reloc=2,class=CODE,space=0,delta=1
    14                           	psect	text4,global,reloc=2,class=CODE,space=0,delta=1
    15                           	psect	text5,global,reloc=2,class=CODE,space=0,delta=1
    16                           	psect	text6,global,reloc=2,class=CODE,space=0,delta=1
    17                           	psect	text7,global,reloc=2,class=CODE,space=0,delta=1,group=1
    18                           	psect	text8,global,reloc=2,class=CODE,space=0,delta=1,group=1
    19                           	psect	text9,global,reloc=2,class=CODE,space=0,delta=1,group=1
    20                           	psect	text10,global,reloc=2,class=CODE,space=0,delta=1
    21                           	psect	text11,global,reloc=2,class=CODE,space=0,delta=1
    22                           	psect	text12,global,reloc=2,class=CODE,space=0,delta=1
    23                           	psect	smallconst,global,reloc=2,class=SMALLCONST,space=0,delta=1,noexec
    24                           	psect	intsave_regs,global,class=BIGRAM,space=1,delta=1,noexec
    25                           	psect	rparam,global,class=COMRAM,space=1,delta=1,noexec
    26                           	psect	idloc,global,abs,ovrld,class=IDLOC,space=5,delta=1,noexec
    27                           	psect	config,global,abs,ovrld,class=CONFIG,space=4,delta=1,noexec
    28   000000                     
    29                           ; Version 2.20
    30                           ; Generated 12/02/2020 GMT
    31                           ; 
    32                           ; Copyright © 2020, Microchip Technology Inc. and its subsidiaries ("Microchip")
    33                           ; All rights reserved.
    34                           ; 
    35                           ; This software is developed by Microchip Technology Inc. and its subsidiaries ("Microch
      +                          ip").
    36                           ; 
    37                           ; Redistribution and use in source and binary forms, with or without modification, are
    38                           ; permitted provided that the following conditions are met:
    39                           ; 
    40                           ;     1. Redistributions of source code must retain the above copyright notice, this lis
      +                          t of
    41                           ;        conditions and the following disclaimer.
    42                           ; 
    43                           ;     2. Redistributions in binary form must reproduce the above copyright notice, this 
      +                          list
    44                           ;        of conditions and the following disclaimer in the documentation and/or other
    45                           ;        materials provided with the distribution.
    46                           ; 
    47                           ;     3. Microchip's name may not be used to endorse or promote products derived from th
      +                          is
    48                           ;        software without specific prior written permission.
    49                           ; 
    50                           ; THIS SOFTWARE IS PROVIDED BY MICROCHIP "AS IS" AND ANY EXPRESS OR IMPLIED WARRANTIES,
    51                           ; INCLUDING, BUT NOT LIMITED TO, THE IMPLIED WARRANTIES OF MERCHANTABILITY AND FITNESS F
      +                          OR
    52                           ; PURPOSE ARE DISCLAIMED.  IN NO EVENT SHALL MICROCHIP BE LIABLE FOR ANY DIRECT, INDIREC
      +                          T,
    53                           ; INCIDENTAL, SPECIAL, EXEMPLARY, OR CONSEQUENTIAL DAMAGES (INCLUDING BUT NOT LIMITED TO
    54                           ; PROCUREMENT OF SUBSTITUTE GOODS OR SERVICES; LOSS OF USE, DATA OR PROFITS; OR BUSINESS
    55                           ; INTERRUPTION) HOWSOEVER CAUSED AND ON ANY THEORY OF LIABILITY, WHETHER IN CONTRACT, ST
      +                          RICT
    56                           ; LIABILITY, OR TORT (INCLUDING NEGLIGENCE OR OTHERWISE) ARISING IN ANY WAY OUT OF THE U
      +                          SE OF
    57                           ; THIS SOFTWARE, EVEN IF ADVISED OF THE POSSIBILITY OF SUCH DAMAGE.
    58                           ; 
    59                           ; 
    60                           ; Code-generator required, PIC18F4580 Definitions
    61                           ; 
    62                           ; SFR Addresses
    63   000FE0                     bsr             equ	4064
    64   000FE9                     fsr0            equ	4073
    65   000FEA                     fsr0h           equ	4074
    66   000FE9                     fsr0l           equ	4073
    67   000FE1                     fsr1            equ	4065
    68   000FE2                     fsr1h           equ	4066
    69   000FE1                     fsr1l           equ	4065
    70   000FD9                     fsr2            equ	4057
    71   000FDA                     fsr2h           equ	4058
    72   000FD9                     fsr2l           equ	4057
    73   000FEF                     indf0           equ	4079
    74   000FE7                     indf1           equ	4071
    75   000FDF                     indf2           equ	4063
    76   000FF2                     intcon          equ	4082
    77   000000                     nvmcon          equ	0
    78   000FF9                     pcl             equ	4089
    79   000FFA                     pclath          equ	4090
    80   000FFB                     pclatu          equ	4091
    81   000FEB                     plusw0          equ	4075
    82   000FE3                     plusw1          equ	4067
    83   000FDB                     plusw2          equ	4059
    84   000FED                     postdec0        equ	4077
    85   000FE5                     postdec1        equ	4069
    86   000FDD                     postdec2        equ	4061
    87   000FEE                     postinc0        equ	4078
    88   000FE6                     postinc1        equ	4070
    89   000FDE                     postinc2        equ	4062
    90   000FEC                     preinc0         equ	4076
    91   000FE4                     preinc1         equ	4068
    92   000FDC                     preinc2         equ	4060
    93   000FF3                     prod            equ	4083
    94   000FF4                     prodh           equ	4084
    95   000FF3                     prodl           equ	4083
    96   000FD8                     status          equ	4056
    97   000FF5                     tablat          equ	4085
    98   000FF6                     tblptr          equ	4086
    99   000FF7                     tblptrh         equ	4087
   100   000FF6                     tblptrl         equ	4086
   101   000FF8                     tblptru         equ	4088
   102   000FFD                     tosl            equ	4093
   103   000FE8                     wreg            equ	4072
   104   000D60                     RXF6SIDH        equ	3424	;# 
   105   000D61                     RXF6SIDL        equ	3425	;# 
   106   000D62                     RXF6EIDH        equ	3426	;# 
   107   000D63                     RXF6EIDL        equ	3427	;# 
   108   000D64                     RXF7SIDH        equ	3428	;# 
   109   000D65                     RXF7SIDL        equ	3429	;# 
   110   000D66                     RXF7EIDH        equ	3430	;# 
   111   000D67                     RXF7EIDL        equ	3431	;# 
   112   000D68                     RXF8SIDH        equ	3432	;# 
   113   000D69                     RXF8SIDL        equ	3433	;# 
   114   000D6A                     RXF8EIDH        equ	3434	;# 
   115   000D6B                     RXF8EIDL        equ	3435	;# 
   116   000D70                     RXF9SIDH        equ	3440	;# 
   117   000D71                     RXF9SIDL        equ	3441	;# 
   118   000D72                     RXF9EIDH        equ	3442	;# 
   119   000D73                     RXF9EIDL        equ	3443	;# 
   120   000D74                     RXF10SIDH       equ	3444	;# 
   121   000D75                     RXF10SIDL       equ	3445	;# 
   122   000D76                     RXF10EIDH       equ	3446	;# 
   123   000D77                     RXF10EIDL       equ	3447	;# 
   124   000D78                     RXF11SIDH       equ	3448	;# 
   125   000D79                     RXF11SIDL       equ	3449	;# 
   126   000D7A                     RXF11EIDH       equ	3450	;# 
   127   000D7B                     RXF11EIDL       equ	3451	;# 
   128   000D80                     RXF12SIDH       equ	3456	;# 
   129   000D81                     RXF12SIDL       equ	3457	;# 
   130   000D82                     RXF12EIDH       equ	3458	;# 
   131   000D83                     RXF12EIDL       equ	3459	;# 
   132   000D84                     RXF13SIDH       equ	3460	;# 
   133   000D85                     RXF13SIDL       equ	3461	;# 
   134   000D86                     RXF13EIDH       equ	3462	;# 
   135   000D87                     RXF13EIDL       equ	3463	;# 
   136   000D88                     RXF14SIDH       equ	3464	;# 
   137   000D89                     RXF14SIDL       equ	3465	;# 
   138   000D8A                     RXF14EIDH       equ	3466	;# 
   139   000D8B                     RXF14EIDL       equ	3467	;# 
   140   000D90                     RXF15SIDH       equ	3472	;# 
   141   000D91                     RXF15SIDL       equ	3473	;# 
   142   000D92                     RXF15EIDH       equ	3474	;# 
   143   000D93                     RXF15EIDL       equ	3475	;# 
   144   000DD4                     RXFCON0         equ	3540	;# 
   145   000DD5                     RXFCON1         equ	3541	;# 
   146   000DD8                     SDFLC           equ	3544	;# 
   147   000DE0                     RXFBCON0        equ	3552	;# 
   148   000DE1                     RXFBCON1        equ	3553	;# 
   149   000DE2                     RXFBCON2        equ	3554	;# 
   150   000DE3                     RXFBCON3        equ	3555	;# 
   151   000DE4                     RXFBCON4        equ	3556	;# 
   152   000DE5                     RXFBCON5        equ	3557	;# 
   153   000DE6                     RXFBCON6        equ	3558	;# 
   154   000DE7                     RXFBCON7        equ	3559	;# 
   155   000DF0                     MSEL0           equ	3568	;# 
   156   000DF1                     MSEL1           equ	3569	;# 
   157   000DF2                     MSEL2           equ	3570	;# 
   158   000DF3                     MSEL3           equ	3571	;# 
   159   000DF8                     BSEL0           equ	3576	;# 
   160   000DFA                     BIE0            equ	3578	;# 
   161   000DFC                     TXBIE           equ	3580	;# 
   162   000E20                     B0CON           equ	3616	;# 
   163   000E21                     B0SIDH          equ	3617	;# 
   164   000E22                     B0SIDL          equ	3618	;# 
   165   000E23                     B0EIDH          equ	3619	;# 
   166   000E24                     B0EIDL          equ	3620	;# 
   167   000E25                     B0DLC           equ	3621	;# 
   168   000E26                     B0D0            equ	3622	;# 
   169   000E27                     B0D1            equ	3623	;# 
   170   000E28                     B0D2            equ	3624	;# 
   171   000E29                     B0D3            equ	3625	;# 
   172   000E2A                     B0D4            equ	3626	;# 
   173   000E2B                     B0D5            equ	3627	;# 
   174   000E2C                     B0D6            equ	3628	;# 
   175   000E2D                     B0D7            equ	3629	;# 
   176   000E2E                     CANSTAT_RO9     equ	3630	;# 
   177   000E2F                     CANCON_RO9      equ	3631	;# 
   178   000E30                     B1CON           equ	3632	;# 
   179   000E31                     B1SIDH          equ	3633	;# 
   180   000E32                     B1SIDL          equ	3634	;# 
   181   000E33                     B1EIDH          equ	3635	;# 
   182   000E34                     B1EIDL          equ	3636	;# 
   183   000E35                     B1DLC           equ	3637	;# 
   184   000E36                     B1D0            equ	3638	;# 
   185   000E37                     B1D1            equ	3639	;# 
   186   000E38                     B1D2            equ	3640	;# 
   187   000E39                     B1D3            equ	3641	;# 
   188   000E3A                     B1D4            equ	3642	;# 
   189   000E3B                     B1D5            equ	3643	;# 
   190   000E3C                     B1D6            equ	3644	;# 
   191   000E3D                     B1D7            equ	3645	;# 
   192   000E3E                     CANSTAT_RO8     equ	3646	;# 
   193   000E3F                     CANCON_RO8      equ	3647	;# 
   194   000E40                     B2CON           equ	3648	;# 
   195   000E41                     B2SIDH          equ	3649	;# 
   196   000E42                     B2SIDL          equ	3650	;# 
   197   000E43                     B2EIDH          equ	3651	;# 
   198   000E44                     B2EIDL          equ	3652	;# 
   199   000E45                     B2DLC           equ	3653	;# 
   200   000E46                     B2D0            equ	3654	;# 
   201   000E47                     B2D1            equ	3655	;# 
   202   000E48                     B2D2            equ	3656	;# 
   203   000E49                     B2D3            equ	3657	;# 
   204   000E4A                     B2D4            equ	3658	;# 
   205   000E4B                     B2D5            equ	3659	;# 
   206   000E4C                     B2D6            equ	3660	;# 
   207   000E4D                     B2D7            equ	3661	;# 
   208   000E4E                     CANSTAT_RO7     equ	3662	;# 
   209   000E4F                     CANCON_RO7      equ	3663	;# 
   210   000E50                     B3CON           equ	3664	;# 
   211   000E51                     B3SIDH          equ	3665	;# 
   212   000E52                     B3SIDL          equ	3666	;# 
   213   000E53                     B3EIDH          equ	3667	;# 
   214   000E54                     B3EIDL          equ	3668	;# 
   215   000E55                     B3DLC           equ	3669	;# 
   216   000E56                     B3D0            equ	3670	;# 
   217   000E57                     B3D1            equ	3671	;# 
   218   000E58                     B3D2            equ	3672	;# 
   219   000E59                     B3D3            equ	3673	;# 
   220   000E5A                     B3D4            equ	3674	;# 
   221   000E5B                     B3D5            equ	3675	;# 
   222   000E5C                     B3D6            equ	3676	;# 
   223   000E5D                     B3D7            equ	3677	;# 
   224   000E5E                     CANSTAT_RO6     equ	3678	;# 
   225   000E5F                     CANCON_RO6      equ	3679	;# 
   226   000E60                     B4CON           equ	3680	;# 
   227   000E61                     B4SIDH          equ	3681	;# 
   228   000E62                     B4SIDL          equ	3682	;# 
   229   000E63                     B4EIDH          equ	3683	;# 
   230   000E64                     B4EIDL          equ	3684	;# 
   231   000E65                     B4DLC           equ	3685	;# 
   232   000E66                     B4D0            equ	3686	;# 
   233   000E67                     B4D1            equ	3687	;# 
   234   000E68                     B4D2            equ	3688	;# 
   235   000E69                     B4D3            equ	3689	;# 
   236   000E6A                     B4D4            equ	3690	;# 
   237   000E6B                     B4D5            equ	3691	;# 
   238   000E6C                     B4D6            equ	3692	;# 
   239   000E6D                     B4D7            equ	3693	;# 
   240   000E6E                     CANSTAT_RO5     equ	3694	;# 
   241   000E6F                     CANCON_RO5      equ	3695	;# 
   242   000E70                     B5CON           equ	3696	;# 
   243   000E71                     B5SIDH          equ	3697	;# 
   244   000E72                     B5SIDL          equ	3698	;# 
   245   000E73                     B5EIDH          equ	3699	;# 
   246   000E74                     B5EIDL          equ	3700	;# 
   247   000E75                     B5DLC           equ	3701	;# 
   248   000E76                     B5D0            equ	3702	;# 
   249   000E77                     B5D1            equ	3703	;# 
   250   000E78                     B5D2            equ	3704	;# 
   251   000E79                     B5D3            equ	3705	;# 
   252   000E7A                     B5D4            equ	3706	;# 
   253   000E7B                     B5D5            equ	3707	;# 
   254   000E7C                     B5D6            equ	3708	;# 
   255   000E7D                     B5D7            equ	3709	;# 
   256   000E7E                     CANSTAT_RO4     equ	3710	;# 
   257   000E7F                     CANCON_RO4      equ	3711	;# 
   258   000F00                     RXF0SIDH        equ	3840	;# 
   259   000F01                     RXF0SIDL        equ	3841	;# 
   260   000F02                     RXF0EIDH        equ	3842	;# 
   261   000F03                     RXF0EIDL        equ	3843	;# 
   262   000F04                     RXF1SIDH        equ	3844	;# 
   263   000F05                     RXF1SIDL        equ	3845	;# 
   264   000F06                     RXF1EIDH        equ	3846	;# 
   265   000F07                     RXF1EIDL        equ	3847	;# 
   266   000F08                     RXF2SIDH        equ	3848	;# 
   267   000F09                     RXF2SIDL        equ	3849	;# 
   268   000F0A                     RXF2EIDH        equ	3850	;# 
   269   000F0B                     RXF2EIDL        equ	3851	;# 
   270   000F0C                     RXF3SIDH        equ	3852	;# 
   271   000F0D                     RXF3SIDL        equ	3853	;# 
   272   000F0E                     RXF3EIDH        equ	3854	;# 
   273   000F0F                     RXF3EIDL        equ	3855	;# 
   274   000F10                     RXF4SIDH        equ	3856	;# 
   275   000F11                     RXF4SIDL        equ	3857	;# 
   276   000F12                     RXF4EIDH        equ	3858	;# 
   277   000F13                     RXF4EIDL        equ	3859	;# 
   278   000F14                     RXF5SIDH        equ	3860	;# 
   279   000F15                     RXF5SIDL        equ	3861	;# 
   280   000F16                     RXF5EIDH        equ	3862	;# 
   281   000F17                     RXF5EIDL        equ	3863	;# 
   282   000F18                     RXM0SIDH        equ	3864	;# 
   283   000F19                     RXM0SIDL        equ	3865	;# 
   284   000F1A                     RXM0EIDH        equ	3866	;# 
   285   000F1B                     RXM0EIDL        equ	3867	;# 
   286   000F1C                     RXM1SIDH        equ	3868	;# 
   287   000F1D                     RXM1SIDL        equ	3869	;# 
   288   000F1E                     RXM1EIDH        equ	3870	;# 
   289   000F1F                     RXM1EIDL        equ	3871	;# 
   290   000F20                     TXB2CON         equ	3872	;# 
   291   000F21                     TXB2SIDH        equ	3873	;# 
   292   000F22                     TXB2SIDL        equ	3874	;# 
   293   000F23                     TXB2EIDH        equ	3875	;# 
   294   000F24                     TXB2EIDL        equ	3876	;# 
   295   000F25                     TXB2DLC         equ	3877	;# 
   296   000F26                     TXB2D0          equ	3878	;# 
   297   000F27                     TXB2D1          equ	3879	;# 
   298   000F28                     TXB2D2          equ	3880	;# 
   299   000F29                     TXB2D3          equ	3881	;# 
   300   000F2A                     TXB2D4          equ	3882	;# 
   301   000F2B                     TXB2D5          equ	3883	;# 
   302   000F2C                     TXB2D6          equ	3884	;# 
   303   000F2D                     TXB2D7          equ	3885	;# 
   304   000F2E                     CANSTAT_RO3     equ	3886	;# 
   305   000F2F                     CANCON_RO3      equ	3887	;# 
   306   000F30                     TXB1CON         equ	3888	;# 
   307   000F31                     TXB1SIDH        equ	3889	;# 
   308   000F32                     TXB1SIDL        equ	3890	;# 
   309   000F33                     TXB1EIDH        equ	3891	;# 
   310   000F34                     TXB1EIDL        equ	3892	;# 
   311   000F35                     TXB1DLC         equ	3893	;# 
   312   000F36                     TXB1D0          equ	3894	;# 
   313   000F37                     TXB1D1          equ	3895	;# 
   314   000F38                     TXB1D2          equ	3896	;# 
   315   000F39                     TXB1D3          equ	3897	;# 
   316   000F3A                     TXB1D4          equ	3898	;# 
   317   000F3B                     TXB1D5          equ	3899	;# 
   318   000F3C                     TXB1D6          equ	3900	;# 
   319   000F3D                     TXB1D7          equ	3901	;# 
   320   000F3E                     CANSTAT_RO2     equ	3902	;# 
   321   000F3F                     CANCON_RO2      equ	3903	;# 
   322   000F40                     TXB0CON         equ	3904	;# 
   323   000F41                     TXB0SIDH        equ	3905	;# 
   324   000F42                     TXB0SIDL        equ	3906	;# 
   325   000F43                     TXB0EIDH        equ	3907	;# 
   326   000F44                     TXB0EIDL        equ	3908	;# 
   327   000F45                     TXB0DLC         equ	3909	;# 
   328   000F46                     TXB0D0          equ	3910	;# 
   329   000F47                     TXB0D1          equ	3911	;# 
   330   000F48                     TXB0D2          equ	3912	;# 
   331   000F49                     TXB0D3          equ	3913	;# 
   332   000F4A                     TXB0D4          equ	3914	;# 
   333   000F4B                     TXB0D5          equ	3915	;# 
   334   000F4C                     TXB0D6          equ	3916	;# 
   335   000F4D                     TXB0D7          equ	3917	;# 
   336   000F4E                     CANSTAT_RO1     equ	3918	;# 
   337   000F4F                     CANCON_RO1      equ	3919	;# 
   338   000F50                     RXB1CON         equ	3920	;# 
   339   000F51                     RXB1SIDH        equ	3921	;# 
   340   000F52                     RXB1SIDL        equ	3922	;# 
   341   000F53                     RXB1EIDH        equ	3923	;# 
   342   000F54                     RXB1EIDL        equ	3924	;# 
   343   000F55                     RXB1DLC         equ	3925	;# 
   344   000F56                     RXB1D0          equ	3926	;# 
   345   000F57                     RXB1D1          equ	3927	;# 
   346   000F58                     RXB1D2          equ	3928	;# 
   347   000F59                     RXB1D3          equ	3929	;# 
   348   000F5A                     RXB1D4          equ	3930	;# 
   349   000F5B                     RXB1D5          equ	3931	;# 
   350   000F5C                     RXB1D6          equ	3932	;# 
   351   000F5D                     RXB1D7          equ	3933	;# 
   352   000F5E                     CANSTAT_RO0     equ	3934	;# 
   353   000F5F                     CANCON_RO0      equ	3935	;# 
   354   000F60                     RXB0CON         equ	3936	;# 
   355   000F61                     RXB0SIDH        equ	3937	;# 
   356   000F62                     RXB0SIDL        equ	3938	;# 
   357   000F63                     RXB0EIDH        equ	3939	;# 
   358   000F64                     RXB0EIDL        equ	3940	;# 
   359   000F65                     RXB0DLC         equ	3941	;# 
   360   000F66                     RXB0D0          equ	3942	;# 
   361   000F67                     RXB0D1          equ	3943	;# 
   362   000F68                     RXB0D2          equ	3944	;# 
   363   000F69                     RXB0D3          equ	3945	;# 
   364   000F6A                     RXB0D4          equ	3946	;# 
   365   000F6B                     RXB0D5          equ	3947	;# 
   366   000F6C                     RXB0D6          equ	3948	;# 
   367   000F6D                     RXB0D7          equ	3949	;# 
   368   000F6E                     CANSTAT         equ	3950	;# 
   369   000F6F                     CANCON          equ	3951	;# 
   370   000F70                     BRGCON1         equ	3952	;# 
   371   000F71                     BRGCON2         equ	3953	;# 
   372   000F72                     BRGCON3         equ	3954	;# 
   373   000F73                     CIOCON          equ	3955	;# 
   374   000F74                     COMSTAT         equ	3956	;# 
   375   000F75                     RXERRCNT        equ	3957	;# 
   376   000F76                     TXERRCNT        equ	3958	;# 
   377   000F77                     ECANCON         equ	3959	;# 
   378   000F80                     PORTA           equ	3968	;# 
   379   000F81                     PORTB           equ	3969	;# 
   380   000F82                     PORTC           equ	3970	;# 
   381   000F83                     PORTD           equ	3971	;# 
   382   000F84                     PORTE           equ	3972	;# 
   383   000F89                     LATA            equ	3977	;# 
   384   000F8A                     LATB            equ	3978	;# 
   385   000F8B                     LATC            equ	3979	;# 
   386   000F8C                     LATD            equ	3980	;# 
   387   000F8D                     LATE            equ	3981	;# 
   388   000F92                     TRISA           equ	3986	;# 
   389   000F92                     DDRA            equ	3986	;# 
   390   000F93                     TRISB           equ	3987	;# 
   391   000F93                     DDRB            equ	3987	;# 
   392   000F94                     TRISC           equ	3988	;# 
   393   000F94                     DDRC            equ	3988	;# 
   394   000F95                     TRISD           equ	3989	;# 
   395   000F95                     DDRD            equ	3989	;# 
   396   000F96                     TRISE           equ	3990	;# 
   397   000F96                     DDRE            equ	3990	;# 
   398   000F9B                     OSCTUNE         equ	3995	;# 
   399   000F9D                     PIE1            equ	3997	;# 
   400   000F9E                     PIR1            equ	3998	;# 
   401   000F9F                     IPR1            equ	3999	;# 
   402   000FA0                     PIE2            equ	4000	;# 
   403   000FA1                     PIR2            equ	4001	;# 
   404   000FA2                     IPR2            equ	4002	;# 
   405   000FA3                     PIE3            equ	4003	;# 
   406   000FA4                     PIR3            equ	4004	;# 
   407   000FA5                     IPR3            equ	4005	;# 
   408   000FA6                     EECON1          equ	4006	;# 
   409   000FA7                     EECON2          equ	4007	;# 
   410   000FA8                     EEDATA          equ	4008	;# 
   411   000FA9                     EEADR           equ	4009	;# 
   412   000FAB                     RCSTA           equ	4011	;# 
   413   000FAB                     RCSTA1          equ	4011	;# 
   414   000FAC                     TXSTA           equ	4012	;# 
   415   000FAC                     TXSTA1          equ	4012	;# 
   416   000FAD                     TXREG           equ	4013	;# 
   417   000FAD                     TXREG1          equ	4013	;# 
   418   000FAE                     RCREG           equ	4014	;# 
   419   000FAE                     RCREG1          equ	4014	;# 
   420   000FAF                     SPBRG           equ	4015	;# 
   421   000FAF                     SPBRG1          equ	4015	;# 
   422   000FB0                     SPBRGH          equ	4016	;# 
   423   000FB1                     T3CON           equ	4017	;# 
   424   000FB2                     TMR3            equ	4018	;# 
   425   000FB2                     TMR3L           equ	4018	;# 
   426   000FB3                     TMR3H           equ	4019	;# 
   427   000FB4                     CMCON           equ	4020	;# 
   428   000FB5                     CVRCON          equ	4021	;# 
   429   000FB6                     ECCP1AS         equ	4022	;# 
   430   000FB7                     ECCP1DEL        equ	4023	;# 
   431   000FB8                     BAUDCON         equ	4024	;# 
   432   000FB8                     BAUDCTL         equ	4024	;# 
   433   000FBA                     ECCP1CON        equ	4026	;# 
   434   000FBB                     ECCPR1          equ	4027	;# 
   435   000FBB                     ECCPR1L         equ	4027	;# 
   436   000FBC                     ECCPR1H         equ	4028	;# 
   437   000FBD                     CCP1CON         equ	4029	;# 
   438   000FBE                     CCPR1           equ	4030	;# 
   439   000FBE                     CCPR1L          equ	4030	;# 
   440   000FBF                     CCPR1H          equ	4031	;# 
   441   000FC0                     ADCON2          equ	4032	;# 
   442   000FC1                     ADCON1          equ	4033	;# 
   443   000FC2                     ADCON0          equ	4034	;# 
   444   000FC3                     ADRES           equ	4035	;# 
   445   000FC3                     ADRESL          equ	4035	;# 
   446   000FC4                     ADRESH          equ	4036	;# 
   447   000FC5                     SSPCON2         equ	4037	;# 
   448   000FC6                     SSPCON1         equ	4038	;# 
   449   000FC7                     SSPSTAT         equ	4039	;# 
   450   000FC8                     SSPADD          equ	4040	;# 
   451   000FC9                     SSPBUF          equ	4041	;# 
   452   000FCA                     T2CON           equ	4042	;# 
   453   000FCB                     PR2             equ	4043	;# 
   454   000FCB                     MEMCON          equ	4043	;# 
   455   000FCC                     TMR2            equ	4044	;# 
   456   000FCD                     T1CON           equ	4045	;# 
   457   000FCE                     TMR1            equ	4046	;# 
   458   000FCE                     TMR1L           equ	4046	;# 
   459   000FCF                     TMR1H           equ	4047	;# 
   460   000FD0                     RCON            equ	4048	;# 
   461   000FD1                     WDTCON          equ	4049	;# 
   462   000FD2                     HLVDCON         equ	4050	;# 
   463   000FD2                     LVDCON          equ	4050	;# 
   464   000FD3                     OSCCON          equ	4051	;# 
   465   000FD5                     T0CON           equ	4053	;# 
   466   000FD6                     TMR0            equ	4054	;# 
   467   000FD6                     TMR0L           equ	4054	;# 
   468   000FD7                     TMR0H           equ	4055	;# 
   469   000FD8                     STATUS          equ	4056	;# 
   470   000FD9                     FSR2            equ	4057	;# 
   471   000FD9                     FSR2L           equ	4057	;# 
   472   000FDA                     FSR2H           equ	4058	;# 
   473   000FDB                     PLUSW2          equ	4059	;# 
   474   000FDC                     PREINC2         equ	4060	;# 
   475   000FDD                     POSTDEC2        equ	4061	;# 
   476   000FDE                     POSTINC2        equ	4062	;# 
   477   000FDF                     INDF2           equ	4063	;# 
   478   000FE0                     BSR             equ	4064	;# 
   479   000FE1                     FSR1            equ	4065	;# 
   480   000FE1                     FSR1L           equ	4065	;# 
   481   000FE2                     FSR1H           equ	4066	;# 
   482   000FE3                     PLUSW1          equ	4067	;# 
   483   000FE4                     PREINC1         equ	4068	;# 
   484   000FE5                     POSTDEC1        equ	4069	;# 
   485   000FE6                     POSTINC1        equ	4070	;# 
   486   000FE7                     INDF1           equ	4071	;# 
   487   000FE8                     WREG            equ	4072	;# 
   488   000FE9                     FSR0            equ	4073	;# 
   489   000FE9                     FSR0L           equ	4073	;# 
   490   000FEA                     FSR0H           equ	4074	;# 
   491   000FEB                     PLUSW0          equ	4075	;# 
   492   000FEC                     PREINC0         equ	4076	;# 
   493   000FED                     POSTDEC0        equ	4077	;# 
   494   000FEE                     POSTINC0        equ	4078	;# 
   495   000FEF                     INDF0           equ	4079	;# 
   496   000FF0                     INTCON3         equ	4080	;# 
   497   000FF1                     INTCON2         equ	4081	;# 
   498   000FF2                     INTCON          equ	4082	;# 
   499   000FF3                     PROD            equ	4083	;# 
   500   000FF3                     PRODL           equ	4083	;# 
   501   000FF4                     PRODH           equ	4084	;# 
   502   000FF5                     TABLAT          equ	4085	;# 
   503   000FF6                     TBLPTR          equ	4086	;# 
   504   000FF6                     TBLPTRL         equ	4086	;# 
   505   000FF7                     TBLPTRH         equ	4087	;# 
   506   000FF8                     TBLPTRU         equ	4088	;# 
   507   000FF9                     PCLAT           equ	4089	;# 
   508   000FF9                     PC              equ	4089	;# 
   509   000FF9                     PCL             equ	4089	;# 
   510   000FFA                     PCLATH          equ	4090	;# 
   511   000FFB                     PCLATU          equ	4091	;# 
   512   000FFC                     STKPTR          equ	4092	;# 
   513   000FFD                     TOS             equ	4093	;# 
   514   000FFD                     TOSL            equ	4093	;# 
   515   000FFE                     TOSH            equ	4094	;# 
   516   000FFF                     TOSU            equ	4095	;# 
   517   000D60                     RXF6SIDH        equ	3424	;# 
   518   000D61                     RXF6SIDL        equ	3425	;# 
   519   000D62                     RXF6EIDH        equ	3426	;# 
   520   000D63                     RXF6EIDL        equ	3427	;# 
   521   000D64                     RXF7SIDH        equ	3428	;# 
   522   000D65                     RXF7SIDL        equ	3429	;# 
   523   000D66                     RXF7EIDH        equ	3430	;# 
   524   000D67                     RXF7EIDL        equ	3431	;# 
   525   000D68                     RXF8SIDH        equ	3432	;# 
   526   000D69                     RXF8SIDL        equ	3433	;# 
   527   000D6A                     RXF8EIDH        equ	3434	;# 
   528   000D6B                     RXF8EIDL        equ	3435	;# 
   529   000D70                     RXF9SIDH        equ	3440	;# 
   530   000D71                     RXF9SIDL        equ	3441	;# 
   531   000D72                     RXF9EIDH        equ	3442	;# 
   532   000D73                     RXF9EIDL        equ	3443	;# 
   533   000D74                     RXF10SIDH       equ	3444	;# 
   534   000D75                     RXF10SIDL       equ	3445	;# 
   535   000D76                     RXF10EIDH       equ	3446	;# 
   536   000D77                     RXF10EIDL       equ	3447	;# 
   537   000D78                     RXF11SIDH       equ	3448	;# 
   538   000D79                     RXF11SIDL       equ	3449	;# 
   539   000D7A                     RXF11EIDH       equ	3450	;# 
   540   000D7B                     RXF11EIDL       equ	3451	;# 
   541   000D80                     RXF12SIDH       equ	3456	;# 
   542   000D81                     RXF12SIDL       equ	3457	;# 
   543   000D82                     RXF12EIDH       equ	3458	;# 
   544   000D83                     RXF12EIDL       equ	3459	;# 
   545   000D84                     RXF13SIDH       equ	3460	;# 
   546   000D85                     RXF13SIDL       equ	3461	;# 
   547   000D86                     RXF13EIDH       equ	3462	;# 
   548   000D87                     RXF13EIDL       equ	3463	;# 
   549   000D88                     RXF14SIDH       equ	3464	;# 
   550   000D89                     RXF14SIDL       equ	3465	;# 
   551   000D8A                     RXF14EIDH       equ	3466	;# 
   552   000D8B                     RXF14EIDL       equ	3467	;# 
   553   000D90                     RXF15SIDH       equ	3472	;# 
   554   000D91                     RXF15SIDL       equ	3473	;# 
   555   000D92                     RXF15EIDH       equ	3474	;# 
   556   000D93                     RXF15EIDL       equ	3475	;# 
   557   000DD4                     RXFCON0         equ	3540	;# 
   558   000DD5                     RXFCON1         equ	3541	;# 
   559   000DD8                     SDFLC           equ	3544	;# 
   560   000DE0                     RXFBCON0        equ	3552	;# 
   561   000DE1                     RXFBCON1        equ	3553	;# 
   562   000DE2                     RXFBCON2        equ	3554	;# 
   563   000DE3                     RXFBCON3        equ	3555	;# 
   564   000DE4                     RXFBCON4        equ	3556	;# 
   565   000DE5                     RXFBCON5        equ	3557	;# 
   566   000DE6                     RXFBCON6        equ	3558	;# 
   567   000DE7                     RXFBCON7        equ	3559	;# 
   568   000DF0                     MSEL0           equ	3568	;# 
   569   000DF1                     MSEL1           equ	3569	;# 
   570   000DF2                     MSEL2           equ	3570	;# 
   571   000DF3                     MSEL3           equ	3571	;# 
   572   000DF8                     BSEL0           equ	3576	;# 
   573   000DFA                     BIE0            equ	3578	;# 
   574   000DFC                     TXBIE           equ	3580	;# 
   575   000E20                     B0CON           equ	3616	;# 
   576   000E21                     B0SIDH          equ	3617	;# 
   577   000E22                     B0SIDL          equ	3618	;# 
   578   000E23                     B0EIDH          equ	3619	;# 
   579   000E24                     B0EIDL          equ	3620	;# 
   580   000E25                     B0DLC           equ	3621	;# 
   581   000E26                     B0D0            equ	3622	;# 
   582   000E27                     B0D1            equ	3623	;# 
   583   000E28                     B0D2            equ	3624	;# 
   584   000E29                     B0D3            equ	3625	;# 
   585   000E2A                     B0D4            equ	3626	;# 
   586   000E2B                     B0D5            equ	3627	;# 
   587   000E2C                     B0D6            equ	3628	;# 
   588   000E2D                     B0D7            equ	3629	;# 
   589   000E2E                     CANSTAT_RO9     equ	3630	;# 
   590   000E2F                     CANCON_RO9      equ	3631	;# 
   591   000E30                     B1CON           equ	3632	;# 
   592   000E31                     B1SIDH          equ	3633	;# 
   593   000E32                     B1SIDL          equ	3634	;# 
   594   000E33                     B1EIDH          equ	3635	;# 
   595   000E34                     B1EIDL          equ	3636	;# 
   596   000E35                     B1DLC           equ	3637	;# 
   597   000E36                     B1D0            equ	3638	;# 
   598   000E37                     B1D1            equ	3639	;# 
   599   000E38                     B1D2            equ	3640	;# 
   600   000E39                     B1D3            equ	3641	;# 
   601   000E3A                     B1D4            equ	3642	;# 
   602   000E3B                     B1D5            equ	3643	;# 
   603   000E3C                     B1D6            equ	3644	;# 
   604   000E3D                     B1D7            equ	3645	;# 
   605   000E3E                     CANSTAT_RO8     equ	3646	;# 
   606   000E3F                     CANCON_RO8      equ	3647	;# 
   607   000E40                     B2CON           equ	3648	;# 
   608   000E41                     B2SIDH          equ	3649	;# 
   609   000E42                     B2SIDL          equ	3650	;# 
   610   000E43                     B2EIDH          equ	3651	;# 
   611   000E44                     B2EIDL          equ	3652	;# 
   612   000E45                     B2DLC           equ	3653	;# 
   613   000E46                     B2D0            equ	3654	;# 
   614   000E47                     B2D1            equ	3655	;# 
   615   000E48                     B2D2            equ	3656	;# 
   616   000E49                     B2D3            equ	3657	;# 
   617   000E4A                     B2D4            equ	3658	;# 
   618   000E4B                     B2D5            equ	3659	;# 
   619   000E4C                     B2D6            equ	3660	;# 
   620   000E4D                     B2D7            equ	3661	;# 
   621   000E4E                     CANSTAT_RO7     equ	3662	;# 
   622   000E4F                     CANCON_RO7      equ	3663	;# 
   623   000E50                     B3CON           equ	3664	;# 
   624   000E51                     B3SIDH          equ	3665	;# 
   625   000E52                     B3SIDL          equ	3666	;# 
   626   000E53                     B3EIDH          equ	3667	;# 
   627   000E54                     B3EIDL          equ	3668	;# 
   628   000E55                     B3DLC           equ	3669	;# 
   629   000E56                     B3D0            equ	3670	;# 
   630   000E57                     B3D1            equ	3671	;# 
   631   000E58                     B3D2            equ	3672	;# 
   632   000E59                     B3D3            equ	3673	;# 
   633   000E5A                     B3D4            equ	3674	;# 
   634   000E5B                     B3D5            equ	3675	;# 
   635   000E5C                     B3D6            equ	3676	;# 
   636   000E5D                     B3D7            equ	3677	;# 
   637   000E5E                     CANSTAT_RO6     equ	3678	;# 
   638   000E5F                     CANCON_RO6      equ	3679	;# 
   639   000E60                     B4CON           equ	3680	;# 
   640   000E61                     B4SIDH          equ	3681	;# 
   641   000E62                     B4SIDL          equ	3682	;# 
   642   000E63                     B4EIDH          equ	3683	;# 
   643   000E64                     B4EIDL          equ	3684	;# 
   644   000E65                     B4DLC           equ	3685	;# 
   645   000E66                     B4D0            equ	3686	;# 
   646   000E67                     B4D1            equ	3687	;# 
   647   000E68                     B4D2            equ	3688	;# 
   648   000E69                     B4D3            equ	3689	;# 
   649   000E6A                     B4D4            equ	3690	;# 
   650   000E6B                     B4D5            equ	3691	;# 
   651   000E6C                     B4D6            equ	3692	;# 
   652   000E6D                     B4D7            equ	3693	;# 
   653   000E6E                     CANSTAT_RO5     equ	3694	;# 
   654   000E6F                     CANCON_RO5      equ	3695	;# 
   655   000E70                     B5CON           equ	3696	;# 
   656   000E71                     B5SIDH          equ	3697	;# 
   657   000E72                     B5SIDL          equ	3698	;# 
   658   000E73                     B5EIDH          equ	3699	;# 
   659   000E74                     B5EIDL          equ	3700	;# 
   660   000E75                     B5DLC           equ	3701	;# 
   661   000E76                     B5D0            equ	3702	;# 
   662   000E77                     B5D1            equ	3703	;# 
   663   000E78                     B5D2            equ	3704	;# 
   664   000E79                     B5D3            equ	3705	;# 
   665   000E7A                     B5D4            equ	3706	;# 
   666   000E7B                     B5D5            equ	3707	;# 
   667   000E7C                     B5D6            equ	3708	;# 
   668   000E7D                     B5D7            equ	3709	;# 
   669   000E7E                     CANSTAT_RO4     equ	3710	;# 
   670   000E7F                     CANCON_RO4      equ	3711	;# 
   671   000F00                     RXF0SIDH        equ	3840	;# 
   672   000F01                     RXF0SIDL        equ	3841	;# 
   673   000F02                     RXF0EIDH        equ	3842	;# 
   674   000F03                     RXF0EIDL        equ	3843	;# 
   675   000F04                     RXF1SIDH        equ	3844	;# 
   676   000F05                     RXF1SIDL        equ	3845	;# 
   677   000F06                     RXF1EIDH        equ	3846	;# 
   678   000F07                     RXF1EIDL        equ	3847	;# 
   679   000F08                     RXF2SIDH        equ	3848	;# 
   680   000F09                     RXF2SIDL        equ	3849	;# 
   681   000F0A                     RXF2EIDH        equ	3850	;# 
   682   000F0B                     RXF2EIDL        equ	3851	;# 
   683   000F0C                     RXF3SIDH        equ	3852	;# 
   684   000F0D                     RXF3SIDL        equ	3853	;# 
   685   000F0E                     RXF3EIDH        equ	3854	;# 
   686   000F0F                     RXF3EIDL        equ	3855	;# 
   687   000F10                     RXF4SIDH        equ	3856	;# 
   688   000F11                     RXF4SIDL        equ	3857	;# 
   689   000F12                     RXF4EIDH        equ	3858	;# 
   690   000F13                     RXF4EIDL        equ	3859	;# 
   691   000F14                     RXF5SIDH        equ	3860	;# 
   692   000F15                     RXF5SIDL        equ	3861	;# 
   693   000F16                     RXF5EIDH        equ	3862	;# 
   694   000F17                     RXF5EIDL        equ	3863	;# 
   695   000F18                     RXM0SIDH        equ	3864	;# 
   696   000F19                     RXM0SIDL        equ	3865	;# 
   697   000F1A                     RXM0EIDH        equ	3866	;# 
   698   000F1B                     RXM0EIDL        equ	3867	;# 
   699   000F1C                     RXM1SIDH        equ	3868	;# 
   700   000F1D                     RXM1SIDL        equ	3869	;# 
   701   000F1E                     RXM1EIDH        equ	3870	;# 
   702   000F1F                     RXM1EIDL        equ	3871	;# 
   703   000F20                     TXB2CON         equ	3872	;# 
   704   000F21                     TXB2SIDH        equ	3873	;# 
   705   000F22                     TXB2SIDL        equ	3874	;# 
   706   000F23                     TXB2EIDH        equ	3875	;# 
   707   000F24                     TXB2EIDL        equ	3876	;# 
   708   000F25                     TXB2DLC         equ	3877	;# 
   709   000F26                     TXB2D0          equ	3878	;# 
   710   000F27                     TXB2D1          equ	3879	;# 
   711   000F28                     TXB2D2          equ	3880	;# 
   712   000F29                     TXB2D3          equ	3881	;# 
   713   000F2A                     TXB2D4          equ	3882	;# 
   714   000F2B                     TXB2D5          equ	3883	;# 
   715   000F2C                     TXB2D6          equ	3884	;# 
   716   000F2D                     TXB2D7          equ	3885	;# 
   717   000F2E                     CANSTAT_RO3     equ	3886	;# 
   718   000F2F                     CANCON_RO3      equ	3887	;# 
   719   000F30                     TXB1CON         equ	3888	;# 
   720   000F31                     TXB1SIDH        equ	3889	;# 
   721   000F32                     TXB1SIDL        equ	3890	;# 
   722   000F33                     TXB1EIDH        equ	3891	;# 
   723   000F34                     TXB1EIDL        equ	3892	;# 
   724   000F35                     TXB1DLC         equ	3893	;# 
   725   000F36                     TXB1D0          equ	3894	;# 
   726   000F37                     TXB1D1          equ	3895	;# 
   727   000F38                     TXB1D2          equ	3896	;# 
   728   000F39                     TXB1D3          equ	3897	;# 
   729   000F3A                     TXB1D4          equ	3898	;# 
   730   000F3B                     TXB1D5          equ	3899	;# 
   731   000F3C                     TXB1D6          equ	3900	;# 
   732   000F3D                     TXB1D7          equ	3901	;# 
   733   000F3E                     CANSTAT_RO2     equ	3902	;# 
   734   000F3F                     CANCON_RO2      equ	3903	;# 
   735   000F40                     TXB0CON         equ	3904	;# 
   736   000F41                     TXB0SIDH        equ	3905	;# 
   737   000F42                     TXB0SIDL        equ	3906	;# 
   738   000F43                     TXB0EIDH        equ	3907	;# 
   739   000F44                     TXB0EIDL        equ	3908	;# 
   740   000F45                     TXB0DLC         equ	3909	;# 
   741   000F46                     TXB0D0          equ	3910	;# 
   742   000F47                     TXB0D1          equ	3911	;# 
   743   000F48                     TXB0D2          equ	3912	;# 
   744   000F49                     TXB0D3          equ	3913	;# 
   745   000F4A                     TXB0D4          equ	3914	;# 
   746   000F4B                     TXB0D5          equ	3915	;# 
   747   000F4C                     TXB0D6          equ	3916	;# 
   748   000F4D                     TXB0D7          equ	3917	;# 
   749   000F4E                     CANSTAT_RO1     equ	3918	;# 
   750   000F4F                     CANCON_RO1      equ	3919	;# 
   751   000F50                     RXB1CON         equ	3920	;# 
   752   000F51                     RXB1SIDH        equ	3921	;# 
   753   000F52                     RXB1SIDL        equ	3922	;# 
   754   000F53                     RXB1EIDH        equ	3923	;# 
   755   000F54                     RXB1EIDL        equ	3924	;# 
   756   000F55                     RXB1DLC         equ	3925	;# 
   757   000F56                     RXB1D0          equ	3926	;# 
   758   000F57                     RXB1D1          equ	3927	;# 
   759   000F58                     RXB1D2          equ	3928	;# 
   760   000F59                     RXB1D3          equ	3929	;# 
   761   000F5A                     RXB1D4          equ	3930	;# 
   762   000F5B                     RXB1D5          equ	3931	;# 
   763   000F5C                     RXB1D6          equ	3932	;# 
   764   000F5D                     RXB1D7          equ	3933	;# 
   765   000F5E                     CANSTAT_RO0     equ	3934	;# 
   766   000F5F                     CANCON_RO0      equ	3935	;# 
   767   000F60                     RXB0CON         equ	3936	;# 
   768   000F61                     RXB0SIDH        equ	3937	;# 
   769   000F62                     RXB0SIDL        equ	3938	;# 
   770   000F63                     RXB0EIDH        equ	3939	;# 
   771   000F64                     RXB0EIDL        equ	3940	;# 
   772   000F65                     RXB0DLC         equ	3941	;# 
   773   000F66                     RXB0D0          equ	3942	;# 
   774   000F67                     RXB0D1          equ	3943	;# 
   775   000F68                     RXB0D2          equ	3944	;# 
   776   000F69                     RXB0D3          equ	3945	;# 
   777   000F6A                     RXB0D4          equ	3946	;# 
   778   000F6B                     RXB0D5          equ	3947	;# 
   779   000F6C                     RXB0D6          equ	3948	;# 
   780   000F6D                     RXB0D7          equ	3949	;# 
   781   000F6E                     CANSTAT         equ	3950	;# 
   782   000F6F                     CANCON          equ	3951	;# 
   783   000F70                     BRGCON1         equ	3952	;# 
   784   000F71                     BRGCON2         equ	3953	;# 
   785   000F72                     BRGCON3         equ	3954	;# 
   786   000F73                     CIOCON          equ	3955	;# 
   787   000F74                     COMSTAT         equ	3956	;# 
   788   000F75                     RXERRCNT        equ	3957	;# 
   789   000F76                     TXERRCNT        equ	3958	;# 
   790   000F77                     ECANCON         equ	3959	;# 
   791   000F80                     PORTA           equ	3968	;# 
   792   000F81                     PORTB           equ	3969	;# 
   793   000F82                     PORTC           equ	3970	;# 
   794   000F83                     PORTD           equ	3971	;# 
   795   000F84                     PORTE           equ	3972	;# 
   796   000F89                     LATA            equ	3977	;# 
   797   000F8A                     LATB            equ	3978	;# 
   798   000F8B                     LATC            equ	3979	;# 
   799   000F8C                     LATD            equ	3980	;# 
   800   000F8D                     LATE            equ	3981	;# 
   801   000F92                     TRISA           equ	3986	;# 
   802   000F92                     DDRA            equ	3986	;# 
   803   000F93                     TRISB           equ	3987	;# 
   804   000F93                     DDRB            equ	3987	;# 
   805   000F94                     TRISC           equ	3988	;# 
   806   000F94                     DDRC            equ	3988	;# 
   807   000F95                     TRISD           equ	3989	;# 
   808   000F95                     DDRD            equ	3989	;# 
   809   000F96                     TRISE           equ	3990	;# 
   810   000F96                     DDRE            equ	3990	;# 
   811   000F9B                     OSCTUNE         equ	3995	;# 
   812   000F9D                     PIE1            equ	3997	;# 
   813   000F9E                     PIR1            equ	3998	;# 
   814   000F9F                     IPR1            equ	3999	;# 
   815   000FA0                     PIE2            equ	4000	;# 
   816   000FA1                     PIR2            equ	4001	;# 
   817   000FA2                     IPR2            equ	4002	;# 
   818   000FA3                     PIE3            equ	4003	;# 
   819   000FA4                     PIR3            equ	4004	;# 
   820   000FA5                     IPR3            equ	4005	;# 
   821   000FA6                     EECON1          equ	4006	;# 
   822   000FA7                     EECON2          equ	4007	;# 
   823   000FA8                     EEDATA          equ	4008	;# 
   824   000FA9                     EEADR           equ	4009	;# 
   825   000FAB                     RCSTA           equ	4011	;# 
   826   000FAB                     RCSTA1          equ	4011	;# 
   827   000FAC                     TXSTA           equ	4012	;# 
   828   000FAC                     TXSTA1          equ	4012	;# 
   829   000FAD                     TXREG           equ	4013	;# 
   830   000FAD                     TXREG1          equ	4013	;# 
   831   000FAE                     RCREG           equ	4014	;# 
   832   000FAE                     RCREG1          equ	4014	;# 
   833   000FAF                     SPBRG           equ	4015	;# 
   834   000FAF                     SPBRG1          equ	4015	;# 
   835   000FB0                     SPBRGH          equ	4016	;# 
   836   000FB1                     T3CON           equ	4017	;# 
   837   000FB2                     TMR3            equ	4018	;# 
   838   000FB2                     TMR3L           equ	4018	;# 
   839   000FB3                     TMR3H           equ	4019	;# 
   840   000FB4                     CMCON           equ	4020	;# 
   841   000FB5                     CVRCON          equ	4021	;# 
   842   000FB6                     ECCP1AS         equ	4022	;# 
   843   000FB7                     ECCP1DEL        equ	4023	;# 
   844   000FB8                     BAUDCON         equ	4024	;# 
   845   000FB8                     BAUDCTL         equ	4024	;# 
   846   000FBA                     ECCP1CON        equ	4026	;# 
   847   000FBB                     ECCPR1          equ	4027	;# 
   848   000FBB                     ECCPR1L         equ	4027	;# 
   849   000FBC                     ECCPR1H         equ	4028	;# 
   850   000FBD                     CCP1CON         equ	4029	;# 
   851   000FBE                     CCPR1           equ	4030	;# 
   852   000FBE                     CCPR1L          equ	4030	;# 
   853   000FBF                     CCPR1H          equ	4031	;# 
   854   000FC0                     ADCON2          equ	4032	;# 
   855   000FC1                     ADCON1          equ	4033	;# 
   856   000FC2                     ADCON0          equ	4034	;# 
   857   000FC3                     ADRES           equ	4035	;# 
   858   000FC3                     ADRESL          equ	4035	;# 
   859   000FC4                     ADRESH          equ	4036	;# 
   860   000FC5                     SSPCON2         equ	4037	;# 
   861   000FC6                     SSPCON1         equ	4038	;# 
   862   000FC7                     SSPSTAT         equ	4039	;# 
   863   000FC8                     SSPADD          equ	4040	;# 
   864   000FC9                     SSPBUF          equ	4041	;# 
   865   000FCA                     T2CON           equ	4042	;# 
   866   000FCB                     PR2             equ	4043	;# 
   867   000FCB                     MEMCON          equ	4043	;# 
   868   000FCC                     TMR2            equ	4044	;# 
   869   000FCD                     T1CON           equ	4045	;# 
   870   000FCE                     TMR1            equ	4046	;# 
   871   000FCE                     TMR1L           equ	4046	;# 
   872   000FCF                     TMR1H           equ	4047	;# 
   873   000FD0                     RCON            equ	4048	;# 
   874   000FD1                     WDTCON          equ	4049	;# 
   875   000FD2                     HLVDCON         equ	4050	;# 
   876   000FD2                     LVDCON          equ	4050	;# 
   877   000FD3                     OSCCON          equ	4051	;# 
   878   000FD5                     T0CON           equ	4053	;# 
   879   000FD6                     TMR0            equ	4054	;# 
   880   000FD6                     TMR0L           equ	4054	;# 
   881   000FD7                     TMR0H           equ	4055	;# 
   882   000FD8                     STATUS          equ	4056	;# 
   883   000FD9                     FSR2            equ	4057	;# 
   884   000FD9                     FSR2L           equ	4057	;# 
   885   000FDA                     FSR2H           equ	4058	;# 
   886   000FDB                     PLUSW2          equ	4059	;# 
   887   000FDC                     PREINC2         equ	4060	;# 
   888   000FDD                     POSTDEC2        equ	4061	;# 
   889   000FDE                     POSTINC2        equ	4062	;# 
   890   000FDF                     INDF2           equ	4063	;# 
   891   000FE0                     BSR             equ	4064	;# 
   892   000FE1                     FSR1            equ	4065	;# 
   893   000FE1                     FSR1L           equ	4065	;# 
   894   000FE2                     FSR1H           equ	4066	;# 
   895   000FE3                     PLUSW1          equ	4067	;# 
   896   000FE4                     PREINC1         equ	4068	;# 
   897   000FE5                     POSTDEC1        equ	4069	;# 
   898   000FE6                     POSTINC1        equ	4070	;# 
   899   000FE7                     INDF1           equ	4071	;# 
   900   000FE8                     WREG            equ	4072	;# 
   901   000FE9                     FSR0            equ	4073	;# 
   902   000FE9                     FSR0L           equ	4073	;# 
   903   000FEA                     FSR0H           equ	4074	;# 
   904   000FEB                     PLUSW0          equ	4075	;# 
   905   000FEC                     PREINC0         equ	4076	;# 
   906   000FED                     POSTDEC0        equ	4077	;# 
   907   000FEE                     POSTINC0        equ	4078	;# 
   908   000FEF                     INDF0           equ	4079	;# 
   909   000FF0                     INTCON3         equ	4080	;# 
   910   000FF1                     INTCON2         equ	4081	;# 
   911   000FF2                     INTCON          equ	4082	;# 
   912   000FF3                     PROD            equ	4083	;# 
   913   000FF3                     PRODL           equ	4083	;# 
   914   000FF4                     PRODH           equ	4084	;# 
   915   000FF5                     TABLAT          equ	4085	;# 
   916   000FF6                     TBLPTR          equ	4086	;# 
   917   000FF6                     TBLPTRL         equ	4086	;# 
   918   000FF7                     TBLPTRH         equ	4087	;# 
   919   000FF8                     TBLPTRU         equ	4088	;# 
   920   000FF9                     PCLAT           equ	4089	;# 
   921   000FF9                     PC              equ	4089	;# 
   922   000FF9                     PCL             equ	4089	;# 
   923   000FFA                     PCLATH          equ	4090	;# 
   924   000FFB                     PCLATU          equ	4091	;# 
   925   000FFC                     STKPTR          equ	4092	;# 
   926   000FFD                     TOS             equ	4093	;# 
   927   000FFD                     TOSL            equ	4093	;# 
   928   000FFE                     TOSH            equ	4094	;# 
   929   000FFF                     TOSU            equ	4095	;# 
   930   000D60                     RXF6SIDH        equ	3424	;# 
   931   000D61                     RXF6SIDL        equ	3425	;# 
   932   000D62                     RXF6EIDH        equ	3426	;# 
   933   000D63                     RXF6EIDL        equ	3427	;# 
   934   000D64                     RXF7SIDH        equ	3428	;# 
   935   000D65                     RXF7SIDL        equ	3429	;# 
   936   000D66                     RXF7EIDH        equ	3430	;# 
   937   000D67                     RXF7EIDL        equ	3431	;# 
   938   000D68                     RXF8SIDH        equ	3432	;# 
   939   000D69                     RXF8SIDL        equ	3433	;# 
   940   000D6A                     RXF8EIDH        equ	3434	;# 
   941   000D6B                     RXF8EIDL        equ	3435	;# 
   942   000D70                     RXF9SIDH        equ	3440	;# 
   943   000D71                     RXF9SIDL        equ	3441	;# 
   944   000D72                     RXF9EIDH        equ	3442	;# 
   945   000D73                     RXF9EIDL        equ	3443	;# 
   946   000D74                     RXF10SIDH       equ	3444	;# 
   947   000D75                     RXF10SIDL       equ	3445	;# 
   948   000D76                     RXF10EIDH       equ	3446	;# 
   949   000D77                     RXF10EIDL       equ	3447	;# 
   950   000D78                     RXF11SIDH       equ	3448	;# 
   951   000D79                     RXF11SIDL       equ	3449	;# 
   952   000D7A                     RXF11EIDH       equ	3450	;# 
   953   000D7B                     RXF11EIDL       equ	3451	;# 
   954   000D80                     RXF12SIDH       equ	3456	;# 
   955   000D81                     RXF12SIDL       equ	3457	;# 
   956   000D82                     RXF12EIDH       equ	3458	;# 
   957   000D83                     RXF12EIDL       equ	3459	;# 
   958   000D84                     RXF13SIDH       equ	3460	;# 
   959   000D85                     RXF13SIDL       equ	3461	;# 
   960   000D86                     RXF13EIDH       equ	3462	;# 
   961   000D87                     RXF13EIDL       equ	3463	;# 
   962   000D88                     RXF14SIDH       equ	3464	;# 
   963   000D89                     RXF14SIDL       equ	3465	;# 
   964   000D8A                     RXF14EIDH       equ	3466	;# 
   965   000D8B                     RXF14EIDL       equ	3467	;# 
   966   000D90                     RXF15SIDH       equ	3472	;# 
   967   000D91                     RXF15SIDL       equ	3473	;# 
   968   000D92                     RXF15EIDH       equ	3474	;# 
   969   000D93                     RXF15EIDL       equ	3475	;# 
   970   000DD4                     RXFCON0         equ	3540	;# 
   971   000DD5                     RXFCON1         equ	3541	;# 
   972   000DD8                     SDFLC           equ	3544	;# 
   973   000DE0                     RXFBCON0        equ	3552	;# 
   974   000DE1                     RXFBCON1        equ	3553	;# 
   975   000DE2                     RXFBCON2        equ	3554	;# 
   976   000DE3                     RXFBCON3        equ	3555	;# 
   977   000DE4                     RXFBCON4        equ	3556	;# 
   978   000DE5                     RXFBCON5        equ	3557	;# 
   979   000DE6                     RXFBCON6        equ	3558	;# 
   980   000DE7                     RXFBCON7        equ	3559	;# 
   981   000DF0                     MSEL0           equ	3568	;# 
   982   000DF1                     MSEL1           equ	3569	;# 
   983   000DF2                     MSEL2           equ	3570	;# 
   984   000DF3                     MSEL3           equ	3571	;# 
   985   000DF8                     BSEL0           equ	3576	;# 
   986   000DFA                     BIE0            equ	3578	;# 
   987   000DFC                     TXBIE           equ	3580	;# 
   988   000E20                     B0CON           equ	3616	;# 
   989   000E21                     B0SIDH          equ	3617	;# 
   990   000E22                     B0SIDL          equ	3618	;# 
   991   000E23                     B0EIDH          equ	3619	;# 
   992   000E24                     B0EIDL          equ	3620	;# 
   993   000E25                     B0DLC           equ	3621	;# 
   994   000E26                     B0D0            equ	3622	;# 
   995   000E27                     B0D1            equ	3623	;# 
   996   000E28                     B0D2            equ	3624	;# 
   997   000E29                     B0D3            equ	3625	;# 
   998   000E2A                     B0D4            equ	3626	;# 
   999   000E2B                     B0D5            equ	3627	;# 
  1000   000E2C                     B0D6            equ	3628	;# 
  1001   000E2D                     B0D7            equ	3629	;# 
  1002   000E2E                     CANSTAT_RO9     equ	3630	;# 
  1003   000E2F                     CANCON_RO9      equ	3631	;# 
  1004   000E30                     B1CON           equ	3632	;# 
  1005   000E31                     B1SIDH          equ	3633	;# 
  1006   000E32                     B1SIDL          equ	3634	;# 
  1007   000E33                     B1EIDH          equ	3635	;# 
  1008   000E34                     B1EIDL          equ	3636	;# 
  1009   000E35                     B1DLC           equ	3637	;# 
  1010   000E36                     B1D0            equ	3638	;# 
  1011   000E37                     B1D1            equ	3639	;# 
  1012   000E38                     B1D2            equ	3640	;# 
  1013   000E39                     B1D3            equ	3641	;# 
  1014   000E3A                     B1D4            equ	3642	;# 
  1015   000E3B                     B1D5            equ	3643	;# 
  1016   000E3C                     B1D6            equ	3644	;# 
  1017   000E3D                     B1D7            equ	3645	;# 
  1018   000E3E                     CANSTAT_RO8     equ	3646	;# 
  1019   000E3F                     CANCON_RO8      equ	3647	;# 
  1020   000E40                     B2CON           equ	3648	;# 
  1021   000E41                     B2SIDH          equ	3649	;# 
  1022   000E42                     B2SIDL          equ	3650	;# 
  1023   000E43                     B2EIDH          equ	3651	;# 
  1024   000E44                     B2EIDL          equ	3652	;# 
  1025   000E45                     B2DLC           equ	3653	;# 
  1026   000E46                     B2D0            equ	3654	;# 
  1027   000E47                     B2D1            equ	3655	;# 
  1028   000E48                     B2D2            equ	3656	;# 
  1029   000E49                     B2D3            equ	3657	;# 
  1030   000E4A                     B2D4            equ	3658	;# 
  1031   000E4B                     B2D5            equ	3659	;# 
  1032   000E4C                     B2D6            equ	3660	;# 
  1033   000E4D                     B2D7            equ	3661	;# 
  1034   000E4E                     CANSTAT_RO7     equ	3662	;# 
  1035   000E4F                     CANCON_RO7      equ	3663	;# 
  1036   000E50                     B3CON           equ	3664	;# 
  1037   000E51                     B3SIDH          equ	3665	;# 
  1038   000E52                     B3SIDL          equ	3666	;# 
  1039   000E53                     B3EIDH          equ	3667	;# 
  1040   000E54                     B3EIDL          equ	3668	;# 
  1041   000E55                     B3DLC           equ	3669	;# 
  1042   000E56                     B3D0            equ	3670	;# 
  1043   000E57                     B3D1            equ	3671	;# 
  1044   000E58                     B3D2            equ	3672	;# 
  1045   000E59                     B3D3            equ	3673	;# 
  1046   000E5A                     B3D4            equ	3674	;# 
  1047   000E5B                     B3D5            equ	3675	;# 
  1048   000E5C                     B3D6            equ	3676	;# 
  1049   000E5D                     B3D7            equ	3677	;# 
  1050   000E5E                     CANSTAT_RO6     equ	3678	;# 
  1051   000E5F                     CANCON_RO6      equ	3679	;# 
  1052   000E60                     B4CON           equ	3680	;# 
  1053   000E61                     B4SIDH          equ	3681	;# 
  1054   000E62                     B4SIDL          equ	3682	;# 
  1055   000E63                     B4EIDH          equ	3683	;# 
  1056   000E64                     B4EIDL          equ	3684	;# 
  1057   000E65                     B4DLC           equ	3685	;# 
  1058   000E66                     B4D0            equ	3686	;# 
  1059   000E67                     B4D1            equ	3687	;# 
  1060   000E68                     B4D2            equ	3688	;# 
  1061   000E69                     B4D3            equ	3689	;# 
  1062   000E6A                     B4D4            equ	3690	;# 
  1063   000E6B                     B4D5            equ	3691	;# 
  1064   000E6C                     B4D6            equ	3692	;# 
  1065   000E6D                     B4D7            equ	3693	;# 
  1066   000E6E                     CANSTAT_RO5     equ	3694	;# 
  1067   000E6F                     CANCON_RO5      equ	3695	;# 
  1068   000E70                     B5CON           equ	3696	;# 
  1069   000E71                     B5SIDH          equ	3697	;# 
  1070   000E72                     B5SIDL          equ	3698	;# 
  1071   000E73                     B5EIDH          equ	3699	;# 
  1072   000E74                     B5EIDL          equ	3700	;# 
  1073   000E75                     B5DLC           equ	3701	;# 
  1074   000E76                     B5D0            equ	3702	;# 
  1075   000E77                     B5D1            equ	3703	;# 
  1076   000E78                     B5D2            equ	3704	;# 
  1077   000E79                     B5D3            equ	3705	;# 
  1078   000E7A                     B5D4            equ	3706	;# 
  1079   000E7B                     B5D5            equ	3707	;# 
  1080   000E7C                     B5D6            equ	3708	;# 
  1081   000E7D                     B5D7            equ	3709	;# 
  1082   000E7E                     CANSTAT_RO4     equ	3710	;# 
  1083   000E7F                     CANCON_RO4      equ	3711	;# 
  1084   000F00                     RXF0SIDH        equ	3840	;# 
  1085   000F01                     RXF0SIDL        equ	3841	;# 
  1086   000F02                     RXF0EIDH        equ	3842	;# 
  1087   000F03                     RXF0EIDL        equ	3843	;# 
  1088   000F04                     RXF1SIDH        equ	3844	;# 
  1089   000F05                     RXF1SIDL        equ	3845	;# 
  1090   000F06                     RXF1EIDH        equ	3846	;# 
  1091   000F07                     RXF1EIDL        equ	3847	;# 
  1092   000F08                     RXF2SIDH        equ	3848	;# 
  1093   000F09                     RXF2SIDL        equ	3849	;# 
  1094   000F0A                     RXF2EIDH        equ	3850	;# 
  1095   000F0B                     RXF2EIDL        equ	3851	;# 
  1096   000F0C                     RXF3SIDH        equ	3852	;# 
  1097   000F0D                     RXF3SIDL        equ	3853	;# 
  1098   000F0E                     RXF3EIDH        equ	3854	;# 
  1099   000F0F                     RXF3EIDL        equ	3855	;# 
  1100   000F10                     RXF4SIDH        equ	3856	;# 
  1101   000F11                     RXF4SIDL        equ	3857	;# 
  1102   000F12                     RXF4EIDH        equ	3858	;# 
  1103   000F13                     RXF4EIDL        equ	3859	;# 
  1104   000F14                     RXF5SIDH        equ	3860	;# 
  1105   000F15                     RXF5SIDL        equ	3861	;# 
  1106   000F16                     RXF5EIDH        equ	3862	;# 
  1107   000F17                     RXF5EIDL        equ	3863	;# 
  1108   000F18                     RXM0SIDH        equ	3864	;# 
  1109   000F19                     RXM0SIDL        equ	3865	;# 
  1110   000F1A                     RXM0EIDH        equ	3866	;# 
  1111   000F1B                     RXM0EIDL        equ	3867	;# 
  1112   000F1C                     RXM1SIDH        equ	3868	;# 
  1113   000F1D                     RXM1SIDL        equ	3869	;# 
  1114   000F1E                     RXM1EIDH        equ	3870	;# 
  1115   000F1F                     RXM1EIDL        equ	3871	;# 
  1116   000F20                     TXB2CON         equ	3872	;# 
  1117   000F21                     TXB2SIDH        equ	3873	;# 
  1118   000F22                     TXB2SIDL        equ	3874	;# 
  1119   000F23                     TXB2EIDH        equ	3875	;# 
  1120   000F24                     TXB2EIDL        equ	3876	;# 
  1121   000F25                     TXB2DLC         equ	3877	;# 
  1122   000F26                     TXB2D0          equ	3878	;# 
  1123   000F27                     TXB2D1          equ	3879	;# 
  1124   000F28                     TXB2D2          equ	3880	;# 
  1125   000F29                     TXB2D3          equ	3881	;# 
  1126   000F2A                     TXB2D4          equ	3882	;# 
  1127   000F2B                     TXB2D5          equ	3883	;# 
  1128   000F2C                     TXB2D6          equ	3884	;# 
  1129   000F2D                     TXB2D7          equ	3885	;# 
  1130   000F2E                     CANSTAT_RO3     equ	3886	;# 
  1131   000F2F                     CANCON_RO3      equ	3887	;# 
  1132   000F30                     TXB1CON         equ	3888	;# 
  1133   000F31                     TXB1SIDH        equ	3889	;# 
  1134   000F32                     TXB1SIDL        equ	3890	;# 
  1135   000F33                     TXB1EIDH        equ	3891	;# 
  1136   000F34                     TXB1EIDL        equ	3892	;# 
  1137   000F35                     TXB1DLC         equ	3893	;# 
  1138   000F36                     TXB1D0          equ	3894	;# 
  1139   000F37                     TXB1D1          equ	3895	;# 
  1140   000F38                     TXB1D2          equ	3896	;# 
  1141   000F39                     TXB1D3          equ	3897	;# 
  1142   000F3A                     TXB1D4          equ	3898	;# 
  1143   000F3B                     TXB1D5          equ	3899	;# 
  1144   000F3C                     TXB1D6          equ	3900	;# 
  1145   000F3D                     TXB1D7          equ	3901	;# 
  1146   000F3E                     CANSTAT_RO2     equ	3902	;# 
  1147   000F3F                     CANCON_RO2      equ	3903	;# 
  1148   000F40                     TXB0CON         equ	3904	;# 
  1149   000F41                     TXB0SIDH        equ	3905	;# 
  1150   000F42                     TXB0SIDL        equ	3906	;# 
  1151   000F43                     TXB0EIDH        equ	3907	;# 
  1152   000F44                     TXB0EIDL        equ	3908	;# 
  1153   000F45                     TXB0DLC         equ	3909	;# 
  1154   000F46                     TXB0D0          equ	3910	;# 
  1155   000F47                     TXB0D1          equ	3911	;# 
  1156   000F48                     TXB0D2          equ	3912	;# 
  1157   000F49                     TXB0D3          equ	3913	;# 
  1158   000F4A                     TXB0D4          equ	3914	;# 
  1159   000F4B                     TXB0D5          equ	3915	;# 
  1160   000F4C                     TXB0D6          equ	3916	;# 
  1161   000F4D                     TXB0D7          equ	3917	;# 
  1162   000F4E                     CANSTAT_RO1     equ	3918	;# 
  1163   000F4F                     CANCON_RO1      equ	3919	;# 
  1164   000F50                     RXB1CON         equ	3920	;# 
  1165   000F51                     RXB1SIDH        equ	3921	;# 
  1166   000F52                     RXB1SIDL        equ	3922	;# 
  1167   000F53                     RXB1EIDH        equ	3923	;# 
  1168   000F54                     RXB1EIDL        equ	3924	;# 
  1169   000F55                     RXB1DLC         equ	3925	;# 
  1170   000F56                     RXB1D0          equ	3926	;# 
  1171   000F57                     RXB1D1          equ	3927	;# 
  1172   000F58                     RXB1D2          equ	3928	;# 
  1173   000F59                     RXB1D3          equ	3929	;# 
  1174   000F5A                     RXB1D4          equ	3930	;# 
  1175   000F5B                     RXB1D5          equ	3931	;# 
  1176   000F5C                     RXB1D6          equ	3932	;# 
  1177   000F5D                     RXB1D7          equ	3933	;# 
  1178   000F5E                     CANSTAT_RO0     equ	3934	;# 
  1179   000F5F                     CANCON_RO0      equ	3935	;# 
  1180   000F60                     RXB0CON         equ	3936	;# 
  1181   000F61                     RXB0SIDH        equ	3937	;# 
  1182   000F62                     RXB0SIDL        equ	3938	;# 
  1183   000F63                     RXB0EIDH        equ	3939	;# 
  1184   000F64                     RXB0EIDL        equ	3940	;# 
  1185   000F65                     RXB0DLC         equ	3941	;# 
  1186   000F66                     RXB0D0          equ	3942	;# 
  1187   000F67                     RXB0D1          equ	3943	;# 
  1188   000F68                     RXB0D2          equ	3944	;# 
  1189   000F69                     RXB0D3          equ	3945	;# 
  1190   000F6A                     RXB0D4          equ	3946	;# 
  1191   000F6B                     RXB0D5          equ	3947	;# 
  1192   000F6C                     RXB0D6          equ	3948	;# 
  1193   000F6D                     RXB0D7          equ	3949	;# 
  1194   000F6E                     CANSTAT         equ	3950	;# 
  1195   000F6F                     CANCON          equ	3951	;# 
  1196   000F70                     BRGCON1         equ	3952	;# 
  1197   000F71                     BRGCON2         equ	3953	;# 
  1198   000F72                     BRGCON3         equ	3954	;# 
  1199   000F73                     CIOCON          equ	3955	;# 
  1200   000F74                     COMSTAT         equ	3956	;# 
  1201   000F75                     RXERRCNT        equ	3957	;# 
  1202   000F76                     TXERRCNT        equ	3958	;# 
  1203   000F77                     ECANCON         equ	3959	;# 
  1204   000F80                     PORTA           equ	3968	;# 
  1205   000F81                     PORTB           equ	3969	;# 
  1206   000F82                     PORTC           equ	3970	;# 
  1207   000F83                     PORTD           equ	3971	;# 
  1208   000F84                     PORTE           equ	3972	;# 
  1209   000F89                     LATA            equ	3977	;# 
  1210   000F8A                     LATB            equ	3978	;# 
  1211   000F8B                     LATC            equ	3979	;# 
  1212   000F8C                     LATD            equ	3980	;# 
  1213   000F8D                     LATE            equ	3981	;# 
  1214   000F92                     TRISA           equ	3986	;# 
  1215   000F92                     DDRA            equ	3986	;# 
  1216   000F93                     TRISB           equ	3987	;# 
  1217   000F93                     DDRB            equ	3987	;# 
  1218   000F94                     TRISC           equ	3988	;# 
  1219   000F94                     DDRC            equ	3988	;# 
  1220   000F95                     TRISD           equ	3989	;# 
  1221   000F95                     DDRD            equ	3989	;# 
  1222   000F96                     TRISE           equ	3990	;# 
  1223   000F96                     DDRE            equ	3990	;# 
  1224   000F9B                     OSCTUNE         equ	3995	;# 
  1225   000F9D                     PIE1            equ	3997	;# 
  1226   000F9E                     PIR1            equ	3998	;# 
  1227   000F9F                     IPR1            equ	3999	;# 
  1228   000FA0                     PIE2            equ	4000	;# 
  1229   000FA1                     PIR2            equ	4001	;# 
  1230   000FA2                     IPR2            equ	4002	;# 
  1231   000FA3                     PIE3            equ	4003	;# 
  1232   000FA4                     PIR3            equ	4004	;# 
  1233   000FA5                     IPR3            equ	4005	;# 
  1234   000FA6                     EECON1          equ	4006	;# 
  1235   000FA7                     EECON2          equ	4007	;# 
  1236   000FA8                     EEDATA          equ	4008	;# 
  1237   000FA9                     EEADR           equ	4009	;# 
  1238   000FAB                     RCSTA           equ	4011	;# 
  1239   000FAB                     RCSTA1          equ	4011	;# 
  1240   000FAC                     TXSTA           equ	4012	;# 
  1241   000FAC                     TXSTA1          equ	4012	;# 
  1242   000FAD                     TXREG           equ	4013	;# 
  1243   000FAD                     TXREG1          equ	4013	;# 
  1244   000FAE                     RCREG           equ	4014	;# 
  1245   000FAE                     RCREG1          equ	4014	;# 
  1246   000FAF                     SPBRG           equ	4015	;# 
  1247   000FAF                     SPBRG1          equ	4015	;# 
  1248   000FB0                     SPBRGH          equ	4016	;# 
  1249   000FB1                     T3CON           equ	4017	;# 
  1250   000FB2                     TMR3            equ	4018	;# 
  1251   000FB2                     TMR3L           equ	4018	;# 
  1252   000FB3                     TMR3H           equ	4019	;# 
  1253   000FB4                     CMCON           equ	4020	;# 
  1254   000FB5                     CVRCON          equ	4021	;# 
  1255   000FB6                     ECCP1AS         equ	4022	;# 
  1256   000FB7                     ECCP1DEL        equ	4023	;# 
  1257   000FB8                     BAUDCON         equ	4024	;# 
  1258   000FB8                     BAUDCTL         equ	4024	;# 
  1259   000FBA                     ECCP1CON        equ	4026	;# 
  1260   000FBB                     ECCPR1          equ	4027	;# 
  1261   000FBB                     ECCPR1L         equ	4027	;# 
  1262   000FBC                     ECCPR1H         equ	4028	;# 
  1263   000FBD                     CCP1CON         equ	4029	;# 
  1264   000FBE                     CCPR1           equ	4030	;# 
  1265   000FBE                     CCPR1L          equ	4030	;# 
  1266   000FBF                     CCPR1H          equ	4031	;# 
  1267   000FC0                     ADCON2          equ	4032	;# 
  1268   000FC1                     ADCON1          equ	4033	;# 
  1269   000FC2                     ADCON0          equ	4034	;# 
  1270   000FC3                     ADRES           equ	4035	;# 
  1271   000FC3                     ADRESL          equ	4035	;# 
  1272   000FC4                     ADRESH          equ	4036	;# 
  1273   000FC5                     SSPCON2         equ	4037	;# 
  1274   000FC6                     SSPCON1         equ	4038	;# 
  1275   000FC7                     SSPSTAT         equ	4039	;# 
  1276   000FC8                     SSPADD          equ	4040	;# 
  1277   000FC9                     SSPBUF          equ	4041	;# 
  1278   000FCA                     T2CON           equ	4042	;# 
  1279   000FCB                     PR2             equ	4043	;# 
  1280   000FCB                     MEMCON          equ	4043	;# 
  1281   000FCC                     TMR2            equ	4044	;# 
  1282   000FCD                     T1CON           equ	4045	;# 
  1283   000FCE                     TMR1            equ	4046	;# 
  1284   000FCE                     TMR1L           equ	4046	;# 
  1285   000FCF                     TMR1H           equ	4047	;# 
  1286   000FD0                     RCON            equ	4048	;# 
  1287   000FD1                     WDTCON          equ	4049	;# 
  1288   000FD2                     HLVDCON         equ	4050	;# 
  1289   000FD2                     LVDCON          equ	4050	;# 
  1290   000FD3                     OSCCON          equ	4051	;# 
  1291   000FD5                     T0CON           equ	4053	;# 
  1292   000FD6                     TMR0            equ	4054	;# 
  1293   000FD6                     TMR0L           equ	4054	;# 
  1294   000FD7                     TMR0H           equ	4055	;# 
  1295   000FD8                     STATUS          equ	4056	;# 
  1296   000FD9                     FSR2            equ	4057	;# 
  1297   000FD9                     FSR2L           equ	4057	;# 
  1298   000FDA                     FSR2H           equ	4058	;# 
  1299   000FDB                     PLUSW2          equ	4059	;# 
  1300   000FDC                     PREINC2         equ	4060	;# 
  1301   000FDD                     POSTDEC2        equ	4061	;# 
  1302   000FDE                     POSTINC2        equ	4062	;# 
  1303   000FDF                     INDF2           equ	4063	;# 
  1304   000FE0                     BSR             equ	4064	;# 
  1305   000FE1                     FSR1            equ	4065	;# 
  1306   000FE1                     FSR1L           equ	4065	;# 
  1307   000FE2                     FSR1H           equ	4066	;# 
  1308   000FE3                     PLUSW1          equ	4067	;# 
  1309   000FE4                     PREINC1         equ	4068	;# 
  1310   000FE5                     POSTDEC1        equ	4069	;# 
  1311   000FE6                     POSTINC1        equ	4070	;# 
  1312   000FE7                     INDF1           equ	4071	;# 
  1313   000FE8                     WREG            equ	4072	;# 
  1314   000FE9                     FSR0            equ	4073	;# 
  1315   000FE9                     FSR0L           equ	4073	;# 
  1316   000FEA                     FSR0H           equ	4074	;# 
  1317   000FEB                     PLUSW0          equ	4075	;# 
  1318   000FEC                     PREINC0         equ	4076	;# 
  1319   000FED                     POSTDEC0        equ	4077	;# 
  1320   000FEE                     POSTINC0        equ	4078	;# 
  1321   000FEF                     INDF0           equ	4079	;# 
  1322   000FF0                     INTCON3         equ	4080	;# 
  1323   000FF1                     INTCON2         equ	4081	;# 
  1324   000FF2                     INTCON          equ	4082	;# 
  1325   000FF3                     PROD            equ	4083	;# 
  1326   000FF3                     PRODL           equ	4083	;# 
  1327   000FF4                     PRODH           equ	4084	;# 
  1328   000FF5                     TABLAT          equ	4085	;# 
  1329   000FF6                     TBLPTR          equ	4086	;# 
  1330   000FF6                     TBLPTRL         equ	4086	;# 
  1331   000FF7                     TBLPTRH         equ	4087	;# 
  1332   000FF8                     TBLPTRU         equ	4088	;# 
  1333   000FF9                     PCLAT           equ	4089	;# 
  1334   000FF9                     PC              equ	4089	;# 
  1335   000FF9                     PCL             equ	4089	;# 
  1336   000FFA                     PCLATH          equ	4090	;# 
  1337   000FFB                     PCLATU          equ	4091	;# 
  1338   000FFC                     STKPTR          equ	4092	;# 
  1339   000FFD                     TOS             equ	4093	;# 
  1340   000FFD                     TOSL            equ	4093	;# 
  1341   000FFE                     TOSH            equ	4094	;# 
  1342   000FFF                     TOSU            equ	4095	;# 
  1343   000D60                     RXF6SIDH        equ	3424	;# 
  1344   000D61                     RXF6SIDL        equ	3425	;# 
  1345   000D62                     RXF6EIDH        equ	3426	;# 
  1346   000D63                     RXF6EIDL        equ	3427	;# 
  1347   000D64                     RXF7SIDH        equ	3428	;# 
  1348   000D65                     RXF7SIDL        equ	3429	;# 
  1349   000D66                     RXF7EIDH        equ	3430	;# 
  1350   000D67                     RXF7EIDL        equ	3431	;# 
  1351   000D68                     RXF8SIDH        equ	3432	;# 
  1352   000D69                     RXF8SIDL        equ	3433	;# 
  1353   000D6A                     RXF8EIDH        equ	3434	;# 
  1354   000D6B                     RXF8EIDL        equ	3435	;# 
  1355   000D70                     RXF9SIDH        equ	3440	;# 
  1356   000D71                     RXF9SIDL        equ	3441	;# 
  1357   000D72                     RXF9EIDH        equ	3442	;# 
  1358   000D73                     RXF9EIDL        equ	3443	;# 
  1359   000D74                     RXF10SIDH       equ	3444	;# 
  1360   000D75                     RXF10SIDL       equ	3445	;# 
  1361   000D76                     RXF10EIDH       equ	3446	;# 
  1362   000D77                     RXF10EIDL       equ	3447	;# 
  1363   000D78                     RXF11SIDH       equ	3448	;# 
  1364   000D79                     RXF11SIDL       equ	3449	;# 
  1365   000D7A                     RXF11EIDH       equ	3450	;# 
  1366   000D7B                     RXF11EIDL       equ	3451	;# 
  1367   000D80                     RXF12SIDH       equ	3456	;# 
  1368   000D81                     RXF12SIDL       equ	3457	;# 
  1369   000D82                     RXF12EIDH       equ	3458	;# 
  1370   000D83                     RXF12EIDL       equ	3459	;# 
  1371   000D84                     RXF13SIDH       equ	3460	;# 
  1372   000D85                     RXF13SIDL       equ	3461	;# 
  1373   000D86                     RXF13EIDH       equ	3462	;# 
  1374   000D87                     RXF13EIDL       equ	3463	;# 
  1375   000D88                     RXF14SIDH       equ	3464	;# 
  1376   000D89                     RXF14SIDL       equ	3465	;# 
  1377   000D8A                     RXF14EIDH       equ	3466	;# 
  1378   000D8B                     RXF14EIDL       equ	3467	;# 
  1379   000D90                     RXF15SIDH       equ	3472	;# 
  1380   000D91                     RXF15SIDL       equ	3473	;# 
  1381   000D92                     RXF15EIDH       equ	3474	;# 
  1382   000D93                     RXF15EIDL       equ	3475	;# 
  1383   000DD4                     RXFCON0         equ	3540	;# 
  1384   000DD5                     RXFCON1         equ	3541	;# 
  1385   000DD8                     SDFLC           equ	3544	;# 
  1386   000DE0                     RXFBCON0        equ	3552	;# 
  1387   000DE1                     RXFBCON1        equ	3553	;# 
  1388   000DE2                     RXFBCON2        equ	3554	;# 
  1389   000DE3                     RXFBCON3        equ	3555	;# 
  1390   000DE4                     RXFBCON4        equ	3556	;# 
  1391   000DE5                     RXFBCON5        equ	3557	;# 
  1392   000DE6                     RXFBCON6        equ	3558	;# 
  1393   000DE7                     RXFBCON7        equ	3559	;# 
  1394   000DF0                     MSEL0           equ	3568	;# 
  1395   000DF1                     MSEL1           equ	3569	;# 
  1396   000DF2                     MSEL2           equ	3570	;# 
  1397   000DF3                     MSEL3           equ	3571	;# 
  1398   000DF8                     BSEL0           equ	3576	;# 
  1399   000DFA                     BIE0            equ	3578	;# 
  1400   000DFC                     TXBIE           equ	3580	;# 
  1401   000E20                     B0CON           equ	3616	;# 
  1402   000E21                     B0SIDH          equ	3617	;# 
  1403   000E22                     B0SIDL          equ	3618	;# 
  1404   000E23                     B0EIDH          equ	3619	;# 
  1405   000E24                     B0EIDL          equ	3620	;# 
  1406   000E25                     B0DLC           equ	3621	;# 
  1407   000E26                     B0D0            equ	3622	;# 
  1408   000E27                     B0D1            equ	3623	;# 
  1409   000E28                     B0D2            equ	3624	;# 
  1410   000E29                     B0D3            equ	3625	;# 
  1411   000E2A                     B0D4            equ	3626	;# 
  1412   000E2B                     B0D5            equ	3627	;# 
  1413   000E2C                     B0D6            equ	3628	;# 
  1414   000E2D                     B0D7            equ	3629	;# 
  1415   000E2E                     CANSTAT_RO9     equ	3630	;# 
  1416   000E2F                     CANCON_RO9      equ	3631	;# 
  1417   000E30                     B1CON           equ	3632	;# 
  1418   000E31                     B1SIDH          equ	3633	;# 
  1419   000E32                     B1SIDL          equ	3634	;# 
  1420   000E33                     B1EIDH          equ	3635	;# 
  1421   000E34                     B1EIDL          equ	3636	;# 
  1422   000E35                     B1DLC           equ	3637	;# 
  1423   000E36                     B1D0            equ	3638	;# 
  1424   000E37                     B1D1            equ	3639	;# 
  1425   000E38                     B1D2            equ	3640	;# 
  1426   000E39                     B1D3            equ	3641	;# 
  1427   000E3A                     B1D4            equ	3642	;# 
  1428   000E3B                     B1D5            equ	3643	;# 
  1429   000E3C                     B1D6            equ	3644	;# 
  1430   000E3D                     B1D7            equ	3645	;# 
  1431   000E3E                     CANSTAT_RO8     equ	3646	;# 
  1432   000E3F                     CANCON_RO8      equ	3647	;# 
  1433   000E40                     B2CON           equ	3648	;# 
  1434   000E41                     B2SIDH          equ	3649	;# 
  1435   000E42                     B2SIDL          equ	3650	;# 
  1436   000E43                     B2EIDH          equ	3651	;# 
  1437   000E44                     B2EIDL          equ	3652	;# 
  1438   000E45                     B2DLC           equ	3653	;# 
  1439   000E46                     B2D0            equ	3654	;# 
  1440   000E47                     B2D1            equ	3655	;# 
  1441   000E48                     B2D2            equ	3656	;# 
  1442   000E49                     B2D3            equ	3657	;# 
  1443   000E4A                     B2D4            equ	3658	;# 
  1444   000E4B                     B2D5            equ	3659	;# 
  1445   000E4C                     B2D6            equ	3660	;# 
  1446   000E4D                     B2D7            equ	3661	;# 
  1447   000E4E                     CANSTAT_RO7     equ	3662	;# 
  1448   000E4F                     CANCON_RO7      equ	3663	;# 
  1449   000E50                     B3CON           equ	3664	;# 
  1450   000E51                     B3SIDH          equ	3665	;# 
  1451   000E52                     B3SIDL          equ	3666	;# 
  1452   000E53                     B3EIDH          equ	3667	;# 
  1453   000E54                     B3EIDL          equ	3668	;# 
  1454   000E55                     B3DLC           equ	3669	;# 
  1455   000E56                     B3D0            equ	3670	;# 
  1456   000E57                     B3D1            equ	3671	;# 
  1457   000E58                     B3D2            equ	3672	;# 
  1458   000E59                     B3D3            equ	3673	;# 
  1459   000E5A                     B3D4            equ	3674	;# 
  1460   000E5B                     B3D5            equ	3675	;# 
  1461   000E5C                     B3D6            equ	3676	;# 
  1462   000E5D                     B3D7            equ	3677	;# 
  1463   000E5E                     CANSTAT_RO6     equ	3678	;# 
  1464   000E5F                     CANCON_RO6      equ	3679	;# 
  1465   000E60                     B4CON           equ	3680	;# 
  1466   000E61                     B4SIDH          equ	3681	;# 
  1467   000E62                     B4SIDL          equ	3682	;# 
  1468   000E63                     B4EIDH          equ	3683	;# 
  1469   000E64                     B4EIDL          equ	3684	;# 
  1470   000E65                     B4DLC           equ	3685	;# 
  1471   000E66                     B4D0            equ	3686	;# 
  1472   000E67                     B4D1            equ	3687	;# 
  1473   000E68                     B4D2            equ	3688	;# 
  1474   000E69                     B4D3            equ	3689	;# 
  1475   000E6A                     B4D4            equ	3690	;# 
  1476   000E6B                     B4D5            equ	3691	;# 
  1477   000E6C                     B4D6            equ	3692	;# 
  1478   000E6D                     B4D7            equ	3693	;# 
  1479   000E6E                     CANSTAT_RO5     equ	3694	;# 
  1480   000E6F                     CANCON_RO5      equ	3695	;# 
  1481   000E70                     B5CON           equ	3696	;# 
  1482   000E71                     B5SIDH          equ	3697	;# 
  1483   000E72                     B5SIDL          equ	3698	;# 
  1484   000E73                     B5EIDH          equ	3699	;# 
  1485   000E74                     B5EIDL          equ	3700	;# 
  1486   000E75                     B5DLC           equ	3701	;# 
  1487   000E76                     B5D0            equ	3702	;# 
  1488   000E77                     B5D1            equ	3703	;# 
  1489   000E78                     B5D2            equ	3704	;# 
  1490   000E79                     B5D3            equ	3705	;# 
  1491   000E7A                     B5D4            equ	3706	;# 
  1492   000E7B                     B5D5            equ	3707	;# 
  1493   000E7C                     B5D6            equ	3708	;# 
  1494   000E7D                     B5D7            equ	3709	;# 
  1495   000E7E                     CANSTAT_RO4     equ	3710	;# 
  1496   000E7F                     CANCON_RO4      equ	3711	;# 
  1497   000F00                     RXF0SIDH        equ	3840	;# 
  1498   000F01                     RXF0SIDL        equ	3841	;# 
  1499   000F02                     RXF0EIDH        equ	3842	;# 
  1500   000F03                     RXF0EIDL        equ	3843	;# 
  1501   000F04                     RXF1SIDH        equ	3844	;# 
  1502   000F05                     RXF1SIDL        equ	3845	;# 
  1503   000F06                     RXF1EIDH        equ	3846	;# 
  1504   000F07                     RXF1EIDL        equ	3847	;# 
  1505   000F08                     RXF2SIDH        equ	3848	;# 
  1506   000F09                     RXF2SIDL        equ	3849	;# 
  1507   000F0A                     RXF2EIDH        equ	3850	;# 
  1508   000F0B                     RXF2EIDL        equ	3851	;# 
  1509   000F0C                     RXF3SIDH        equ	3852	;# 
  1510   000F0D                     RXF3SIDL        equ	3853	;# 
  1511   000F0E                     RXF3EIDH        equ	3854	;# 
  1512   000F0F                     RXF3EIDL        equ	3855	;# 
  1513   000F10                     RXF4SIDH        equ	3856	;# 
  1514   000F11                     RXF4SIDL        equ	3857	;# 
  1515   000F12                     RXF4EIDH        equ	3858	;# 
  1516   000F13                     RXF4EIDL        equ	3859	;# 
  1517   000F14                     RXF5SIDH        equ	3860	;# 
  1518   000F15                     RXF5SIDL        equ	3861	;# 
  1519   000F16                     RXF5EIDH        equ	3862	;# 
  1520   000F17                     RXF5EIDL        equ	3863	;# 
  1521   000F18                     RXM0SIDH        equ	3864	;# 
  1522   000F19                     RXM0SIDL        equ	3865	;# 
  1523   000F1A                     RXM0EIDH        equ	3866	;# 
  1524   000F1B                     RXM0EIDL        equ	3867	;# 
  1525   000F1C                     RXM1SIDH        equ	3868	;# 
  1526   000F1D                     RXM1SIDL        equ	3869	;# 
  1527   000F1E                     RXM1EIDH        equ	3870	;# 
  1528   000F1F                     RXM1EIDL        equ	3871	;# 
  1529   000F20                     TXB2CON         equ	3872	;# 
  1530   000F21                     TXB2SIDH        equ	3873	;# 
  1531   000F22                     TXB2SIDL        equ	3874	;# 
  1532   000F23                     TXB2EIDH        equ	3875	;# 
  1533   000F24                     TXB2EIDL        equ	3876	;# 
  1534   000F25                     TXB2DLC         equ	3877	;# 
  1535   000F26                     TXB2D0          equ	3878	;# 
  1536   000F27                     TXB2D1          equ	3879	;# 
  1537   000F28                     TXB2D2          equ	3880	;# 
  1538   000F29                     TXB2D3          equ	3881	;# 
  1539   000F2A                     TXB2D4          equ	3882	;# 
  1540   000F2B                     TXB2D5          equ	3883	;# 
  1541   000F2C                     TXB2D6          equ	3884	;# 
  1542   000F2D                     TXB2D7          equ	3885	;# 
  1543   000F2E                     CANSTAT_RO3     equ	3886	;# 
  1544   000F2F                     CANCON_RO3      equ	3887	;# 
  1545   000F30                     TXB1CON         equ	3888	;# 
  1546   000F31                     TXB1SIDH        equ	3889	;# 
  1547   000F32                     TXB1SIDL        equ	3890	;# 
  1548   000F33                     TXB1EIDH        equ	3891	;# 
  1549   000F34                     TXB1EIDL        equ	3892	;# 
  1550   000F35                     TXB1DLC         equ	3893	;# 
  1551   000F36                     TXB1D0          equ	3894	;# 
  1552   000F37                     TXB1D1          equ	3895	;# 
  1553   000F38                     TXB1D2          equ	3896	;# 
  1554   000F39                     TXB1D3          equ	3897	;# 
  1555   000F3A                     TXB1D4          equ	3898	;# 
  1556   000F3B                     TXB1D5          equ	3899	;# 
  1557   000F3C                     TXB1D6          equ	3900	;# 
  1558   000F3D                     TXB1D7          equ	3901	;# 
  1559   000F3E                     CANSTAT_RO2     equ	3902	;# 
  1560   000F3F                     CANCON_RO2      equ	3903	;# 
  1561   000F40                     TXB0CON         equ	3904	;# 
  1562   000F41                     TXB0SIDH        equ	3905	;# 
  1563   000F42                     TXB0SIDL        equ	3906	;# 
  1564   000F43                     TXB0EIDH        equ	3907	;# 
  1565   000F44                     TXB0EIDL        equ	3908	;# 
  1566   000F45                     TXB0DLC         equ	3909	;# 
  1567   000F46                     TXB0D0          equ	3910	;# 
  1568   000F47                     TXB0D1          equ	3911	;# 
  1569   000F48                     TXB0D2          equ	3912	;# 
  1570   000F49                     TXB0D3          equ	3913	;# 
  1571   000F4A                     TXB0D4          equ	3914	;# 
  1572   000F4B                     TXB0D5          equ	3915	;# 
  1573   000F4C                     TXB0D6          equ	3916	;# 
  1574   000F4D                     TXB0D7          equ	3917	;# 
  1575   000F4E                     CANSTAT_RO1     equ	3918	;# 
  1576   000F4F                     CANCON_RO1      equ	3919	;# 
  1577   000F50                     RXB1CON         equ	3920	;# 
  1578   000F51                     RXB1SIDH        equ	3921	;# 
  1579   000F52                     RXB1SIDL        equ	3922	;# 
  1580   000F53                     RXB1EIDH        equ	3923	;# 
  1581   000F54                     RXB1EIDL        equ	3924	;# 
  1582   000F55                     RXB1DLC         equ	3925	;# 
  1583   000F56                     RXB1D0          equ	3926	;# 
  1584   000F57                     RXB1D1          equ	3927	;# 
  1585   000F58                     RXB1D2          equ	3928	;# 
  1586   000F59                     RXB1D3          equ	3929	;# 
  1587   000F5A                     RXB1D4          equ	3930	;# 
  1588   000F5B                     RXB1D5          equ	3931	;# 
  1589   000F5C                     RXB1D6          equ	3932	;# 
  1590   000F5D                     RXB1D7          equ	3933	;# 
  1591   000F5E                     CANSTAT_RO0     equ	3934	;# 
  1592   000F5F                     CANCON_RO0      equ	3935	;# 
  1593   000F60                     RXB0CON         equ	3936	;# 
  1594   000F61                     RXB0SIDH        equ	3937	;# 
  1595   000F62                     RXB0SIDL        equ	3938	;# 
  1596   000F63                     RXB0EIDH        equ	3939	;# 
  1597   000F64                     RXB0EIDL        equ	3940	;# 
  1598   000F65                     RXB0DLC         equ	3941	;# 
  1599   000F66                     RXB0D0          equ	3942	;# 
  1600   000F67                     RXB0D1          equ	3943	;# 
  1601   000F68                     RXB0D2          equ	3944	;# 
  1602   000F69                     RXB0D3          equ	3945	;# 
  1603   000F6A                     RXB0D4          equ	3946	;# 
  1604   000F6B                     RXB0D5          equ	3947	;# 
  1605   000F6C                     RXB0D6          equ	3948	;# 
  1606   000F6D                     RXB0D7          equ	3949	;# 
  1607   000F6E                     CANSTAT         equ	3950	;# 
  1608   000F6F                     CANCON          equ	3951	;# 
  1609   000F70                     BRGCON1         equ	3952	;# 
  1610   000F71                     BRGCON2         equ	3953	;# 
  1611   000F72                     BRGCON3         equ	3954	;# 
  1612   000F73                     CIOCON          equ	3955	;# 
  1613   000F74                     COMSTAT         equ	3956	;# 
  1614   000F75                     RXERRCNT        equ	3957	;# 
  1615   000F76                     TXERRCNT        equ	3958	;# 
  1616   000F77                     ECANCON         equ	3959	;# 
  1617   000F80                     PORTA           equ	3968	;# 
  1618   000F81                     PORTB           equ	3969	;# 
  1619   000F82                     PORTC           equ	3970	;# 
  1620   000F83                     PORTD           equ	3971	;# 
  1621   000F84                     PORTE           equ	3972	;# 
  1622   000F89                     LATA            equ	3977	;# 
  1623   000F8A                     LATB            equ	3978	;# 
  1624   000F8B                     LATC            equ	3979	;# 
  1625   000F8C                     LATD            equ	3980	;# 
  1626   000F8D                     LATE            equ	3981	;# 
  1627   000F92                     TRISA           equ	3986	;# 
  1628   000F92                     DDRA            equ	3986	;# 
  1629   000F93                     TRISB           equ	3987	;# 
  1630   000F93                     DDRB            equ	3987	;# 
  1631   000F94                     TRISC           equ	3988	;# 
  1632   000F94                     DDRC            equ	3988	;# 
  1633   000F95                     TRISD           equ	3989	;# 
  1634   000F95                     DDRD            equ	3989	;# 
  1635   000F96                     TRISE           equ	3990	;# 
  1636   000F96                     DDRE            equ	3990	;# 
  1637   000F9B                     OSCTUNE         equ	3995	;# 
  1638   000F9D                     PIE1            equ	3997	;# 
  1639   000F9E                     PIR1            equ	3998	;# 
  1640   000F9F                     IPR1            equ	3999	;# 
  1641   000FA0                     PIE2            equ	4000	;# 
  1642   000FA1                     PIR2            equ	4001	;# 
  1643   000FA2                     IPR2            equ	4002	;# 
  1644   000FA3                     PIE3            equ	4003	;# 
  1645   000FA4                     PIR3            equ	4004	;# 
  1646   000FA5                     IPR3            equ	4005	;# 
  1647   000FA6                     EECON1          equ	4006	;# 
  1648   000FA7                     EECON2          equ	4007	;# 
  1649   000FA8                     EEDATA          equ	4008	;# 
  1650   000FA9                     EEADR           equ	4009	;# 
  1651   000FAB                     RCSTA           equ	4011	;# 
  1652   000FAB                     RCSTA1          equ	4011	;# 
  1653   000FAC                     TXSTA           equ	4012	;# 
  1654   000FAC                     TXSTA1          equ	4012	;# 
  1655   000FAD                     TXREG           equ	4013	;# 
  1656   000FAD                     TXREG1          equ	4013	;# 
  1657   000FAE                     RCREG           equ	4014	;# 
  1658   000FAE                     RCREG1          equ	4014	;# 
  1659   000FAF                     SPBRG           equ	4015	;# 
  1660   000FAF                     SPBRG1          equ	4015	;# 
  1661   000FB0                     SPBRGH          equ	4016	;# 
  1662   000FB1                     T3CON           equ	4017	;# 
  1663   000FB2                     TMR3            equ	4018	;# 
  1664   000FB2                     TMR3L           equ	4018	;# 
  1665   000FB3                     TMR3H           equ	4019	;# 
  1666   000FB4                     CMCON           equ	4020	;# 
  1667   000FB5                     CVRCON          equ	4021	;# 
  1668   000FB6                     ECCP1AS         equ	4022	;# 
  1669   000FB7                     ECCP1DEL        equ	4023	;# 
  1670   000FB8                     BAUDCON         equ	4024	;# 
  1671   000FB8                     BAUDCTL         equ	4024	;# 
  1672   000FBA                     ECCP1CON        equ	4026	;# 
  1673   000FBB                     ECCPR1          equ	4027	;# 
  1674   000FBB                     ECCPR1L         equ	4027	;# 
  1675   000FBC                     ECCPR1H         equ	4028	;# 
  1676   000FBD                     CCP1CON         equ	4029	;# 
  1677   000FBE                     CCPR1           equ	4030	;# 
  1678   000FBE                     CCPR1L          equ	4030	;# 
  1679   000FBF                     CCPR1H          equ	4031	;# 
  1680   000FC0                     ADCON2          equ	4032	;# 
  1681   000FC1                     ADCON1          equ	4033	;# 
  1682   000FC2                     ADCON0          equ	4034	;# 
  1683   000FC3                     ADRES           equ	4035	;# 
  1684   000FC3                     ADRESL          equ	4035	;# 
  1685   000FC4                     ADRESH          equ	4036	;# 
  1686   000FC5                     SSPCON2         equ	4037	;# 
  1687   000FC6                     SSPCON1         equ	4038	;# 
  1688   000FC7                     SSPSTAT         equ	4039	;# 
  1689   000FC8                     SSPADD          equ	4040	;# 
  1690   000FC9                     SSPBUF          equ	4041	;# 
  1691   000FCA                     T2CON           equ	4042	;# 
  1692   000FCB                     PR2             equ	4043	;# 
  1693   000FCB                     MEMCON          equ	4043	;# 
  1694   000FCC                     TMR2            equ	4044	;# 
  1695   000FCD                     T1CON           equ	4045	;# 
  1696   000FCE                     TMR1            equ	4046	;# 
  1697   000FCE                     TMR1L           equ	4046	;# 
  1698   000FCF                     TMR1H           equ	4047	;# 
  1699   000FD0                     RCON            equ	4048	;# 
  1700   000FD1                     WDTCON          equ	4049	;# 
  1701   000FD2                     HLVDCON         equ	4050	;# 
  1702   000FD2                     LVDCON          equ	4050	;# 
  1703   000FD3                     OSCCON          equ	4051	;# 
  1704   000FD5                     T0CON           equ	4053	;# 
  1705   000FD6                     TMR0            equ	4054	;# 
  1706   000FD6                     TMR0L           equ	4054	;# 
  1707   000FD7                     TMR0H           equ	4055	;# 
  1708   000FD8                     STATUS          equ	4056	;# 
  1709   000FD9                     FSR2            equ	4057	;# 
  1710   000FD9                     FSR2L           equ	4057	;# 
  1711   000FDA                     FSR2H           equ	4058	;# 
  1712   000FDB                     PLUSW2          equ	4059	;# 
  1713   000FDC                     PREINC2         equ	4060	;# 
  1714   000FDD                     POSTDEC2        equ	4061	;# 
  1715   000FDE                     POSTINC2        equ	4062	;# 
  1716   000FDF                     INDF2           equ	4063	;# 
  1717   000FE0                     BSR             equ	4064	;# 
  1718   000FE1                     FSR1            equ	4065	;# 
  1719   000FE1                     FSR1L           equ	4065	;# 
  1720   000FE2                     FSR1H           equ	4066	;# 
  1721   000FE3                     PLUSW1          equ	4067	;# 
  1722   000FE4                     PREINC1         equ	4068	;# 
  1723   000FE5                     POSTDEC1        equ	4069	;# 
  1724   000FE6                     POSTINC1        equ	4070	;# 
  1725   000FE7                     INDF1           equ	4071	;# 
  1726   000FE8                     WREG            equ	4072	;# 
  1727   000FE9                     FSR0            equ	4073	;# 
  1728   000FE9                     FSR0L           equ	4073	;# 
  1729   000FEA                     FSR0H           equ	4074	;# 
  1730   000FEB                     PLUSW0          equ	4075	;# 
  1731   000FEC                     PREINC0         equ	4076	;# 
  1732   000FED                     POSTDEC0        equ	4077	;# 
  1733   000FEE                     POSTINC0        equ	4078	;# 
  1734   000FEF                     INDF0           equ	4079	;# 
  1735   000FF0                     INTCON3         equ	4080	;# 
  1736   000FF1                     INTCON2         equ	4081	;# 
  1737   000FF2                     INTCON          equ	4082	;# 
  1738   000FF3                     PROD            equ	4083	;# 
  1739   000FF3                     PRODL           equ	4083	;# 
  1740   000FF4                     PRODH           equ	4084	;# 
  1741   000FF5                     TABLAT          equ	4085	;# 
  1742   000FF6                     TBLPTR          equ	4086	;# 
  1743   000FF6                     TBLPTRL         equ	4086	;# 
  1744   000FF7                     TBLPTRH         equ	4087	;# 
  1745   000FF8                     TBLPTRU         equ	4088	;# 
  1746   000FF9                     PCLAT           equ	4089	;# 
  1747   000FF9                     PC              equ	4089	;# 
  1748   000FF9                     PCL             equ	4089	;# 
  1749   000FFA                     PCLATH          equ	4090	;# 
  1750   000FFB                     PCLATU          equ	4091	;# 
  1751   000FFC                     STKPTR          equ	4092	;# 
  1752   000FFD                     TOS             equ	4093	;# 
  1753   000FFD                     TOSL            equ	4093	;# 
  1754   000FFE                     TOSH            equ	4094	;# 
  1755   000FFF                     TOSU            equ	4095	;# 
  1756   000D60                     RXF6SIDH        equ	3424	;# 
  1757   000D61                     RXF6SIDL        equ	3425	;# 
  1758   000D62                     RXF6EIDH        equ	3426	;# 
  1759   000D63                     RXF6EIDL        equ	3427	;# 
  1760   000D64                     RXF7SIDH        equ	3428	;# 
  1761   000D65                     RXF7SIDL        equ	3429	;# 
  1762   000D66                     RXF7EIDH        equ	3430	;# 
  1763   000D67                     RXF7EIDL        equ	3431	;# 
  1764   000D68                     RXF8SIDH        equ	3432	;# 
  1765   000D69                     RXF8SIDL        equ	3433	;# 
  1766   000D6A                     RXF8EIDH        equ	3434	;# 
  1767   000D6B                     RXF8EIDL        equ	3435	;# 
  1768   000D70                     RXF9SIDH        equ	3440	;# 
  1769   000D71                     RXF9SIDL        equ	3441	;# 
  1770   000D72                     RXF9EIDH        equ	3442	;# 
  1771   000D73                     RXF9EIDL        equ	3443	;# 
  1772   000D74                     RXF10SIDH       equ	3444	;# 
  1773   000D75                     RXF10SIDL       equ	3445	;# 
  1774   000D76                     RXF10EIDH       equ	3446	;# 
  1775   000D77                     RXF10EIDL       equ	3447	;# 
  1776   000D78                     RXF11SIDH       equ	3448	;# 
  1777   000D79                     RXF11SIDL       equ	3449	;# 
  1778   000D7A                     RXF11EIDH       equ	3450	;# 
  1779   000D7B                     RXF11EIDL       equ	3451	;# 
  1780   000D80                     RXF12SIDH       equ	3456	;# 
  1781   000D81                     RXF12SIDL       equ	3457	;# 
  1782   000D82                     RXF12EIDH       equ	3458	;# 
  1783   000D83                     RXF12EIDL       equ	3459	;# 
  1784   000D84                     RXF13SIDH       equ	3460	;# 
  1785   000D85                     RXF13SIDL       equ	3461	;# 
  1786   000D86                     RXF13EIDH       equ	3462	;# 
  1787   000D87                     RXF13EIDL       equ	3463	;# 
  1788   000D88                     RXF14SIDH       equ	3464	;# 
  1789   000D89                     RXF14SIDL       equ	3465	;# 
  1790   000D8A                     RXF14EIDH       equ	3466	;# 
  1791   000D8B                     RXF14EIDL       equ	3467	;# 
  1792   000D90                     RXF15SIDH       equ	3472	;# 
  1793   000D91                     RXF15SIDL       equ	3473	;# 
  1794   000D92                     RXF15EIDH       equ	3474	;# 
  1795   000D93                     RXF15EIDL       equ	3475	;# 
  1796   000DD4                     RXFCON0         equ	3540	;# 
  1797   000DD5                     RXFCON1         equ	3541	;# 
  1798   000DD8                     SDFLC           equ	3544	;# 
  1799   000DE0                     RXFBCON0        equ	3552	;# 
  1800   000DE1                     RXFBCON1        equ	3553	;# 
  1801   000DE2                     RXFBCON2        equ	3554	;# 
  1802   000DE3                     RXFBCON3        equ	3555	;# 
  1803   000DE4                     RXFBCON4        equ	3556	;# 
  1804   000DE5                     RXFBCON5        equ	3557	;# 
  1805   000DE6                     RXFBCON6        equ	3558	;# 
  1806   000DE7                     RXFBCON7        equ	3559	;# 
  1807   000DF0                     MSEL0           equ	3568	;# 
  1808   000DF1                     MSEL1           equ	3569	;# 
  1809   000DF2                     MSEL2           equ	3570	;# 
  1810   000DF3                     MSEL3           equ	3571	;# 
  1811   000DF8                     BSEL0           equ	3576	;# 
  1812   000DFA                     BIE0            equ	3578	;# 
  1813   000DFC                     TXBIE           equ	3580	;# 
  1814   000E20                     B0CON           equ	3616	;# 
  1815   000E21                     B0SIDH          equ	3617	;# 
  1816   000E22                     B0SIDL          equ	3618	;# 
  1817   000E23                     B0EIDH          equ	3619	;# 
  1818   000E24                     B0EIDL          equ	3620	;# 
  1819   000E25                     B0DLC           equ	3621	;# 
  1820   000E26                     B0D0            equ	3622	;# 
  1821   000E27                     B0D1            equ	3623	;# 
  1822   000E28                     B0D2            equ	3624	;# 
  1823   000E29                     B0D3            equ	3625	;# 
  1824   000E2A                     B0D4            equ	3626	;# 
  1825   000E2B                     B0D5            equ	3627	;# 
  1826   000E2C                     B0D6            equ	3628	;# 
  1827   000E2D                     B0D7            equ	3629	;# 
  1828   000E2E                     CANSTAT_RO9     equ	3630	;# 
  1829   000E2F                     CANCON_RO9      equ	3631	;# 
  1830   000E30                     B1CON           equ	3632	;# 
  1831   000E31                     B1SIDH          equ	3633	;# 
  1832   000E32                     B1SIDL          equ	3634	;# 
  1833   000E33                     B1EIDH          equ	3635	;# 
  1834   000E34                     B1EIDL          equ	3636	;# 
  1835   000E35                     B1DLC           equ	3637	;# 
  1836   000E36                     B1D0            equ	3638	;# 
  1837   000E37                     B1D1            equ	3639	;# 
  1838   000E38                     B1D2            equ	3640	;# 
  1839   000E39                     B1D3            equ	3641	;# 
  1840   000E3A                     B1D4            equ	3642	;# 
  1841   000E3B                     B1D5            equ	3643	;# 
  1842   000E3C                     B1D6            equ	3644	;# 
  1843   000E3D                     B1D7            equ	3645	;# 
  1844   000E3E                     CANSTAT_RO8     equ	3646	;# 
  1845   000E3F                     CANCON_RO8      equ	3647	;# 
  1846   000E40                     B2CON           equ	3648	;# 
  1847   000E41                     B2SIDH          equ	3649	;# 
  1848   000E42                     B2SIDL          equ	3650	;# 
  1849   000E43                     B2EIDH          equ	3651	;# 
  1850   000E44                     B2EIDL          equ	3652	;# 
  1851   000E45                     B2DLC           equ	3653	;# 
  1852   000E46                     B2D0            equ	3654	;# 
  1853   000E47                     B2D1            equ	3655	;# 
  1854   000E48                     B2D2            equ	3656	;# 
  1855   000E49                     B2D3            equ	3657	;# 
  1856   000E4A                     B2D4            equ	3658	;# 
  1857   000E4B                     B2D5            equ	3659	;# 
  1858   000E4C                     B2D6            equ	3660	;# 
  1859   000E4D                     B2D7            equ	3661	;# 
  1860   000E4E                     CANSTAT_RO7     equ	3662	;# 
  1861   000E4F                     CANCON_RO7      equ	3663	;# 
  1862   000E50                     B3CON           equ	3664	;# 
  1863   000E51                     B3SIDH          equ	3665	;# 
  1864   000E52                     B3SIDL          equ	3666	;# 
  1865   000E53                     B3EIDH          equ	3667	;# 
  1866   000E54                     B3EIDL          equ	3668	;# 
  1867   000E55                     B3DLC           equ	3669	;# 
  1868   000E56                     B3D0            equ	3670	;# 
  1869   000E57                     B3D1            equ	3671	;# 
  1870   000E58                     B3D2            equ	3672	;# 
  1871   000E59                     B3D3            equ	3673	;# 
  1872   000E5A                     B3D4            equ	3674	;# 
  1873   000E5B                     B3D5            equ	3675	;# 
  1874   000E5C                     B3D6            equ	3676	;# 
  1875   000E5D                     B3D7            equ	3677	;# 
  1876   000E5E                     CANSTAT_RO6     equ	3678	;# 
  1877   000E5F                     CANCON_RO6      equ	3679	;# 
  1878   000E60                     B4CON           equ	3680	;# 
  1879   000E61                     B4SIDH          equ	3681	;# 
  1880   000E62                     B4SIDL          equ	3682	;# 
  1881   000E63                     B4EIDH          equ	3683	;# 
  1882   000E64                     B4EIDL          equ	3684	;# 
  1883   000E65                     B4DLC           equ	3685	;# 
  1884   000E66                     B4D0            equ	3686	;# 
  1885   000E67                     B4D1            equ	3687	;# 
  1886   000E68                     B4D2            equ	3688	;# 
  1887   000E69                     B4D3            equ	3689	;# 
  1888   000E6A                     B4D4            equ	3690	;# 
  1889   000E6B                     B4D5            equ	3691	;# 
  1890   000E6C                     B4D6            equ	3692	;# 
  1891   000E6D                     B4D7            equ	3693	;# 
  1892   000E6E                     CANSTAT_RO5     equ	3694	;# 
  1893   000E6F                     CANCON_RO5      equ	3695	;# 
  1894   000E70                     B5CON           equ	3696	;# 
  1895   000E71                     B5SIDH          equ	3697	;# 
  1896   000E72                     B5SIDL          equ	3698	;# 
  1897   000E73                     B5EIDH          equ	3699	;# 
  1898   000E74                     B5EIDL          equ	3700	;# 
  1899   000E75                     B5DLC           equ	3701	;# 
  1900   000E76                     B5D0            equ	3702	;# 
  1901   000E77                     B5D1            equ	3703	;# 
  1902   000E78                     B5D2            equ	3704	;# 
  1903   000E79                     B5D3            equ	3705	;# 
  1904   000E7A                     B5D4            equ	3706	;# 
  1905   000E7B                     B5D5            equ	3707	;# 
  1906   000E7C                     B5D6            equ	3708	;# 
  1907   000E7D                     B5D7            equ	3709	;# 
  1908   000E7E                     CANSTAT_RO4     equ	3710	;# 
  1909   000E7F                     CANCON_RO4      equ	3711	;# 
  1910   000F00                     RXF0SIDH        equ	3840	;# 
  1911   000F01                     RXF0SIDL        equ	3841	;# 
  1912   000F02                     RXF0EIDH        equ	3842	;# 
  1913   000F03                     RXF0EIDL        equ	3843	;# 
  1914   000F04                     RXF1SIDH        equ	3844	;# 
  1915   000F05                     RXF1SIDL        equ	3845	;# 
  1916   000F06                     RXF1EIDH        equ	3846	;# 
  1917   000F07                     RXF1EIDL        equ	3847	;# 
  1918   000F08                     RXF2SIDH        equ	3848	;# 
  1919   000F09                     RXF2SIDL        equ	3849	;# 
  1920   000F0A                     RXF2EIDH        equ	3850	;# 
  1921   000F0B                     RXF2EIDL        equ	3851	;# 
  1922   000F0C                     RXF3SIDH        equ	3852	;# 
  1923   000F0D                     RXF3SIDL        equ	3853	;# 
  1924   000F0E                     RXF3EIDH        equ	3854	;# 
  1925   000F0F                     RXF3EIDL        equ	3855	;# 
  1926   000F10                     RXF4SIDH        equ	3856	;# 
  1927   000F11                     RXF4SIDL        equ	3857	;# 
  1928   000F12                     RXF4EIDH        equ	3858	;# 
  1929   000F13                     RXF4EIDL        equ	3859	;# 
  1930   000F14                     RXF5SIDH        equ	3860	;# 
  1931   000F15                     RXF5SIDL        equ	3861	;# 
  1932   000F16                     RXF5EIDH        equ	3862	;# 
  1933   000F17                     RXF5EIDL        equ	3863	;# 
  1934   000F18                     RXM0SIDH        equ	3864	;# 
  1935   000F19                     RXM0SIDL        equ	3865	;# 
  1936   000F1A                     RXM0EIDH        equ	3866	;# 
  1937   000F1B                     RXM0EIDL        equ	3867	;# 
  1938   000F1C                     RXM1SIDH        equ	3868	;# 
  1939   000F1D                     RXM1SIDL        equ	3869	;# 
  1940   000F1E                     RXM1EIDH        equ	3870	;# 
  1941   000F1F                     RXM1EIDL        equ	3871	;# 
  1942   000F20                     TXB2CON         equ	3872	;# 
  1943   000F21                     TXB2SIDH        equ	3873	;# 
  1944   000F22                     TXB2SIDL        equ	3874	;# 
  1945   000F23                     TXB2EIDH        equ	3875	;# 
  1946   000F24                     TXB2EIDL        equ	3876	;# 
  1947   000F25                     TXB2DLC         equ	3877	;# 
  1948   000F26                     TXB2D0          equ	3878	;# 
  1949   000F27                     TXB2D1          equ	3879	;# 
  1950   000F28                     TXB2D2          equ	3880	;# 
  1951   000F29                     TXB2D3          equ	3881	;# 
  1952   000F2A                     TXB2D4          equ	3882	;# 
  1953   000F2B                     TXB2D5          equ	3883	;# 
  1954   000F2C                     TXB2D6          equ	3884	;# 
  1955   000F2D                     TXB2D7          equ	3885	;# 
  1956   000F2E                     CANSTAT_RO3     equ	3886	;# 
  1957   000F2F                     CANCON_RO3      equ	3887	;# 
  1958   000F30                     TXB1CON         equ	3888	;# 
  1959   000F31                     TXB1SIDH        equ	3889	;# 
  1960   000F32                     TXB1SIDL        equ	3890	;# 
  1961   000F33                     TXB1EIDH        equ	3891	;# 
  1962   000F34                     TXB1EIDL        equ	3892	;# 
  1963   000F35                     TXB1DLC         equ	3893	;# 
  1964   000F36                     TXB1D0          equ	3894	;# 
  1965   000F37                     TXB1D1          equ	3895	;# 
  1966   000F38                     TXB1D2          equ	3896	;# 
  1967   000F39                     TXB1D3          equ	3897	;# 
  1968   000F3A                     TXB1D4          equ	3898	;# 
  1969   000F3B                     TXB1D5          equ	3899	;# 
  1970   000F3C                     TXB1D6          equ	3900	;# 
  1971   000F3D                     TXB1D7          equ	3901	;# 
  1972   000F3E                     CANSTAT_RO2     equ	3902	;# 
  1973   000F3F                     CANCON_RO2      equ	3903	;# 
  1974   000F40                     TXB0CON         equ	3904	;# 
  1975   000F41                     TXB0SIDH        equ	3905	;# 
  1976   000F42                     TXB0SIDL        equ	3906	;# 
  1977   000F43                     TXB0EIDH        equ	3907	;# 
  1978   000F44                     TXB0EIDL        equ	3908	;# 
  1979   000F45                     TXB0DLC         equ	3909	;# 
  1980   000F46                     TXB0D0          equ	3910	;# 
  1981   000F47                     TXB0D1          equ	3911	;# 
  1982   000F48                     TXB0D2          equ	3912	;# 
  1983   000F49                     TXB0D3          equ	3913	;# 
  1984   000F4A                     TXB0D4          equ	3914	;# 
  1985   000F4B                     TXB0D5          equ	3915	;# 
  1986   000F4C                     TXB0D6          equ	3916	;# 
  1987   000F4D                     TXB0D7          equ	3917	;# 
  1988   000F4E                     CANSTAT_RO1     equ	3918	;# 
  1989   000F4F                     CANCON_RO1      equ	3919	;# 
  1990   000F50                     RXB1CON         equ	3920	;# 
  1991   000F51                     RXB1SIDH        equ	3921	;# 
  1992   000F52                     RXB1SIDL        equ	3922	;# 
  1993   000F53                     RXB1EIDH        equ	3923	;# 
  1994   000F54                     RXB1EIDL        equ	3924	;# 
  1995   000F55                     RXB1DLC         equ	3925	;# 
  1996   000F56                     RXB1D0          equ	3926	;# 
  1997   000F57                     RXB1D1          equ	3927	;# 
  1998   000F58                     RXB1D2          equ	3928	;# 
  1999   000F59                     RXB1D3          equ	3929	;# 
  2000   000F5A                     RXB1D4          equ	3930	;# 
  2001   000F5B                     RXB1D5          equ	3931	;# 
  2002   000F5C                     RXB1D6          equ	3932	;# 
  2003   000F5D                     RXB1D7          equ	3933	;# 
  2004   000F5E                     CANSTAT_RO0     equ	3934	;# 
  2005   000F5F                     CANCON_RO0      equ	3935	;# 
  2006   000F60                     RXB0CON         equ	3936	;# 
  2007   000F61                     RXB0SIDH        equ	3937	;# 
  2008   000F62                     RXB0SIDL        equ	3938	;# 
  2009   000F63                     RXB0EIDH        equ	3939	;# 
  2010   000F64                     RXB0EIDL        equ	3940	;# 
  2011   000F65                     RXB0DLC         equ	3941	;# 
  2012   000F66                     RXB0D0          equ	3942	;# 
  2013   000F67                     RXB0D1          equ	3943	;# 
  2014   000F68                     RXB0D2          equ	3944	;# 
  2015   000F69                     RXB0D3          equ	3945	;# 
  2016   000F6A                     RXB0D4          equ	3946	;# 
  2017   000F6B                     RXB0D5          equ	3947	;# 
  2018   000F6C                     RXB0D6          equ	3948	;# 
  2019   000F6D                     RXB0D7          equ	3949	;# 
  2020   000F6E                     CANSTAT         equ	3950	;# 
  2021   000F6F                     CANCON          equ	3951	;# 
  2022   000F70                     BRGCON1         equ	3952	;# 
  2023   000F71                     BRGCON2         equ	3953	;# 
  2024   000F72                     BRGCON3         equ	3954	;# 
  2025   000F73                     CIOCON          equ	3955	;# 
  2026   000F74                     COMSTAT         equ	3956	;# 
  2027   000F75                     RXERRCNT        equ	3957	;# 
  2028   000F76                     TXERRCNT        equ	3958	;# 
  2029   000F77                     ECANCON         equ	3959	;# 
  2030   000F80                     PORTA           equ	3968	;# 
  2031   000F81                     PORTB           equ	3969	;# 
  2032   000F82                     PORTC           equ	3970	;# 
  2033   000F83                     PORTD           equ	3971	;# 
  2034   000F84                     PORTE           equ	3972	;# 
  2035   000F89                     LATA            equ	3977	;# 
  2036   000F8A                     LATB            equ	3978	;# 
  2037   000F8B                     LATC            equ	3979	;# 
  2038   000F8C                     LATD            equ	3980	;# 
  2039   000F8D                     LATE            equ	3981	;# 
  2040   000F92                     TRISA           equ	3986	;# 
  2041   000F92                     DDRA            equ	3986	;# 
  2042   000F93                     TRISB           equ	3987	;# 
  2043   000F93                     DDRB            equ	3987	;# 
  2044   000F94                     TRISC           equ	3988	;# 
  2045   000F94                     DDRC            equ	3988	;# 
  2046   000F95                     TRISD           equ	3989	;# 
  2047   000F95                     DDRD            equ	3989	;# 
  2048   000F96                     TRISE           equ	3990	;# 
  2049   000F96                     DDRE            equ	3990	;# 
  2050   000F9B                     OSCTUNE         equ	3995	;# 
  2051   000F9D                     PIE1            equ	3997	;# 
  2052   000F9E                     PIR1            equ	3998	;# 
  2053   000F9F                     IPR1            equ	3999	;# 
  2054   000FA0                     PIE2            equ	4000	;# 
  2055   000FA1                     PIR2            equ	4001	;# 
  2056   000FA2                     IPR2            equ	4002	;# 
  2057   000FA3                     PIE3            equ	4003	;# 
  2058   000FA4                     PIR3            equ	4004	;# 
  2059   000FA5                     IPR3            equ	4005	;# 
  2060   000FA6                     EECON1          equ	4006	;# 
  2061   000FA7                     EECON2          equ	4007	;# 
  2062   000FA8                     EEDATA          equ	4008	;# 
  2063   000FA9                     EEADR           equ	4009	;# 
  2064   000FAB                     RCSTA           equ	4011	;# 
  2065   000FAB                     RCSTA1          equ	4011	;# 
  2066   000FAC                     TXSTA           equ	4012	;# 
  2067   000FAC                     TXSTA1          equ	4012	;# 
  2068   000FAD                     TXREG           equ	4013	;# 
  2069   000FAD                     TXREG1          equ	4013	;# 
  2070   000FAE                     RCREG           equ	4014	;# 
  2071   000FAE                     RCREG1          equ	4014	;# 
  2072   000FAF                     SPBRG           equ	4015	;# 
  2073   000FAF                     SPBRG1          equ	4015	;# 
  2074   000FB0                     SPBRGH          equ	4016	;# 
  2075   000FB1                     T3CON           equ	4017	;# 
  2076   000FB2                     TMR3            equ	4018	;# 
  2077   000FB2                     TMR3L           equ	4018	;# 
  2078   000FB3                     TMR3H           equ	4019	;# 
  2079   000FB4                     CMCON           equ	4020	;# 
  2080   000FB5                     CVRCON          equ	4021	;# 
  2081   000FB6                     ECCP1AS         equ	4022	;# 
  2082   000FB7                     ECCP1DEL        equ	4023	;# 
  2083   000FB8                     BAUDCON         equ	4024	;# 
  2084   000FB8                     BAUDCTL         equ	4024	;# 
  2085   000FBA                     ECCP1CON        equ	4026	;# 
  2086   000FBB                     ECCPR1          equ	4027	;# 
  2087   000FBB                     ECCPR1L         equ	4027	;# 
  2088   000FBC                     ECCPR1H         equ	4028	;# 
  2089   000FBD                     CCP1CON         equ	4029	;# 
  2090   000FBE                     CCPR1           equ	4030	;# 
  2091   000FBE                     CCPR1L          equ	4030	;# 
  2092   000FBF                     CCPR1H          equ	4031	;# 
  2093   000FC0                     ADCON2          equ	4032	;# 
  2094   000FC1                     ADCON1          equ	4033	;# 
  2095   000FC2                     ADCON0          equ	4034	;# 
  2096   000FC3                     ADRES           equ	4035	;# 
  2097   000FC3                     ADRESL          equ	4035	;# 
  2098   000FC4                     ADRESH          equ	4036	;# 
  2099   000FC5                     SSPCON2         equ	4037	;# 
  2100   000FC6                     SSPCON1         equ	4038	;# 
  2101   000FC7                     SSPSTAT         equ	4039	;# 
  2102   000FC8                     SSPADD          equ	4040	;# 
  2103   000FC9                     SSPBUF          equ	4041	;# 
  2104   000FCA                     T2CON           equ	4042	;# 
  2105   000FCB                     PR2             equ	4043	;# 
  2106   000FCB                     MEMCON          equ	4043	;# 
  2107   000FCC                     TMR2            equ	4044	;# 
  2108   000FCD                     T1CON           equ	4045	;# 
  2109   000FCE                     TMR1            equ	4046	;# 
  2110   000FCE                     TMR1L           equ	4046	;# 
  2111   000FCF                     TMR1H           equ	4047	;# 
  2112   000FD0                     RCON            equ	4048	;# 
  2113   000FD1                     WDTCON          equ	4049	;# 
  2114   000FD2                     HLVDCON         equ	4050	;# 
  2115   000FD2                     LVDCON          equ	4050	;# 
  2116   000FD3                     OSCCON          equ	4051	;# 
  2117   000FD5                     T0CON           equ	4053	;# 
  2118   000FD6                     TMR0            equ	4054	;# 
  2119   000FD6                     TMR0L           equ	4054	;# 
  2120   000FD7                     TMR0H           equ	4055	;# 
  2121   000FD8                     STATUS          equ	4056	;# 
  2122   000FD9                     FSR2            equ	4057	;# 
  2123   000FD9                     FSR2L           equ	4057	;# 
  2124   000FDA                     FSR2H           equ	4058	;# 
  2125   000FDB                     PLUSW2          equ	4059	;# 
  2126   000FDC                     PREINC2         equ	4060	;# 
  2127   000FDD                     POSTDEC2        equ	4061	;# 
  2128   000FDE                     POSTINC2        equ	4062	;# 
  2129   000FDF                     INDF2           equ	4063	;# 
  2130   000FE0                     BSR             equ	4064	;# 
  2131   000FE1                     FSR1            equ	4065	;# 
  2132   000FE1                     FSR1L           equ	4065	;# 
  2133   000FE2                     FSR1H           equ	4066	;# 
  2134   000FE3                     PLUSW1          equ	4067	;# 
  2135   000FE4                     PREINC1         equ	4068	;# 
  2136   000FE5                     POSTDEC1        equ	4069	;# 
  2137   000FE6                     POSTINC1        equ	4070	;# 
  2138   000FE7                     INDF1           equ	4071	;# 
  2139   000FE8                     WREG            equ	4072	;# 
  2140   000FE9                     FSR0            equ	4073	;# 
  2141   000FE9                     FSR0L           equ	4073	;# 
  2142   000FEA                     FSR0H           equ	4074	;# 
  2143   000FEB                     PLUSW0          equ	4075	;# 
  2144   000FEC                     PREINC0         equ	4076	;# 
  2145   000FED                     POSTDEC0        equ	4077	;# 
  2146   000FEE                     POSTINC0        equ	4078	;# 
  2147   000FEF                     INDF0           equ	4079	;# 
  2148   000FF0                     INTCON3         equ	4080	;# 
  2149   000FF1                     INTCON2         equ	4081	;# 
  2150   000FF2                     INTCON          equ	4082	;# 
  2151   000FF3                     PROD            equ	4083	;# 
  2152   000FF3                     PRODL           equ	4083	;# 
  2153   000FF4                     PRODH           equ	4084	;# 
  2154   000FF5                     TABLAT          equ	4085	;# 
  2155   000FF6                     TBLPTR          equ	4086	;# 
  2156   000FF6                     TBLPTRL         equ	4086	;# 
  2157   000FF7                     TBLPTRH         equ	4087	;# 
  2158   000FF8                     TBLPTRU         equ	4088	;# 
  2159   000FF9                     PCLAT           equ	4089	;# 
  2160   000FF9                     PC              equ	4089	;# 
  2161   000FF9                     PCL             equ	4089	;# 
  2162   000FFA                     PCLATH          equ	4090	;# 
  2163   000FFB                     PCLATU          equ	4091	;# 
  2164   000FFC                     STKPTR          equ	4092	;# 
  2165   000FFD                     TOS             equ	4093	;# 
  2166   000FFD                     TOSL            equ	4093	;# 
  2167   000FFE                     TOSH            equ	4094	;# 
  2168   000FFF                     TOSU            equ	4095	;# 
  2169   000D60                     RXF6SIDH        equ	3424	;# 
  2170   000D61                     RXF6SIDL        equ	3425	;# 
  2171   000D62                     RXF6EIDH        equ	3426	;# 
  2172   000D63                     RXF6EIDL        equ	3427	;# 
  2173   000D64                     RXF7SIDH        equ	3428	;# 
  2174   000D65                     RXF7SIDL        equ	3429	;# 
  2175   000D66                     RXF7EIDH        equ	3430	;# 
  2176   000D67                     RXF7EIDL        equ	3431	;# 
  2177   000D68                     RXF8SIDH        equ	3432	;# 
  2178   000D69                     RXF8SIDL        equ	3433	;# 
  2179   000D6A                     RXF8EIDH        equ	3434	;# 
  2180   000D6B                     RXF8EIDL        equ	3435	;# 
  2181   000D70                     RXF9SIDH        equ	3440	;# 
  2182   000D71                     RXF9SIDL        equ	3441	;# 
  2183   000D72                     RXF9EIDH        equ	3442	;# 
  2184   000D73                     RXF9EIDL        equ	3443	;# 
  2185   000D74                     RXF10SIDH       equ	3444	;# 
  2186   000D75                     RXF10SIDL       equ	3445	;# 
  2187   000D76                     RXF10EIDH       equ	3446	;# 
  2188   000D77                     RXF10EIDL       equ	3447	;# 
  2189   000D78                     RXF11SIDH       equ	3448	;# 
  2190   000D79                     RXF11SIDL       equ	3449	;# 
  2191   000D7A                     RXF11EIDH       equ	3450	;# 
  2192   000D7B                     RXF11EIDL       equ	3451	;# 
  2193   000D80                     RXF12SIDH       equ	3456	;# 
  2194   000D81                     RXF12SIDL       equ	3457	;# 
  2195   000D82                     RXF12EIDH       equ	3458	;# 
  2196   000D83                     RXF12EIDL       equ	3459	;# 
  2197   000D84                     RXF13SIDH       equ	3460	;# 
  2198   000D85                     RXF13SIDL       equ	3461	;# 
  2199   000D86                     RXF13EIDH       equ	3462	;# 
  2200   000D87                     RXF13EIDL       equ	3463	;# 
  2201   000D88                     RXF14SIDH       equ	3464	;# 
  2202   000D89                     RXF14SIDL       equ	3465	;# 
  2203   000D8A                     RXF14EIDH       equ	3466	;# 
  2204   000D8B                     RXF14EIDL       equ	3467	;# 
  2205   000D90                     RXF15SIDH       equ	3472	;# 
  2206   000D91                     RXF15SIDL       equ	3473	;# 
  2207   000D92                     RXF15EIDH       equ	3474	;# 
  2208   000D93                     RXF15EIDL       equ	3475	;# 
  2209   000DD4                     RXFCON0         equ	3540	;# 
  2210   000DD5                     RXFCON1         equ	3541	;# 
  2211   000DD8                     SDFLC           equ	3544	;# 
  2212   000DE0                     RXFBCON0        equ	3552	;# 
  2213   000DE1                     RXFBCON1        equ	3553	;# 
  2214   000DE2                     RXFBCON2        equ	3554	;# 
  2215   000DE3                     RXFBCON3        equ	3555	;# 
  2216   000DE4                     RXFBCON4        equ	3556	;# 
  2217   000DE5                     RXFBCON5        equ	3557	;# 
  2218   000DE6                     RXFBCON6        equ	3558	;# 
  2219   000DE7                     RXFBCON7        equ	3559	;# 
  2220   000DF0                     MSEL0           equ	3568	;# 
  2221   000DF1                     MSEL1           equ	3569	;# 
  2222   000DF2                     MSEL2           equ	3570	;# 
  2223   000DF3                     MSEL3           equ	3571	;# 
  2224   000DF8                     BSEL0           equ	3576	;# 
  2225   000DFA                     BIE0            equ	3578	;# 
  2226   000DFC                     TXBIE           equ	3580	;# 
  2227   000E20                     B0CON           equ	3616	;# 
  2228   000E21                     B0SIDH          equ	3617	;# 
  2229   000E22                     B0SIDL          equ	3618	;# 
  2230   000E23                     B0EIDH          equ	3619	;# 
  2231   000E24                     B0EIDL          equ	3620	;# 
  2232   000E25                     B0DLC           equ	3621	;# 
  2233   000E26                     B0D0            equ	3622	;# 
  2234   000E27                     B0D1            equ	3623	;# 
  2235   000E28                     B0D2            equ	3624	;# 
  2236   000E29                     B0D3            equ	3625	;# 
  2237   000E2A                     B0D4            equ	3626	;# 
  2238   000E2B                     B0D5            equ	3627	;# 
  2239   000E2C                     B0D6            equ	3628	;# 
  2240   000E2D                     B0D7            equ	3629	;# 
  2241   000E2E                     CANSTAT_RO9     equ	3630	;# 
  2242   000E2F                     CANCON_RO9      equ	3631	;# 
  2243   000E30                     B1CON           equ	3632	;# 
  2244   000E31                     B1SIDH          equ	3633	;# 
  2245   000E32                     B1SIDL          equ	3634	;# 
  2246   000E33                     B1EIDH          equ	3635	;# 
  2247   000E34                     B1EIDL          equ	3636	;# 
  2248   000E35                     B1DLC           equ	3637	;# 
  2249   000E36                     B1D0            equ	3638	;# 
  2250   000E37                     B1D1            equ	3639	;# 
  2251   000E38                     B1D2            equ	3640	;# 
  2252   000E39                     B1D3            equ	3641	;# 
  2253   000E3A                     B1D4            equ	3642	;# 
  2254   000E3B                     B1D5            equ	3643	;# 
  2255   000E3C                     B1D6            equ	3644	;# 
  2256   000E3D                     B1D7            equ	3645	;# 
  2257   000E3E                     CANSTAT_RO8     equ	3646	;# 
  2258   000E3F                     CANCON_RO8      equ	3647	;# 
  2259   000E40                     B2CON           equ	3648	;# 
  2260   000E41                     B2SIDH          equ	3649	;# 
  2261   000E42                     B2SIDL          equ	3650	;# 
  2262   000E43                     B2EIDH          equ	3651	;# 
  2263   000E44                     B2EIDL          equ	3652	;# 
  2264   000E45                     B2DLC           equ	3653	;# 
  2265   000E46                     B2D0            equ	3654	;# 
  2266   000E47                     B2D1            equ	3655	;# 
  2267   000E48                     B2D2            equ	3656	;# 
  2268   000E49                     B2D3            equ	3657	;# 
  2269   000E4A                     B2D4            equ	3658	;# 
  2270   000E4B                     B2D5            equ	3659	;# 
  2271   000E4C                     B2D6            equ	3660	;# 
  2272   000E4D                     B2D7            equ	3661	;# 
  2273   000E4E                     CANSTAT_RO7     equ	3662	;# 
  2274   000E4F                     CANCON_RO7      equ	3663	;# 
  2275   000E50                     B3CON           equ	3664	;# 
  2276   000E51                     B3SIDH          equ	3665	;# 
  2277   000E52                     B3SIDL          equ	3666	;# 
  2278   000E53                     B3EIDH          equ	3667	;# 
  2279   000E54                     B3EIDL          equ	3668	;# 
  2280   000E55                     B3DLC           equ	3669	;# 
  2281   000E56                     B3D0            equ	3670	;# 
  2282   000E57                     B3D1            equ	3671	;# 
  2283   000E58                     B3D2            equ	3672	;# 
  2284   000E59                     B3D3            equ	3673	;# 
  2285   000E5A                     B3D4            equ	3674	;# 
  2286   000E5B                     B3D5            equ	3675	;# 
  2287   000E5C                     B3D6            equ	3676	;# 
  2288   000E5D                     B3D7            equ	3677	;# 
  2289   000E5E                     CANSTAT_RO6     equ	3678	;# 
  2290   000E5F                     CANCON_RO6      equ	3679	;# 
  2291   000E60                     B4CON           equ	3680	;# 
  2292   000E61                     B4SIDH          equ	3681	;# 
  2293   000E62                     B4SIDL          equ	3682	;# 
  2294   000E63                     B4EIDH          equ	3683	;# 
  2295   000E64                     B4EIDL          equ	3684	;# 
  2296   000E65                     B4DLC           equ	3685	;# 
  2297   000E66                     B4D0            equ	3686	;# 
  2298   000E67                     B4D1            equ	3687	;# 
  2299   000E68                     B4D2            equ	3688	;# 
  2300   000E69                     B4D3            equ	3689	;# 
  2301   000E6A                     B4D4            equ	3690	;# 
  2302   000E6B                     B4D5            equ	3691	;# 
  2303   000E6C                     B4D6            equ	3692	;# 
  2304   000E6D                     B4D7            equ	3693	;# 
  2305   000E6E                     CANSTAT_RO5     equ	3694	;# 
  2306   000E6F                     CANCON_RO5      equ	3695	;# 
  2307   000E70                     B5CON           equ	3696	;# 
  2308   000E71                     B5SIDH          equ	3697	;# 
  2309   000E72                     B5SIDL          equ	3698	;# 
  2310   000E73                     B5EIDH          equ	3699	;# 
  2311   000E74                     B5EIDL          equ	3700	;# 
  2312   000E75                     B5DLC           equ	3701	;# 
  2313   000E76                     B5D0            equ	3702	;# 
  2314   000E77                     B5D1            equ	3703	;# 
  2315   000E78                     B5D2            equ	3704	;# 
  2316   000E79                     B5D3            equ	3705	;# 
  2317   000E7A                     B5D4            equ	3706	;# 
  2318   000E7B                     B5D5            equ	3707	;# 
  2319   000E7C                     B5D6            equ	3708	;# 
  2320   000E7D                     B5D7            equ	3709	;# 
  2321   000E7E                     CANSTAT_RO4     equ	3710	;# 
  2322   000E7F                     CANCON_RO4      equ	3711	;# 
  2323   000F00                     RXF0SIDH        equ	3840	;# 
  2324   000F01                     RXF0SIDL        equ	3841	;# 
  2325   000F02                     RXF0EIDH        equ	3842	;# 
  2326   000F03                     RXF0EIDL        equ	3843	;# 
  2327   000F04                     RXF1SIDH        equ	3844	;# 
  2328   000F05                     RXF1SIDL        equ	3845	;# 
  2329   000F06                     RXF1EIDH        equ	3846	;# 
  2330   000F07                     RXF1EIDL        equ	3847	;# 
  2331   000F08                     RXF2SIDH        equ	3848	;# 
  2332   000F09                     RXF2SIDL        equ	3849	;# 
  2333   000F0A                     RXF2EIDH        equ	3850	;# 
  2334   000F0B                     RXF2EIDL        equ	3851	;# 
  2335   000F0C                     RXF3SIDH        equ	3852	;# 
  2336   000F0D                     RXF3SIDL        equ	3853	;# 
  2337   000F0E                     RXF3EIDH        equ	3854	;# 
  2338   000F0F                     RXF3EIDL        equ	3855	;# 
  2339   000F10                     RXF4SIDH        equ	3856	;# 
  2340   000F11                     RXF4SIDL        equ	3857	;# 
  2341   000F12                     RXF4EIDH        equ	3858	;# 
  2342   000F13                     RXF4EIDL        equ	3859	;# 
  2343   000F14                     RXF5SIDH        equ	3860	;# 
  2344   000F15                     RXF5SIDL        equ	3861	;# 
  2345   000F16                     RXF5EIDH        equ	3862	;# 
  2346   000F17                     RXF5EIDL        equ	3863	;# 
  2347   000F18                     RXM0SIDH        equ	3864	;# 
  2348   000F19                     RXM0SIDL        equ	3865	;# 
  2349   000F1A                     RXM0EIDH        equ	3866	;# 
  2350   000F1B                     RXM0EIDL        equ	3867	;# 
  2351   000F1C                     RXM1SIDH        equ	3868	;# 
  2352   000F1D                     RXM1SIDL        equ	3869	;# 
  2353   000F1E                     RXM1EIDH        equ	3870	;# 
  2354   000F1F                     RXM1EIDL        equ	3871	;# 
  2355   000F20                     TXB2CON         equ	3872	;# 
  2356   000F21                     TXB2SIDH        equ	3873	;# 
  2357   000F22                     TXB2SIDL        equ	3874	;# 
  2358   000F23                     TXB2EIDH        equ	3875	;# 
  2359   000F24                     TXB2EIDL        equ	3876	;# 
  2360   000F25                     TXB2DLC         equ	3877	;# 
  2361   000F26                     TXB2D0          equ	3878	;# 
  2362   000F27                     TXB2D1          equ	3879	;# 
  2363   000F28                     TXB2D2          equ	3880	;# 
  2364   000F29                     TXB2D3          equ	3881	;# 
  2365   000F2A                     TXB2D4          equ	3882	;# 
  2366   000F2B                     TXB2D5          equ	3883	;# 
  2367   000F2C                     TXB2D6          equ	3884	;# 
  2368   000F2D                     TXB2D7          equ	3885	;# 
  2369   000F2E                     CANSTAT_RO3     equ	3886	;# 
  2370   000F2F                     CANCON_RO3      equ	3887	;# 
  2371   000F30                     TXB1CON         equ	3888	;# 
  2372   000F31                     TXB1SIDH        equ	3889	;# 
  2373   000F32                     TXB1SIDL        equ	3890	;# 
  2374   000F33                     TXB1EIDH        equ	3891	;# 
  2375   000F34                     TXB1EIDL        equ	3892	;# 
  2376   000F35                     TXB1DLC         equ	3893	;# 
  2377   000F36                     TXB1D0          equ	3894	;# 
  2378   000F37                     TXB1D1          equ	3895	;# 
  2379   000F38                     TXB1D2          equ	3896	;# 
  2380   000F39                     TXB1D3          equ	3897	;# 
  2381   000F3A                     TXB1D4          equ	3898	;# 
  2382   000F3B                     TXB1D5          equ	3899	;# 
  2383   000F3C                     TXB1D6          equ	3900	;# 
  2384   000F3D                     TXB1D7          equ	3901	;# 
  2385   000F3E                     CANSTAT_RO2     equ	3902	;# 
  2386   000F3F                     CANCON_RO2      equ	3903	;# 
  2387   000F40                     TXB0CON         equ	3904	;# 
  2388   000F41                     TXB0SIDH        equ	3905	;# 
  2389   000F42                     TXB0SIDL        equ	3906	;# 
  2390   000F43                     TXB0EIDH        equ	3907	;# 
  2391   000F44                     TXB0EIDL        equ	3908	;# 
  2392   000F45                     TXB0DLC         equ	3909	;# 
  2393   000F46                     TXB0D0          equ	3910	;# 
  2394   000F47                     TXB0D1          equ	3911	;# 
  2395   000F48                     TXB0D2          equ	3912	;# 
  2396   000F49                     TXB0D3          equ	3913	;# 
  2397   000F4A                     TXB0D4          equ	3914	;# 
  2398   000F4B                     TXB0D5          equ	3915	;# 
  2399   000F4C                     TXB0D6          equ	3916	;# 
  2400   000F4D                     TXB0D7          equ	3917	;# 
  2401   000F4E                     CANSTAT_RO1     equ	3918	;# 
  2402   000F4F                     CANCON_RO1      equ	3919	;# 
  2403   000F50                     RXB1CON         equ	3920	;# 
  2404   000F51                     RXB1SIDH        equ	3921	;# 
  2405   000F52                     RXB1SIDL        equ	3922	;# 
  2406   000F53                     RXB1EIDH        equ	3923	;# 
  2407   000F54                     RXB1EIDL        equ	3924	;# 
  2408   000F55                     RXB1DLC         equ	3925	;# 
  2409   000F56                     RXB1D0          equ	3926	;# 
  2410   000F57                     RXB1D1          equ	3927	;# 
  2411   000F58                     RXB1D2          equ	3928	;# 
  2412   000F59                     RXB1D3          equ	3929	;# 
  2413   000F5A                     RXB1D4          equ	3930	;# 
  2414   000F5B                     RXB1D5          equ	3931	;# 
  2415   000F5C                     RXB1D6          equ	3932	;# 
  2416   000F5D                     RXB1D7          equ	3933	;# 
  2417   000F5E                     CANSTAT_RO0     equ	3934	;# 
  2418   000F5F                     CANCON_RO0      equ	3935	;# 
  2419   000F60                     RXB0CON         equ	3936	;# 
  2420   000F61                     RXB0SIDH        equ	3937	;# 
  2421   000F62                     RXB0SIDL        equ	3938	;# 
  2422   000F63                     RXB0EIDH        equ	3939	;# 
  2423   000F64                     RXB0EIDL        equ	3940	;# 
  2424   000F65                     RXB0DLC         equ	3941	;# 
  2425   000F66                     RXB0D0          equ	3942	;# 
  2426   000F67                     RXB0D1          equ	3943	;# 
  2427   000F68                     RXB0D2          equ	3944	;# 
  2428   000F69                     RXB0D3          equ	3945	;# 
  2429   000F6A                     RXB0D4          equ	3946	;# 
  2430   000F6B                     RXB0D5          equ	3947	;# 
  2431   000F6C                     RXB0D6          equ	3948	;# 
  2432   000F6D                     RXB0D7          equ	3949	;# 
  2433   000F6E                     CANSTAT         equ	3950	;# 
  2434   000F6F                     CANCON          equ	3951	;# 
  2435   000F70                     BRGCON1         equ	3952	;# 
  2436   000F71                     BRGCON2         equ	3953	;# 
  2437   000F72                     BRGCON3         equ	3954	;# 
  2438   000F73                     CIOCON          equ	3955	;# 
  2439   000F74                     COMSTAT         equ	3956	;# 
  2440   000F75                     RXERRCNT        equ	3957	;# 
  2441   000F76                     TXERRCNT        equ	3958	;# 
  2442   000F77                     ECANCON         equ	3959	;# 
  2443   000F80                     PORTA           equ	3968	;# 
  2444   000F81                     PORTB           equ	3969	;# 
  2445   000F82                     PORTC           equ	3970	;# 
  2446   000F83                     PORTD           equ	3971	;# 
  2447   000F84                     PORTE           equ	3972	;# 
  2448   000F89                     LATA            equ	3977	;# 
  2449   000F8A                     LATB            equ	3978	;# 
  2450   000F8B                     LATC            equ	3979	;# 
  2451   000F8C                     LATD            equ	3980	;# 
  2452   000F8D                     LATE            equ	3981	;# 
  2453   000F92                     TRISA           equ	3986	;# 
  2454   000F92                     DDRA            equ	3986	;# 
  2455   000F93                     TRISB           equ	3987	;# 
  2456   000F93                     DDRB            equ	3987	;# 
  2457   000F94                     TRISC           equ	3988	;# 
  2458   000F94                     DDRC            equ	3988	;# 
  2459   000F95                     TRISD           equ	3989	;# 
  2460   000F95                     DDRD            equ	3989	;# 
  2461   000F96                     TRISE           equ	3990	;# 
  2462   000F96                     DDRE            equ	3990	;# 
  2463   000F9B                     OSCTUNE         equ	3995	;# 
  2464   000F9D                     PIE1            equ	3997	;# 
  2465   000F9E                     PIR1            equ	3998	;# 
  2466   000F9F                     IPR1            equ	3999	;# 
  2467   000FA0                     PIE2            equ	4000	;# 
  2468   000FA1                     PIR2            equ	4001	;# 
  2469   000FA2                     IPR2            equ	4002	;# 
  2470   000FA3                     PIE3            equ	4003	;# 
  2471   000FA4                     PIR3            equ	4004	;# 
  2472   000FA5                     IPR3            equ	4005	;# 
  2473   000FA6                     EECON1          equ	4006	;# 
  2474   000FA7                     EECON2          equ	4007	;# 
  2475   000FA8                     EEDATA          equ	4008	;# 
  2476   000FA9                     EEADR           equ	4009	;# 
  2477   000FAB                     RCSTA           equ	4011	;# 
  2478   000FAB                     RCSTA1          equ	4011	;# 
  2479   000FAC                     TXSTA           equ	4012	;# 
  2480   000FAC                     TXSTA1          equ	4012	;# 
  2481   000FAD                     TXREG           equ	4013	;# 
  2482   000FAD                     TXREG1          equ	4013	;# 
  2483   000FAE                     RCREG           equ	4014	;# 
  2484   000FAE                     RCREG1          equ	4014	;# 
  2485   000FAF                     SPBRG           equ	4015	;# 
  2486   000FAF                     SPBRG1          equ	4015	;# 
  2487   000FB0                     SPBRGH          equ	4016	;# 
  2488   000FB1                     T3CON           equ	4017	;# 
  2489   000FB2                     TMR3            equ	4018	;# 
  2490   000FB2                     TMR3L           equ	4018	;# 
  2491   000FB3                     TMR3H           equ	4019	;# 
  2492   000FB4                     CMCON           equ	4020	;# 
  2493   000FB5                     CVRCON          equ	4021	;# 
  2494   000FB6                     ECCP1AS         equ	4022	;# 
  2495   000FB7                     ECCP1DEL        equ	4023	;# 
  2496   000FB8                     BAUDCON         equ	4024	;# 
  2497   000FB8                     BAUDCTL         equ	4024	;# 
  2498   000FBA                     ECCP1CON        equ	4026	;# 
  2499   000FBB                     ECCPR1          equ	4027	;# 
  2500   000FBB                     ECCPR1L         equ	4027	;# 
  2501   000FBC                     ECCPR1H         equ	4028	;# 
  2502   000FBD                     CCP1CON         equ	4029	;# 
  2503   000FBE                     CCPR1           equ	4030	;# 
  2504   000FBE                     CCPR1L          equ	4030	;# 
  2505   000FBF                     CCPR1H          equ	4031	;# 
  2506   000FC0                     ADCON2          equ	4032	;# 
  2507   000FC1                     ADCON1          equ	4033	;# 
  2508   000FC2                     ADCON0          equ	4034	;# 
  2509   000FC3                     ADRES           equ	4035	;# 
  2510   000FC3                     ADRESL          equ	4035	;# 
  2511   000FC4                     ADRESH          equ	4036	;# 
  2512   000FC5                     SSPCON2         equ	4037	;# 
  2513   000FC6                     SSPCON1         equ	4038	;# 
  2514   000FC7                     SSPSTAT         equ	4039	;# 
  2515   000FC8                     SSPADD          equ	4040	;# 
  2516   000FC9                     SSPBUF          equ	4041	;# 
  2517   000FCA                     T2CON           equ	4042	;# 
  2518   000FCB                     PR2             equ	4043	;# 
  2519   000FCB                     MEMCON          equ	4043	;# 
  2520   000FCC                     TMR2            equ	4044	;# 
  2521   000FCD                     T1CON           equ	4045	;# 
  2522   000FCE                     TMR1            equ	4046	;# 
  2523   000FCE                     TMR1L           equ	4046	;# 
  2524   000FCF                     TMR1H           equ	4047	;# 
  2525   000FD0                     RCON            equ	4048	;# 
  2526   000FD1                     WDTCON          equ	4049	;# 
  2527   000FD2                     HLVDCON         equ	4050	;# 
  2528   000FD2                     LVDCON          equ	4050	;# 
  2529   000FD3                     OSCCON          equ	4051	;# 
  2530   000FD5                     T0CON           equ	4053	;# 
  2531   000FD6                     TMR0            equ	4054	;# 
  2532   000FD6                     TMR0L           equ	4054	;# 
  2533   000FD7                     TMR0H           equ	4055	;# 
  2534   000FD8                     STATUS          equ	4056	;# 
  2535   000FD9                     FSR2            equ	4057	;# 
  2536   000FD9                     FSR2L           equ	4057	;# 
  2537   000FDA                     FSR2H           equ	4058	;# 
  2538   000FDB                     PLUSW2          equ	4059	;# 
  2539   000FDC                     PREINC2         equ	4060	;# 
  2540   000FDD                     POSTDEC2        equ	4061	;# 
  2541   000FDE                     POSTINC2        equ	4062	;# 
  2542   000FDF                     INDF2           equ	4063	;# 
  2543   000FE0                     BSR             equ	4064	;# 
  2544   000FE1                     FSR1            equ	4065	;# 
  2545   000FE1                     FSR1L           equ	4065	;# 
  2546   000FE2                     FSR1H           equ	4066	;# 
  2547   000FE3                     PLUSW1          equ	4067	;# 
  2548   000FE4                     PREINC1         equ	4068	;# 
  2549   000FE5                     POSTDEC1        equ	4069	;# 
  2550   000FE6                     POSTINC1        equ	4070	;# 
  2551   000FE7                     INDF1           equ	4071	;# 
  2552   000FE8                     WREG            equ	4072	;# 
  2553   000FE9                     FSR0            equ	4073	;# 
  2554   000FE9                     FSR0L           equ	4073	;# 
  2555   000FEA                     FSR0H           equ	4074	;# 
  2556   000FEB                     PLUSW0          equ	4075	;# 
  2557   000FEC                     PREINC0         equ	4076	;# 
  2558   000FED                     POSTDEC0        equ	4077	;# 
  2559   000FEE                     POSTINC0        equ	4078	;# 
  2560   000FEF                     INDF0           equ	4079	;# 
  2561   000FF0                     INTCON3         equ	4080	;# 
  2562   000FF1                     INTCON2         equ	4081	;# 
  2563   000FF2                     INTCON          equ	4082	;# 
  2564   000FF3                     PROD            equ	4083	;# 
  2565   000FF3                     PRODL           equ	4083	;# 
  2566   000FF4                     PRODH           equ	4084	;# 
  2567   000FF5                     TABLAT          equ	4085	;# 
  2568   000FF6                     TBLPTR          equ	4086	;# 
  2569   000FF6                     TBLPTRL         equ	4086	;# 
  2570   000FF7                     TBLPTRH         equ	4087	;# 
  2571   000FF8                     TBLPTRU         equ	4088	;# 
  2572   000FF9                     PCLAT           equ	4089	;# 
  2573   000FF9                     PC              equ	4089	;# 
  2574   000FF9                     PCL             equ	4089	;# 
  2575   000FFA                     PCLATH          equ	4090	;# 
  2576   000FFB                     PCLATU          equ	4091	;# 
  2577   000FFC                     STKPTR          equ	4092	;# 
  2578   000FFD                     TOS             equ	4093	;# 
  2579   000FFD                     TOSL            equ	4093	;# 
  2580   000FFE                     TOSH            equ	4094	;# 
  2581   000FFF                     TOSU            equ	4095	;# 
  2582   000D60                     RXF6SIDH        equ	3424	;# 
  2583   000D61                     RXF6SIDL        equ	3425	;# 
  2584   000D62                     RXF6EIDH        equ	3426	;# 
  2585   000D63                     RXF6EIDL        equ	3427	;# 
  2586   000D64                     RXF7SIDH        equ	3428	;# 
  2587   000D65                     RXF7SIDL        equ	3429	;# 
  2588   000D66                     RXF7EIDH        equ	3430	;# 
  2589   000D67                     RXF7EIDL        equ	3431	;# 
  2590   000D68                     RXF8SIDH        equ	3432	;# 
  2591   000D69                     RXF8SIDL        equ	3433	;# 
  2592   000D6A                     RXF8EIDH        equ	3434	;# 
  2593   000D6B                     RXF8EIDL        equ	3435	;# 
  2594   000D70                     RXF9SIDH        equ	3440	;# 
  2595   000D71                     RXF9SIDL        equ	3441	;# 
  2596   000D72                     RXF9EIDH        equ	3442	;# 
  2597   000D73                     RXF9EIDL        equ	3443	;# 
  2598   000D74                     RXF10SIDH       equ	3444	;# 
  2599   000D75                     RXF10SIDL       equ	3445	;# 
  2600   000D76                     RXF10EIDH       equ	3446	;# 
  2601   000D77                     RXF10EIDL       equ	3447	;# 
  2602   000D78                     RXF11SIDH       equ	3448	;# 
  2603   000D79                     RXF11SIDL       equ	3449	;# 
  2604   000D7A                     RXF11EIDH       equ	3450	;# 
  2605   000D7B                     RXF11EIDL       equ	3451	;# 
  2606   000D80                     RXF12SIDH       equ	3456	;# 
  2607   000D81                     RXF12SIDL       equ	3457	;# 
  2608   000D82                     RXF12EIDH       equ	3458	;# 
  2609   000D83                     RXF12EIDL       equ	3459	;# 
  2610   000D84                     RXF13SIDH       equ	3460	;# 
  2611   000D85                     RXF13SIDL       equ	3461	;# 
  2612   000D86                     RXF13EIDH       equ	3462	;# 
  2613   000D87                     RXF13EIDL       equ	3463	;# 
  2614   000D88                     RXF14SIDH       equ	3464	;# 
  2615   000D89                     RXF14SIDL       equ	3465	;# 
  2616   000D8A                     RXF14EIDH       equ	3466	;# 
  2617   000D8B                     RXF14EIDL       equ	3467	;# 
  2618   000D90                     RXF15SIDH       equ	3472	;# 
  2619   000D91                     RXF15SIDL       equ	3473	;# 
  2620   000D92                     RXF15EIDH       equ	3474	;# 
  2621   000D93                     RXF15EIDL       equ	3475	;# 
  2622   000DD4                     RXFCON0         equ	3540	;# 
  2623   000DD5                     RXFCON1         equ	3541	;# 
  2624   000DD8                     SDFLC           equ	3544	;# 
  2625   000DE0                     RXFBCON0        equ	3552	;# 
  2626   000DE1                     RXFBCON1        equ	3553	;# 
  2627   000DE2                     RXFBCON2        equ	3554	;# 
  2628   000DE3                     RXFBCON3        equ	3555	;# 
  2629   000DE4                     RXFBCON4        equ	3556	;# 
  2630   000DE5                     RXFBCON5        equ	3557	;# 
  2631   000DE6                     RXFBCON6        equ	3558	;# 
  2632   000DE7                     RXFBCON7        equ	3559	;# 
  2633   000DF0                     MSEL0           equ	3568	;# 
  2634   000DF1                     MSEL1           equ	3569	;# 
  2635   000DF2                     MSEL2           equ	3570	;# 
  2636   000DF3                     MSEL3           equ	3571	;# 
  2637   000DF8                     BSEL0           equ	3576	;# 
  2638   000DFA                     BIE0            equ	3578	;# 
  2639   000DFC                     TXBIE           equ	3580	;# 
  2640   000E20                     B0CON           equ	3616	;# 
  2641   000E21                     B0SIDH          equ	3617	;# 
  2642   000E22                     B0SIDL          equ	3618	;# 
  2643   000E23                     B0EIDH          equ	3619	;# 
  2644   000E24                     B0EIDL          equ	3620	;# 
  2645   000E25                     B0DLC           equ	3621	;# 
  2646   000E26                     B0D0            equ	3622	;# 
  2647   000E27                     B0D1            equ	3623	;# 
  2648   000E28                     B0D2            equ	3624	;# 
  2649   000E29                     B0D3            equ	3625	;# 
  2650   000E2A                     B0D4            equ	3626	;# 
  2651   000E2B                     B0D5            equ	3627	;# 
  2652   000E2C                     B0D6            equ	3628	;# 
  2653   000E2D                     B0D7            equ	3629	;# 
  2654   000E2E                     CANSTAT_RO9     equ	3630	;# 
  2655   000E2F                     CANCON_RO9      equ	3631	;# 
  2656   000E30                     B1CON           equ	3632	;# 
  2657   000E31                     B1SIDH          equ	3633	;# 
  2658   000E32                     B1SIDL          equ	3634	;# 
  2659   000E33                     B1EIDH          equ	3635	;# 
  2660   000E34                     B1EIDL          equ	3636	;# 
  2661   000E35                     B1DLC           equ	3637	;# 
  2662   000E36                     B1D0            equ	3638	;# 
  2663   000E37                     B1D1            equ	3639	;# 
  2664   000E38                     B1D2            equ	3640	;# 
  2665   000E39                     B1D3            equ	3641	;# 
  2666   000E3A                     B1D4            equ	3642	;# 
  2667   000E3B                     B1D5            equ	3643	;# 
  2668   000E3C                     B1D6            equ	3644	;# 
  2669   000E3D                     B1D7            equ	3645	;# 
  2670   000E3E                     CANSTAT_RO8     equ	3646	;# 
  2671   000E3F                     CANCON_RO8      equ	3647	;# 
  2672   000E40                     B2CON           equ	3648	;# 
  2673   000E41                     B2SIDH          equ	3649	;# 
  2674   000E42                     B2SIDL          equ	3650	;# 
  2675   000E43                     B2EIDH          equ	3651	;# 
  2676   000E44                     B2EIDL          equ	3652	;# 
  2677   000E45                     B2DLC           equ	3653	;# 
  2678   000E46                     B2D0            equ	3654	;# 
  2679   000E47                     B2D1            equ	3655	;# 
  2680   000E48                     B2D2            equ	3656	;# 
  2681   000E49                     B2D3            equ	3657	;# 
  2682   000E4A                     B2D4            equ	3658	;# 
  2683   000E4B                     B2D5            equ	3659	;# 
  2684   000E4C                     B2D6            equ	3660	;# 
  2685   000E4D                     B2D7            equ	3661	;# 
  2686   000E4E                     CANSTAT_RO7     equ	3662	;# 
  2687   000E4F                     CANCON_RO7      equ	3663	;# 
  2688   000E50                     B3CON           equ	3664	;# 
  2689   000E51                     B3SIDH          equ	3665	;# 
  2690   000E52                     B3SIDL          equ	3666	;# 
  2691   000E53                     B3EIDH          equ	3667	;# 
  2692   000E54                     B3EIDL          equ	3668	;# 
  2693   000E55                     B3DLC           equ	3669	;# 
  2694   000E56                     B3D0            equ	3670	;# 
  2695   000E57                     B3D1            equ	3671	;# 
  2696   000E58                     B3D2            equ	3672	;# 
  2697   000E59                     B3D3            equ	3673	;# 
  2698   000E5A                     B3D4            equ	3674	;# 
  2699   000E5B                     B3D5            equ	3675	;# 
  2700   000E5C                     B3D6            equ	3676	;# 
  2701   000E5D                     B3D7            equ	3677	;# 
  2702   000E5E                     CANSTAT_RO6     equ	3678	;# 
  2703   000E5F                     CANCON_RO6      equ	3679	;# 
  2704   000E60                     B4CON           equ	3680	;# 
  2705   000E61                     B4SIDH          equ	3681	;# 
  2706   000E62                     B4SIDL          equ	3682	;# 
  2707   000E63                     B4EIDH          equ	3683	;# 
  2708   000E64                     B4EIDL          equ	3684	;# 
  2709   000E65                     B4DLC           equ	3685	;# 
  2710   000E66                     B4D0            equ	3686	;# 
  2711   000E67                     B4D1            equ	3687	;# 
  2712   000E68                     B4D2            equ	3688	;# 
  2713   000E69                     B4D3            equ	3689	;# 
  2714   000E6A                     B4D4            equ	3690	;# 
  2715   000E6B                     B4D5            equ	3691	;# 
  2716   000E6C                     B4D6            equ	3692	;# 
  2717   000E6D                     B4D7            equ	3693	;# 
  2718   000E6E                     CANSTAT_RO5     equ	3694	;# 
  2719   000E6F                     CANCON_RO5      equ	3695	;# 
  2720   000E70                     B5CON           equ	3696	;# 
  2721   000E71                     B5SIDH          equ	3697	;# 
  2722   000E72                     B5SIDL          equ	3698	;# 
  2723   000E73                     B5EIDH          equ	3699	;# 
  2724   000E74                     B5EIDL          equ	3700	;# 
  2725   000E75                     B5DLC           equ	3701	;# 
  2726   000E76                     B5D0            equ	3702	;# 
  2727   000E77                     B5D1            equ	3703	;# 
  2728   000E78                     B5D2            equ	3704	;# 
  2729   000E79                     B5D3            equ	3705	;# 
  2730   000E7A                     B5D4            equ	3706	;# 
  2731   000E7B                     B5D5            equ	3707	;# 
  2732   000E7C                     B5D6            equ	3708	;# 
  2733   000E7D                     B5D7            equ	3709	;# 
  2734   000E7E                     CANSTAT_RO4     equ	3710	;# 
  2735   000E7F                     CANCON_RO4      equ	3711	;# 
  2736   000F00                     RXF0SIDH        equ	3840	;# 
  2737   000F01                     RXF0SIDL        equ	3841	;# 
  2738   000F02                     RXF0EIDH        equ	3842	;# 
  2739   000F03                     RXF0EIDL        equ	3843	;# 
  2740   000F04                     RXF1SIDH        equ	3844	;# 
  2741   000F05                     RXF1SIDL        equ	3845	;# 
  2742   000F06                     RXF1EIDH        equ	3846	;# 
  2743   000F07                     RXF1EIDL        equ	3847	;# 
  2744   000F08                     RXF2SIDH        equ	3848	;# 
  2745   000F09                     RXF2SIDL        equ	3849	;# 
  2746   000F0A                     RXF2EIDH        equ	3850	;# 
  2747   000F0B                     RXF2EIDL        equ	3851	;# 
  2748   000F0C                     RXF3SIDH        equ	3852	;# 
  2749   000F0D                     RXF3SIDL        equ	3853	;# 
  2750   000F0E                     RXF3EIDH        equ	3854	;# 
  2751   000F0F                     RXF3EIDL        equ	3855	;# 
  2752   000F10                     RXF4SIDH        equ	3856	;# 
  2753   000F11                     RXF4SIDL        equ	3857	;# 
  2754   000F12                     RXF4EIDH        equ	3858	;# 
  2755   000F13                     RXF4EIDL        equ	3859	;# 
  2756   000F14                     RXF5SIDH        equ	3860	;# 
  2757   000F15                     RXF5SIDL        equ	3861	;# 
  2758   000F16                     RXF5EIDH        equ	3862	;# 
  2759   000F17                     RXF5EIDL        equ	3863	;# 
  2760   000F18                     RXM0SIDH        equ	3864	;# 
  2761   000F19                     RXM0SIDL        equ	3865	;# 
  2762   000F1A                     RXM0EIDH        equ	3866	;# 
  2763   000F1B                     RXM0EIDL        equ	3867	;# 
  2764   000F1C                     RXM1SIDH        equ	3868	;# 
  2765   000F1D                     RXM1SIDL        equ	3869	;# 
  2766   000F1E                     RXM1EIDH        equ	3870	;# 
  2767   000F1F                     RXM1EIDL        equ	3871	;# 
  2768   000F20                     TXB2CON         equ	3872	;# 
  2769   000F21                     TXB2SIDH        equ	3873	;# 
  2770   000F22                     TXB2SIDL        equ	3874	;# 
  2771   000F23                     TXB2EIDH        equ	3875	;# 
  2772   000F24                     TXB2EIDL        equ	3876	;# 
  2773   000F25                     TXB2DLC         equ	3877	;# 
  2774   000F26                     TXB2D0          equ	3878	;# 
  2775   000F27                     TXB2D1          equ	3879	;# 
  2776   000F28                     TXB2D2          equ	3880	;# 
  2777   000F29                     TXB2D3          equ	3881	;# 
  2778   000F2A                     TXB2D4          equ	3882	;# 
  2779   000F2B                     TXB2D5          equ	3883	;# 
  2780   000F2C                     TXB2D6          equ	3884	;# 
  2781   000F2D                     TXB2D7          equ	3885	;# 
  2782   000F2E                     CANSTAT_RO3     equ	3886	;# 
  2783   000F2F                     CANCON_RO3      equ	3887	;# 
  2784   000F30                     TXB1CON         equ	3888	;# 
  2785   000F31                     TXB1SIDH        equ	3889	;# 
  2786   000F32                     TXB1SIDL        equ	3890	;# 
  2787   000F33                     TXB1EIDH        equ	3891	;# 
  2788   000F34                     TXB1EIDL        equ	3892	;# 
  2789   000F35                     TXB1DLC         equ	3893	;# 
  2790   000F36                     TXB1D0          equ	3894	;# 
  2791   000F37                     TXB1D1          equ	3895	;# 
  2792   000F38                     TXB1D2          equ	3896	;# 
  2793   000F39                     TXB1D3          equ	3897	;# 
  2794   000F3A                     TXB1D4          equ	3898	;# 
  2795   000F3B                     TXB1D5          equ	3899	;# 
  2796   000F3C                     TXB1D6          equ	3900	;# 
  2797   000F3D                     TXB1D7          equ	3901	;# 
  2798   000F3E                     CANSTAT_RO2     equ	3902	;# 
  2799   000F3F                     CANCON_RO2      equ	3903	;# 
  2800   000F40                     TXB0CON         equ	3904	;# 
  2801   000F41                     TXB0SIDH        equ	3905	;# 
  2802   000F42                     TXB0SIDL        equ	3906	;# 
  2803   000F43                     TXB0EIDH        equ	3907	;# 
  2804   000F44                     TXB0EIDL        equ	3908	;# 
  2805   000F45                     TXB0DLC         equ	3909	;# 
  2806   000F46                     TXB0D0          equ	3910	;# 
  2807   000F47                     TXB0D1          equ	3911	;# 
  2808   000F48                     TXB0D2          equ	3912	;# 
  2809   000F49                     TXB0D3          equ	3913	;# 
  2810   000F4A                     TXB0D4          equ	3914	;# 
  2811   000F4B                     TXB0D5          equ	3915	;# 
  2812   000F4C                     TXB0D6          equ	3916	;# 
  2813   000F4D                     TXB0D7          equ	3917	;# 
  2814   000F4E                     CANSTAT_RO1     equ	3918	;# 
  2815   000F4F                     CANCON_RO1      equ	3919	;# 
  2816   000F50                     RXB1CON         equ	3920	;# 
  2817   000F51                     RXB1SIDH        equ	3921	;# 
  2818   000F52                     RXB1SIDL        equ	3922	;# 
  2819   000F53                     RXB1EIDH        equ	3923	;# 
  2820   000F54                     RXB1EIDL        equ	3924	;# 
  2821   000F55                     RXB1DLC         equ	3925	;# 
  2822   000F56                     RXB1D0          equ	3926	;# 
  2823   000F57                     RXB1D1          equ	3927	;# 
  2824   000F58                     RXB1D2          equ	3928	;# 
  2825   000F59                     RXB1D3          equ	3929	;# 
  2826   000F5A                     RXB1D4          equ	3930	;# 
  2827   000F5B                     RXB1D5          equ	3931	;# 
  2828   000F5C                     RXB1D6          equ	3932	;# 
  2829   000F5D                     RXB1D7          equ	3933	;# 
  2830   000F5E                     CANSTAT_RO0     equ	3934	;# 
  2831   000F5F                     CANCON_RO0      equ	3935	;# 
  2832   000F60                     RXB0CON         equ	3936	;# 
  2833   000F61                     RXB0SIDH        equ	3937	;# 
  2834   000F62                     RXB0SIDL        equ	3938	;# 
  2835   000F63                     RXB0EIDH        equ	3939	;# 
  2836   000F64                     RXB0EIDL        equ	3940	;# 
  2837   000F65                     RXB0DLC         equ	3941	;# 
  2838   000F66                     RXB0D0          equ	3942	;# 
  2839   000F67                     RXB0D1          equ	3943	;# 
  2840   000F68                     RXB0D2          equ	3944	;# 
  2841   000F69                     RXB0D3          equ	3945	;# 
  2842   000F6A                     RXB0D4          equ	3946	;# 
  2843   000F6B                     RXB0D5          equ	3947	;# 
  2844   000F6C                     RXB0D6          equ	3948	;# 
  2845   000F6D                     RXB0D7          equ	3949	;# 
  2846   000F6E                     CANSTAT         equ	3950	;# 
  2847   000F6F                     CANCON          equ	3951	;# 
  2848   000F70                     BRGCON1         equ	3952	;# 
  2849   000F71                     BRGCON2         equ	3953	;# 
  2850   000F72                     BRGCON3         equ	3954	;# 
  2851   000F73                     CIOCON          equ	3955	;# 
  2852   000F74                     COMSTAT         equ	3956	;# 
  2853   000F75                     RXERRCNT        equ	3957	;# 
  2854   000F76                     TXERRCNT        equ	3958	;# 
  2855   000F77                     ECANCON         equ	3959	;# 
  2856   000F80                     PORTA           equ	3968	;# 
  2857   000F81                     PORTB           equ	3969	;# 
  2858   000F82                     PORTC           equ	3970	;# 
  2859   000F83                     PORTD           equ	3971	;# 
  2860   000F84                     PORTE           equ	3972	;# 
  2861   000F89                     LATA            equ	3977	;# 
  2862   000F8A                     LATB            equ	3978	;# 
  2863   000F8B                     LATC            equ	3979	;# 
  2864   000F8C                     LATD            equ	3980	;# 
  2865   000F8D                     LATE            equ	3981	;# 
  2866   000F92                     TRISA           equ	3986	;# 
  2867   000F92                     DDRA            equ	3986	;# 
  2868   000F93                     TRISB           equ	3987	;# 
  2869   000F93                     DDRB            equ	3987	;# 
  2870   000F94                     TRISC           equ	3988	;# 
  2871   000F94                     DDRC            equ	3988	;# 
  2872   000F95                     TRISD           equ	3989	;# 
  2873   000F95                     DDRD            equ	3989	;# 
  2874   000F96                     TRISE           equ	3990	;# 
  2875   000F96                     DDRE            equ	3990	;# 
  2876   000F9B                     OSCTUNE         equ	3995	;# 
  2877   000F9D                     PIE1            equ	3997	;# 
  2878   000F9E                     PIR1            equ	3998	;# 
  2879   000F9F                     IPR1            equ	3999	;# 
  2880   000FA0                     PIE2            equ	4000	;# 
  2881   000FA1                     PIR2            equ	4001	;# 
  2882   000FA2                     IPR2            equ	4002	;# 
  2883   000FA3                     PIE3            equ	4003	;# 
  2884   000FA4                     PIR3            equ	4004	;# 
  2885   000FA5                     IPR3            equ	4005	;# 
  2886   000FA6                     EECON1          equ	4006	;# 
  2887   000FA7                     EECON2          equ	4007	;# 
  2888   000FA8                     EEDATA          equ	4008	;# 
  2889   000FA9                     EEADR           equ	4009	;# 
  2890   000FAB                     RCSTA           equ	4011	;# 
  2891   000FAB                     RCSTA1          equ	4011	;# 
  2892   000FAC                     TXSTA           equ	4012	;# 
  2893   000FAC                     TXSTA1          equ	4012	;# 
  2894   000FAD                     TXREG           equ	4013	;# 
  2895   000FAD                     TXREG1          equ	4013	;# 
  2896   000FAE                     RCREG           equ	4014	;# 
  2897   000FAE                     RCREG1          equ	4014	;# 
  2898   000FAF                     SPBRG           equ	4015	;# 
  2899   000FAF                     SPBRG1          equ	4015	;# 
  2900   000FB0                     SPBRGH          equ	4016	;# 
  2901   000FB1                     T3CON           equ	4017	;# 
  2902   000FB2                     TMR3            equ	4018	;# 
  2903   000FB2                     TMR3L           equ	4018	;# 
  2904   000FB3                     TMR3H           equ	4019	;# 
  2905   000FB4                     CMCON           equ	4020	;# 
  2906   000FB5                     CVRCON          equ	4021	;# 
  2907   000FB6                     ECCP1AS         equ	4022	;# 
  2908   000FB7                     ECCP1DEL        equ	4023	;# 
  2909   000FB8                     BAUDCON         equ	4024	;# 
  2910   000FB8                     BAUDCTL         equ	4024	;# 
  2911   000FBA                     ECCP1CON        equ	4026	;# 
  2912   000FBB                     ECCPR1          equ	4027	;# 
  2913   000FBB                     ECCPR1L         equ	4027	;# 
  2914   000FBC                     ECCPR1H         equ	4028	;# 
  2915   000FBD                     CCP1CON         equ	4029	;# 
  2916   000FBE                     CCPR1           equ	4030	;# 
  2917   000FBE                     CCPR1L          equ	4030	;# 
  2918   000FBF                     CCPR1H          equ	4031	;# 
  2919   000FC0                     ADCON2          equ	4032	;# 
  2920   000FC1                     ADCON1          equ	4033	;# 
  2921   000FC2                     ADCON0          equ	4034	;# 
  2922   000FC3                     ADRES           equ	4035	;# 
  2923   000FC3                     ADRESL          equ	4035	;# 
  2924   000FC4                     ADRESH          equ	4036	;# 
  2925   000FC5                     SSPCON2         equ	4037	;# 
  2926   000FC6                     SSPCON1         equ	4038	;# 
  2927   000FC7                     SSPSTAT         equ	4039	;# 
  2928   000FC8                     SSPADD          equ	4040	;# 
  2929   000FC9                     SSPBUF          equ	4041	;# 
  2930   000FCA                     T2CON           equ	4042	;# 
  2931   000FCB                     PR2             equ	4043	;# 
  2932   000FCB                     MEMCON          equ	4043	;# 
  2933   000FCC                     TMR2            equ	4044	;# 
  2934   000FCD                     T1CON           equ	4045	;# 
  2935   000FCE                     TMR1            equ	4046	;# 
  2936   000FCE                     TMR1L           equ	4046	;# 
  2937   000FCF                     TMR1H           equ	4047	;# 
  2938   000FD0                     RCON            equ	4048	;# 
  2939   000FD1                     WDTCON          equ	4049	;# 
  2940   000FD2                     HLVDCON         equ	4050	;# 
  2941   000FD2                     LVDCON          equ	4050	;# 
  2942   000FD3                     OSCCON          equ	4051	;# 
  2943   000FD5                     T0CON           equ	4053	;# 
  2944   000FD6                     TMR0            equ	4054	;# 
  2945   000FD6                     TMR0L           equ	4054	;# 
  2946   000FD7                     TMR0H           equ	4055	;# 
  2947   000FD8                     STATUS          equ	4056	;# 
  2948   000FD9                     FSR2            equ	4057	;# 
  2949   000FD9                     FSR2L           equ	4057	;# 
  2950   000FDA                     FSR2H           equ	4058	;# 
  2951   000FDB                     PLUSW2          equ	4059	;# 
  2952   000FDC                     PREINC2         equ	4060	;# 
  2953   000FDD                     POSTDEC2        equ	4061	;# 
  2954   000FDE                     POSTINC2        equ	4062	;# 
  2955   000FDF                     INDF2           equ	4063	;# 
  2956   000FE0                     BSR             equ	4064	;# 
  2957   000FE1                     FSR1            equ	4065	;# 
  2958   000FE1                     FSR1L           equ	4065	;# 
  2959   000FE2                     FSR1H           equ	4066	;# 
  2960   000FE3                     PLUSW1          equ	4067	;# 
  2961   000FE4                     PREINC1         equ	4068	;# 
  2962   000FE5                     POSTDEC1        equ	4069	;# 
  2963   000FE6                     POSTINC1        equ	4070	;# 
  2964   000FE7                     INDF1           equ	4071	;# 
  2965   000FE8                     WREG            equ	4072	;# 
  2966   000FE9                     FSR0            equ	4073	;# 
  2967   000FE9                     FSR0L           equ	4073	;# 
  2968   000FEA                     FSR0H           equ	4074	;# 
  2969   000FEB                     PLUSW0          equ	4075	;# 
  2970   000FEC                     PREINC0         equ	4076	;# 
  2971   000FED                     POSTDEC0        equ	4077	;# 
  2972   000FEE                     POSTINC0        equ	4078	;# 
  2973   000FEF                     INDF0           equ	4079	;# 
  2974   000FF0                     INTCON3         equ	4080	;# 
  2975   000FF1                     INTCON2         equ	4081	;# 
  2976   000FF2                     INTCON          equ	4082	;# 
  2977   000FF3                     PROD            equ	4083	;# 
  2978   000FF3                     PRODL           equ	4083	;# 
  2979   000FF4                     PRODH           equ	4084	;# 
  2980   000FF5                     TABLAT          equ	4085	;# 
  2981   000FF6                     TBLPTR          equ	4086	;# 
  2982   000FF6                     TBLPTRL         equ	4086	;# 
  2983   000FF7                     TBLPTRH         equ	4087	;# 
  2984   000FF8                     TBLPTRU         equ	4088	;# 
  2985   000FF9                     PCLAT           equ	4089	;# 
  2986   000FF9                     PC              equ	4089	;# 
  2987   000FF9                     PCL             equ	4089	;# 
  2988   000FFA                     PCLATH          equ	4090	;# 
  2989   000FFB                     PCLATU          equ	4091	;# 
  2990   000FFC                     STKPTR          equ	4092	;# 
  2991   000FFD                     TOS             equ	4093	;# 
  2992   000FFD                     TOSL            equ	4093	;# 
  2993   000FFE                     TOSH            equ	4094	;# 
  2994   000FFF                     TOSU            equ	4095	;# 
  2995                           
  2996                           	psect	idataCOMRAM
  2997   001096                     __pidataCOMRAM:
  2998                           	callstack 0
  2999                           
  3000                           ;initializer for _digits
  3001   001096  E7                 	db	231
  3002   001097  21                 	db	33
  3003   001098  CB                 	db	203
  3004   001099  6B                 	db	107
  3005   00109A  2D                 	db	45
  3006   00109B  6E                 	db	110
  3007   00109C  EE                 	db	238
  3008   00109D  23                 	db	35
  3009   00109E  EF                 	db	239
  3010   00109F  6F                 	db	111
  3011                           
  3012                           ;initializer for switch_read@once
  3013   0010A0  01                 	db	1
  3014                           
  3015                           ;initializer for _indicator
  3016   0010A1  03                 	db	3
  3017   000DD4                     _RXFCON0        set	3540
  3018   000F45                     _TXB0DLC        set	3909
  3019   000F44                     _TXB0EIDL       set	3908
  3020   000F43                     _TXB0EIDH       set	3907
  3021   000F41                     _TXB0SIDH       set	3905
  3022   000F42                     _TXB0SIDL       set	3906
  3023   000F46                     _TXB0D0         set	3910
  3024   007A03                     _TXB0REQ        set	31235
  3025   000F65                     _RXB0DLC        set	3941
  3026   000F61                     _RXB0SIDH       set	3937
  3027   000F62                     _RXB0SIDL       set	3938
  3028   000F60                     _RXB0CONbits    set	3936
  3029   000F60                     _RXB0CON        set	3936
  3030   000F72                     _BRGCON3        set	3954
  3031   000F71                     _BRGCON2        set	3953
  3032   000F70                     _BRGCON1        set	3952
  3033   000F77                     _ECANCON        set	3959
  3034   000F6E                     _CANSTAT        set	3950
  3035   000F6F                     _CANCON         set	3951
  3036   000F83                     _PORTD          set	3971
  3037   000F80                     _PORTA          set	3968
  3038   000F92                     _TRISA          set	3986
  3039   000F95                     _TRISD          set	3989
  3040   000F82                     _PORTC          set	3970
  3041   000FC2                     _ADCON0         set	4034
  3042   000FC3                     _ADRESL         set	4035
  3043   000FC4                     _ADRESH         set	4036
  3044   000F81                     _PORTB          set	3969
  3045   000F94                     _TRISC          set	3988
  3046   000F66                     _RXB0D0         set	3942
  3047   007C1F                     _RD7            set	31775
  3048   007C10                     _RC0            set	31760
  3049   007CAF                     _TRISD7         set	31919
  3050   007C12                     _RC2            set	31762
  3051   007C11                     _RC1            set	31761
  3052   007D20                     _RXB0IF         set	32032
  3053   007B07                     _RXB0FUL        set	31495
  3054   007C9B                     _TRISB3         set	31899
  3055   007C9A                     _TRISB2         set	31898
  3056   007E11                     _GO             set	32273
  3057   007E10                     _ADON           set	32272
  3058   007E0C                     _VCFG0          set	32268
  3059   007E0D                     _VCFG1          set	32269
  3060   007E11                     _GODONE         set	32273
  3061   007E02                     _ADCS2          set	32258
  3062   007E01                     _ADCS1          set	32257
  3063   007E00                     _ADCS0          set	32256
  3064   007E03                     _ACQT0          set	32259
  3065   007E04                     _ACQT1          set	32260
  3066   007E05                     _ACQT2          set	32261
  3067   007E07                     _ADFM           set	32263
  3068                           
  3069                           ; #config settings
  3070                           
  3071                           	psect	cinit
  3072   001040                     __pcinit:
  3073                           	callstack 0
  3074   001040                     start_initialization:
  3075                           	callstack 0
  3076   001040                     __initialization:
  3077                           	callstack 0
  3078                           
  3079                           ; Initialize objects allocated to COMRAM (12 bytes)
  3080                           ; load TBLPTR registers with __pidataCOMRAM
  3081   001040  0E96               	movlw	low __pidataCOMRAM
  3082   001042  6EF6               	movwf	tblptrl,c
  3083   001044  0E10               	movlw	high __pidataCOMRAM
  3084   001046  6EF7               	movwf	tblptrh,c
  3085   001048  0E00               	movlw	low (__pidataCOMRAM shr (0+16))
  3086   00104A  6EF8               	movwf	tblptru,c
  3087   00104C  EE00  F041         	lfsr	0,__pdataCOMRAM
  3088   001050  EE10 F00C          	lfsr	1,12
  3089   001054                     copy_data0:
  3090   001054  0009               	tblrd		*+
  3091   001056  CFF5 FFEE          	movff	tablat,postinc0
  3092   00105A  50E5               	movf	postdec1,w,c
  3093   00105C  50E1               	movf	fsr1l,w,c
  3094   00105E  E1FA               	bnz	copy_data0
  3095                           
  3096                           ; Clear objects allocated to COMRAM (2 bytes)
  3097   001060  6A4E               	clrf	(__pbssCOMRAM+1)& (0+255),c
  3098   001062  6A4D               	clrf	__pbssCOMRAM& (0+255),c
  3099   001064                     end_of_initialization:
  3100                           	callstack 0
  3101   001064                     __end_of__initialization:
  3102                           	callstack 0
  3103   001064  0100               	movlb	0
  3104   001066  EFE0  F006         	goto	_main	;jump to C main() function
  3105                           
  3106                           	psect	bssCOMRAM
  3107   00004D                     __pbssCOMRAM:
  3108                           	callstack 0
  3109   00004D                     _value:
  3110                           	callstack 0
  3111   00004D                     	ds	2
  3112                           
  3113                           	psect	dataCOMRAM
  3114   000041                     __pdataCOMRAM:
  3115                           	callstack 0
  3116   000041                     _digits:
  3117                           	callstack 0
  3118   000041                     	ds	10
  3119   00004B                     switch_read@once:
  3120                           	callstack 0
  3121   00004B                     	ds	1
  3122   00004C                     _indicator:
  3123                           	callstack 0
  3124   00004C                     	ds	1
  3125                           
  3126                           	psect	cstackCOMRAM
  3127   000001                     __pcstackCOMRAM:
  3128                           	callstack 0
  3129   000001                     ?_read_adc:
  3130                           	callstack 0
  3131   000001                     switch_read@option:
  3132                           	callstack 0
  3133   000001                     set_msg_id_std@id:
  3134                           	callstack 0
  3135   000001                     
  3136                           ; 1 bytes @ 0x0
  3137   000001                     	ds	2
  3138   000003                     ??_read_adc:
  3139   000003                     ??_set_msg_id_std:
  3140                           
  3141                           ; 1 bytes @ 0x2
  3142   000003                     	ds	2
  3143   000005                     read_adc@reg_val:
  3144                           	callstack 0
  3145   000005                     can_transmit@msg_id:
  3146                           	callstack 0
  3147                           
  3148                           ; 2 bytes @ 0x4
  3149   000005                     	ds	2
  3150   000007                     read_adc@channel:
  3151                           	callstack 0
  3152   000007                     can_transmit@data:
  3153                           	callstack 0
  3154                           
  3155                           ; 1 bytes @ 0x6
  3156   000007                     	ds	1
  3157   000008                     ?___xxtofl:
  3158                           	callstack 0
  3159   000008                     can_transmit@len:
  3160                           	callstack 0
  3161   000008                     ___xxtofl@val:
  3162                           	callstack 0
  3163                           
  3164                           ; 4 bytes @ 0x7
  3165   000008                     	ds	1
  3166   000009                     ??_can_transmit:
  3167                           
  3168                           ; 1 bytes @ 0x8
  3169   000009                     	ds	3
  3170   00000C                     can_transmit@ptr:
  3171                           	callstack 0
  3172   00000C                     ??___xxtofl:
  3173                           
  3174                           ; 1 bytes @ 0xB
  3175   00000C                     	ds	2
  3176   00000E                     can_transmit@i:
  3177                           	callstack 0
  3178                           
  3179                           ; 2 bytes @ 0xD
  3180   00000E                     	ds	2
  3181   000010                     ___xxtofl@sign:
  3182                           	callstack 0
  3183                           
  3184                           ; 1 bytes @ 0xF
  3185   000010                     	ds	1
  3186   000011                     ___xxtofl@exp:
  3187                           	callstack 0
  3188                           
  3189                           ; 1 bytes @ 0x10
  3190   000011                     	ds	1
  3191   000012                     ___xxtofl@arg:
  3192                           	callstack 0
  3193                           
  3194                           ; 4 bytes @ 0x11
  3195   000012                     	ds	4
  3196   000016                     ?___flmul:
  3197                           	callstack 0
  3198   000016                     ___flmul@b:
  3199                           	callstack 0
  3200                           
  3201                           ; 4 bytes @ 0x15
  3202   000016                     	ds	4
  3203   00001A                     ___flmul@a:
  3204                           	callstack 0
  3205                           
  3206                           ; 4 bytes @ 0x19
  3207   00001A                     	ds	4
  3208   00001E                     ??___flmul:
  3209                           
  3210                           ; 1 bytes @ 0x1D
  3211   00001E                     	ds	4
  3212   000022                     ___flmul@sign:
  3213                           	callstack 0
  3214                           
  3215                           ; 1 bytes @ 0x21
  3216   000022                     	ds	1
  3217   000023                     ___flmul@grs:
  3218                           	callstack 0
  3219                           
  3220                           ; 4 bytes @ 0x22
  3221   000023                     	ds	4
  3222   000027                     ___flmul@aexp:
  3223                           	callstack 0
  3224                           
  3225                           ; 1 bytes @ 0x26
  3226   000027                     	ds	1
  3227   000028                     ___flmul@bexp:
  3228                           	callstack 0
  3229                           
  3230                           ; 1 bytes @ 0x27
  3231   000028                     	ds	1
  3232   000029                     ___flmul@prod:
  3233                           	callstack 0
  3234                           
  3235                           ; 4 bytes @ 0x28
  3236   000029                     	ds	4
  3237   00002D                     ___flmul@temp:
  3238                           	callstack 0
  3239                           
  3240                           ; 2 bytes @ 0x2C
  3241   00002D                     	ds	2
  3242   00002F                     ?___fltol:
  3243                           	callstack 0
  3244   00002F                     ___fltol@f1:
  3245                           	callstack 0
  3246                           
  3247                           ; 4 bytes @ 0x2E
  3248   00002F                     	ds	4
  3249   000033                     ??___fltol:
  3250                           
  3251                           ; 1 bytes @ 0x32
  3252   000033                     	ds	4
  3253   000037                     ___fltol@sign1:
  3254                           	callstack 0
  3255                           
  3256                           ; 1 bytes @ 0x36
  3257   000037                     	ds	1
  3258   000038                     ___fltol@exp1:
  3259                           	callstack 0
  3260                           
  3261                           ; 1 bytes @ 0x37
  3262   000038                     	ds	1
  3263   000039                     send_data@send:
  3264                           	callstack 0
  3265   000039                     
  3266                           ; 1 bytes @ 0x38
  3267   000039                     	ds	3
  3268   00003C                     send_data@i:
  3269                           	callstack 0
  3270                           
  3271                           ; 2 bytes @ 0x3B
  3272   00003C                     	ds	2
  3273   00003E                     send_data@i_103:
  3274                           	callstack 0
  3275                           
  3276                           ; 2 bytes @ 0x3D
  3277   00003E                     	ds	2
  3278   000040                     main@key:
  3279                           	callstack 0
  3280   000040                     
  3281                           ; 1 bytes @ 0x3F
  3282   000040                     	ds	1
  3283                           
  3284 ;;
  3285 ;;Main: autosize = 0, tempsize = 0, incstack = 0, save=0
  3286 ;;
  3287 ;; *************** function _main *****************
  3288 ;; Defined at:
  3289 ;;		line 67 in file "main.c"
  3290 ;; Parameters:    Size  Location     Type
  3291 ;;		None
  3292 ;; Auto vars:     Size  Location     Type
  3293 ;;  data            8    0        unsigned char [8]
  3294 ;;  rpm1            2    0        unsigned int 
  3295 ;;  delay           2    0        unsigned int 
  3296 ;;  msg_id          2    0        unsigned short 
  3297 ;;  key             1   63[COMRAM] unsigned char 
  3298 ;;  length          1    0        unsigned char 
  3299 ;;  button          1    0        unsigned char 
  3300 ;; Return value:  Size  Location     Type
  3301 ;;                  1    wreg      void 
  3302 ;; Registers used:
  3303 ;;		wreg, fsr1l, fsr1h, fsr2l, fsr2h, status,2, status,0, prodl, prodh, cstack
  3304 ;; Tracked objects:
  3305 ;;		On entry : 0/0
  3306 ;;		On exit  : 0/0
  3307 ;;		Unchanged: 0/0
  3308 ;; Data sizes:     COMRAM   BANK0   BANK1   BANK2   BANK3   BANK4   BANK5
  3309 ;;      Params:         0       0       0       0       0       0       0
  3310 ;;      Locals:         1       0       0       0       0       0       0
  3311 ;;      Temps:          0       0       0       0       0       0       0
  3312 ;;      Totals:         1       0       0       0       0       0       0
  3313 ;;Total ram usage:        1 bytes
  3314 ;; Hardware stack levels required when called: 3
  3315 ;; This function calls:
  3316 ;;		_init_config
  3317 ;;		_rpm
  3318 ;;		_send_data
  3319 ;;		_switch_read
  3320 ;; This function is called by:
  3321 ;;		Startup code after reset
  3322 ;; This function uses a non-reentrant model
  3323 ;;
  3324                           
  3325                           	psect	text0
  3326   000DC0                     __ptext0:
  3327                           	callstack 0
  3328   000DC0                     _main:
  3329                           	callstack 28
  3330   000DC0                     
  3331                           ;main.c: 69:     init_config();
  3332   000DC0  EC43  F008         	call	_init_config	;wreg free
  3333   000DC4                     l1678:
  3334                           
  3335                           ;main.c: 79:     {;main.c: 86:         rpm();
  3336   000DC4  EC94  F007         	call	_rpm	;wreg free
  3337   000DC8                     
  3338                           ;main.c: 87:         send_data();
  3339   000DC8  EC71  F006         	call	_send_data	;wreg free
  3340   000DCC                     
  3341                           ;main.c: 116:         if((key = switch_read(0)) != 0x0F);
  3342   000DCC  0E00               	movlw	0
  3343   000DCE  EC22  F007         	call	_switch_read
  3344   000DD2  6E40               	movwf	main@key^0,c
  3345   000DD4                     
  3346                           ;main.c: 117:         {;main.c: 118:             PORTB = 0x00;
  3347   000DD4  6A81               	clrf	129,c	;volatile
  3348   000DD6                     
  3349                           ;main.c: 120:         };main.c: 122:         if(key == 0x0E )
  3350   000DD6  0E0E               	movlw	14
  3351   000DD8  1840               	xorwf	main@key^0,w,c
  3352   000DDA  A4D8               	btfss	status,2,c
  3353   000DDC  EFF2  F006         	goto	u1021
  3354   000DE0  EFF4  F006         	goto	u1020
  3355   000DE4                     u1021:
  3356   000DE4  EFF7  F006         	goto	l1688
  3357   000DE8                     u1020:
  3358   000DE8                     
  3359                           ;main.c: 123:         {;main.c: 127:               indicator = 0;
  3360   000DE8  6A4C               	clrf	_indicator^0,c
  3361                           
  3362                           ;main.c: 128:         }
  3363   000DEA  EFE2  F006         	goto	l1678
  3364   000DEE                     l1688:
  3365   000DEE  0E0D               	movlw	13
  3366   000DF0  1840               	xorwf	main@key^0,w,c
  3367   000DF2  A4D8               	btfss	status,2,c
  3368   000DF4  EFFE  F006         	goto	u1031
  3369   000DF8  EF00  F007         	goto	u1030
  3370   000DFC                     u1031:
  3371   000DFC  EF04  F007         	goto	l1692
  3372   000E00                     u1030:
  3373   000E00                     
  3374                           ;main.c: 130:         {;main.c: 136:             indicator = 3;
  3375   000E00  0E03               	movlw	3
  3376   000E02  6E4C               	movwf	_indicator^0,c
  3377                           
  3378                           ;main.c: 137:         }
  3379   000E04  EFE2  F006         	goto	l1678
  3380   000E08                     l1692:
  3381   000E08  0E0B               	movlw	11
  3382   000E0A  1840               	xorwf	main@key^0,w,c
  3383   000E0C  A4D8               	btfss	status,2,c
  3384   000E0E  EF0B  F007         	goto	u1041
  3385   000E12  EF0D  F007         	goto	u1040
  3386   000E16                     u1041:
  3387   000E16  EF11  F007         	goto	l1696
  3388   000E1A                     u1040:
  3389   000E1A                     
  3390                           ;main.c: 139:         {;main.c: 143:             indicator = 1;
  3391   000E1A  0E01               	movlw	1
  3392   000E1C  6E4C               	movwf	_indicator^0,c
  3393                           
  3394                           ;main.c: 144:         }
  3395   000E1E  EFE2  F006         	goto	l1678
  3396   000E22                     l1696:
  3397   000E22  0E07               	movlw	7
  3398   000E24  1840               	xorwf	main@key^0,w,c
  3399   000E26  A4D8               	btfss	status,2,c
  3400   000E28  EF18  F007         	goto	u1051
  3401   000E2C  EF1A  F007         	goto	u1050
  3402   000E30                     u1051:
  3403   000E30  EF1E  F007         	goto	l31
  3404   000E34                     u1050:
  3405   000E34                     
  3406                           ;main.c: 146:         {;main.c: 150:             indicator = 2;
  3407   000E34  0E02               	movlw	2
  3408   000E36  6E4C               	movwf	_indicator^0,c
  3409   000E38  EFE2  F006         	goto	l1678
  3410   000E3C                     l31:
  3411   000E3C  EFE2  F006         	goto	l1678
  3412   000E40  EFFE  F017         	goto	start
  3413   000E44                     __end_of_main:
  3414                           	callstack 0
  3415                           
  3416 ;; *************** function _switch_read *****************
  3417 ;; Defined at:
  3418 ;;		line 12 in file "dkps.c"
  3419 ;; Parameters:    Size  Location     Type
  3420 ;;  option          1    wreg     unsigned char 
  3421 ;; Auto vars:     Size  Location     Type
  3422 ;;  option          1    0[COMRAM] unsigned char 
  3423 ;; Return value:  Size  Location     Type
  3424 ;;                  1    wreg      unsigned char 
  3425 ;; Registers used:
  3426 ;;		wreg, status,2, status,0
  3427 ;; Tracked objects:
  3428 ;;		On entry : 0/0
  3429 ;;		On exit  : 0/0
  3430 ;;		Unchanged: 0/0
  3431 ;; Data sizes:     COMRAM   BANK0   BANK1   BANK2   BANK3   BANK4   BANK5
  3432 ;;      Params:         0       0       0       0       0       0       0
  3433 ;;      Locals:         1       0       0       0       0       0       0
  3434 ;;      Temps:          0       0       0       0       0       0       0
  3435 ;;      Totals:         1       0       0       0       0       0       0
  3436 ;;Total ram usage:        1 bytes
  3437 ;; Hardware stack levels used: 1
  3438 ;; This function calls:
  3439 ;;		Nothing
  3440 ;; This function is called by:
  3441 ;;		_main
  3442 ;; This function uses a non-reentrant model
  3443 ;;
  3444                           
  3445                           	psect	text1
  3446   000E44                     __ptext1:
  3447                           	callstack 0
  3448   000E44                     _switch_read:
  3449                           	callstack 30
  3450                           
  3451                           ;incstack = 0
  3452                           ;switch_read@option stored from wreg
  3453   000E44  6E01               	movwf	switch_read@option^0,c
  3454   000E46                     
  3455                           ;dkps.c: 12: unsigned char switch_read(unsigned char option);dkps.c: 13: {;dkps.c: 14:  
      +                             if(option == 0)
  3456   000E46  5001               	movf	switch_read@option^0,w,c
  3457   000E48  A4D8               	btfss	status,2,c
  3458   000E4A  EF29  F007         	goto	u431
  3459   000E4E  EF2B  F007         	goto	u430
  3460   000E52                     u431:
  3461   000E52  EF51  F007         	goto	l1242
  3462   000E56                     u430:
  3463   000E56                     
  3464                           ;dkps.c: 15:     {;dkps.c: 16:         static unsigned char once = 1;;dkps.c: 17:       
      +                            if((PORTC & 0x0F) != 0x0F && once)
  3465   000E56  5082               	movf	130,w,c	;volatile
  3466   000E58  0B0F               	andlw	15
  3467   000E5A  0A0F               	xorlw	15
  3468   000E5C  B4D8               	btfsc	status,2,c
  3469   000E5E  EF33  F007         	goto	u441
  3470   000E62  EF35  F007         	goto	u440
  3471   000E66                     u441:
  3472   000E66  EF42  F007         	goto	l1234
  3473   000E6A                     u440:
  3474   000E6A  504B               	movf	switch_read@once^0,w,c
  3475   000E6C  B4D8               	btfsc	status,2,c
  3476   000E6E  EF3B  F007         	goto	u451
  3477   000E72  EF3D  F007         	goto	u450
  3478   000E76                     u451:
  3479   000E76  EF42  F007         	goto	l1234
  3480   000E7A                     u450:
  3481   000E7A                     
  3482                           ;dkps.c: 18:         {;dkps.c: 19:             once = 0;
  3483   000E7A  6A4B               	clrf	switch_read@once^0,c
  3484   000E7C                     l1228:
  3485                           
  3486                           ;dkps.c: 20:             return (PORTC & 0x0F);
  3487   000E7C  5082               	movf	130,w,c	;volatile
  3488   000E7E  0B0F               	andlw	15
  3489   000E80  EF5B  F007         	goto	l87
  3490   000E84                     l1234:
  3491   000E84  5082               	movf	130,w,c	;volatile
  3492   000E86  0B0F               	andlw	15
  3493   000E88  0A0F               	xorlw	15
  3494   000E8A  A4D8               	btfss	status,2,c
  3495   000E8C  EF4A  F007         	goto	u461
  3496   000E90  EF4C  F007         	goto	u460
  3497   000E94                     u461:
  3498   000E94  EF4E  F007         	goto	l1238
  3499   000E98                     u460:
  3500   000E98                     
  3501                           ;dkps.c: 23:         {;dkps.c: 24:             once = 1;
  3502   000E98  0E01               	movlw	1
  3503   000E9A  6E4B               	movwf	switch_read@once^0,c
  3504   000E9C                     l1238:
  3505                           
  3506                           ;dkps.c: 25:             return 0x0F;
  3507   000E9C  0E0F               	movlw	15
  3508   000E9E  EF5B  F007         	goto	l87
  3509   000EA2                     l1242:
  3510   000EA2  0401               	decf	switch_read@option^0,w,c
  3511   000EA4  A4D8               	btfss	status,2,c
  3512   000EA6  EF57  F007         	goto	u471
  3513   000EAA  EF59  F007         	goto	u470
  3514   000EAE                     u471:
  3515   000EAE  EF4E  F007         	goto	l1238
  3516   000EB2                     u470:
  3517   000EB2  EF3E  F007         	goto	l1228
  3518   000EB6                     l87:
  3519   000EB6  0012               	return		;funcret
  3520   000EB8                     __end_of_switch_read:
  3521                           	callstack 0
  3522                           
  3523 ;; *************** function _send_data *****************
  3524 ;; Defined at:
  3525 ;;		line 28 in file "sensor.c"
  3526 ;; Parameters:    Size  Location     Type
  3527 ;;		None
  3528 ;; Auto vars:     Size  Location     Type
  3529 ;;  i               2   61[COMRAM] int 
  3530 ;;  i               2   59[COMRAM] int 
  3531 ;;  send            3   56[COMRAM] unsigned char [3]
  3532 ;; Return value:  Size  Location     Type
  3533 ;;                  1    wreg      void 
  3534 ;; Registers used:
  3535 ;;		wreg, fsr1l, fsr1h, fsr2l, fsr2h, status,2, status,0, prodl, prodh, cstack
  3536 ;; Tracked objects:
  3537 ;;		On entry : 0/0
  3538 ;;		On exit  : 0/0
  3539 ;;		Unchanged: 0/0
  3540 ;; Data sizes:     COMRAM   BANK0   BANK1   BANK2   BANK3   BANK4   BANK5
  3541 ;;      Params:         0       0       0       0       0       0       0
  3542 ;;      Locals:         7       0       0       0       0       0       0
  3543 ;;      Temps:          0       0       0       0       0       0       0
  3544 ;;      Totals:         7       0       0       0       0       0       0
  3545 ;;Total ram usage:        7 bytes
  3546 ;; Hardware stack levels used: 1
  3547 ;; Hardware stack levels required when called: 2
  3548 ;; This function calls:
  3549 ;;		___flmul
  3550 ;;		___fltol
  3551 ;;		___xxtofl
  3552 ;;		_can_transmit
  3553 ;;		_read_adc
  3554 ;; This function is called by:
  3555 ;;		_main
  3556 ;; This function uses a non-reentrant model
  3557 ;;
  3558                           
  3559                           	psect	text2
  3560   000CE2                     __ptext2:
  3561                           	callstack 0
  3562   000CE2                     _send_data:
  3563                           	callstack 28
  3564   000CE2                     
  3565                           ;sensor.c: 30:     value = read_adc(0x04) * 5.866;
  3566   000CE2  0E46               	movlw	70
  3567   000CE4  6E1A               	movwf	___flmul@a^0,c
  3568   000CE6  0EB6               	movlw	182
  3569   000CE8  6E1B               	movwf	(___flmul@a+1)^0,c
  3570   000CEA  0EBB               	movlw	187
  3571   000CEC  6E1C               	movwf	(___flmul@a+2)^0,c
  3572   000CEE  0E40               	movlw	64
  3573   000CF0  6E1D               	movwf	(___flmul@a+3)^0,c
  3574   000CF2  0E04               	movlw	4
  3575   000CF4  ECC1  F007         	call	_read_adc
  3576   000CF8  C001  F008         	movff	?_read_adc,___xxtofl@val
  3577   000CFC  C002  F009         	movff	?_read_adc+1,___xxtofl@val+1
  3578   000D00  6A0A               	clrf	(___xxtofl@val+2)^0,c
  3579   000D02  6A0B               	clrf	(___xxtofl@val+3)^0,c
  3580   000D04  0E00               	movlw	0
  3581   000D06  EC14  F005         	call	___xxtofl
  3582   000D0A  C008  F016         	movff	?___xxtofl,___flmul@b
  3583   000D0E  C009  F017         	movff	?___xxtofl+1,___flmul@b+1
  3584   000D12  C00A  F018         	movff	?___xxtofl+2,___flmul@b+2
  3585   000D16  C00B  F019         	movff	?___xxtofl+3,___flmul@b+3
  3586   000D1A  EC01  F003         	call	___flmul	;wreg free
  3587   000D1E  C016  F02F         	movff	?___flmul,___fltol@f1
  3588   000D22  C017  F030         	movff	?___flmul+1,___fltol@f1+1
  3589   000D26  C018  F031         	movff	?___flmul+2,___fltol@f1+2
  3590   000D2A  C019  F032         	movff	?___flmul+3,___fltol@f1+3
  3591   000D2E  ECEE  F005         	call	___fltol	;wreg free
  3592   000D32  C02F  F04D         	movff	?___fltol,_value
  3593   000D36  C030  F04E         	movff	?___fltol+1,_value+1
  3594   000D3A                     
  3595                           ;sensor.c: 32:     char send[3];;sensor.c: 33:     send[0] = value & 0xFF;
  3596   000D3A  C04D  F039         	movff	_value,send_data@send
  3597   000D3E                     
  3598                           ;sensor.c: 34:     send[1] = (value >> 8) & 0xFF;
  3599   000D3E  504E               	movf	(_value+1)^0,w,c
  3600   000D40  6E3A               	movwf	(send_data@send+1)^0,c
  3601   000D42                     
  3602                           ;sensor.c: 35:     can_transmit(0x00,&send,2);
  3603   000D42  0E00               	movlw	0
  3604   000D44  6E06               	movwf	(can_transmit@msg_id+1)^0,c
  3605   000D46  0E00               	movlw	0
  3606   000D48  6E05               	movwf	can_transmit@msg_id^0,c
  3607   000D4A  0E39               	movlw	low send_data@send
  3608   000D4C  6E07               	movwf	can_transmit@data^0,c
  3609   000D4E  0E02               	movlw	2
  3610   000D50  6E08               	movwf	can_transmit@len^0,c
  3611   000D52  EC5C  F007         	call	_can_transmit	;wreg free
  3612   000D56                     
  3613                           ;sensor.c: 36:     for(int i =1000; i>0; i--);
  3614   000D56  0E03               	movlw	3
  3615   000D58  6E3D               	movwf	(send_data@i+1)^0,c
  3616   000D5A  0EE8               	movlw	232
  3617   000D5C  6E3C               	movwf	send_data@i^0,c
  3618   000D5E                     l1656:
  3619   000D5E  063C               	decf	send_data@i^0,f,c
  3620   000D60  A0D8               	btfss	status,0,c
  3621   000D62  063D               	decf	(send_data@i+1)^0,f,c
  3622   000D64  BE3D               	btfsc	(send_data@i+1)^0,7,c
  3623   000D66  EFBF  F006         	goto	u1000
  3624   000D6A  503D               	movf	(send_data@i+1)^0,w,c
  3625   000D6C  E106               	bnz	u1001
  3626   000D6E  043C               	decf	send_data@i^0,w,c
  3627   000D70  B0D8               	btfsc	status,0,c
  3628   000D72  EFBD  F006         	goto	u1001
  3629   000D76  EFBF  F006         	goto	u1000
  3630   000D7A                     u1001:
  3631   000D7A  EFAF  F006         	goto	l1656
  3632   000D7E                     u1000:
  3633   000D7E                     
  3634                           ;sensor.c: 38:     send[0] = indicator;
  3635   000D7E  C04C  F039         	movff	_indicator,send_data@send
  3636   000D82                     
  3637                           ;sensor.c: 39:     can_transmit(0x01,&send,1);
  3638   000D82  0E00               	movlw	0
  3639   000D84  6E06               	movwf	(can_transmit@msg_id+1)^0,c
  3640   000D86  0E01               	movlw	1
  3641   000D88  6E05               	movwf	can_transmit@msg_id^0,c
  3642   000D8A  0E39               	movlw	low send_data@send
  3643   000D8C  6E07               	movwf	can_transmit@data^0,c
  3644   000D8E  0E01               	movlw	1
  3645   000D90  6E08               	movwf	can_transmit@len^0,c
  3646   000D92  EC5C  F007         	call	_can_transmit	;wreg free
  3647   000D96                     
  3648                           ;sensor.c: 40:     for(int i =1000; i>0; i--);
  3649   000D96  0E03               	movlw	3
  3650   000D98  6E3F               	movwf	(send_data@i_103+1)^0,c
  3651   000D9A  0EE8               	movlw	232
  3652   000D9C  6E3E               	movwf	send_data@i_103^0,c
  3653   000D9E                     l1668:
  3654   000D9E  063E               	decf	send_data@i_103^0,f,c
  3655   000DA0  A0D8               	btfss	status,0,c
  3656   000DA2  063F               	decf	(send_data@i_103+1)^0,f,c
  3657   000DA4  BE3F               	btfsc	(send_data@i_103+1)^0,7,c
  3658   000DA6  EFDF  F006         	goto	u1010
  3659   000DAA  503F               	movf	(send_data@i_103+1)^0,w,c
  3660   000DAC  E106               	bnz	u1011
  3661   000DAE  043E               	decf	send_data@i_103^0,w,c
  3662   000DB0  B0D8               	btfsc	status,0,c
  3663   000DB2  EFDD  F006         	goto	u1011
  3664   000DB6  EFDF  F006         	goto	u1010
  3665   000DBA                     u1011:
  3666   000DBA  EFCF  F006         	goto	l1668
  3667   000DBE                     u1010:
  3668   000DBE  0012               	return		;funcret
  3669   000DC0                     __end_of_send_data:
  3670                           	callstack 0
  3671                           
  3672 ;; *************** function _can_transmit *****************
  3673 ;; Defined at:
  3674 ;;		line 71 in file "can.c"
  3675 ;; Parameters:    Size  Location     Type
  3676 ;;  msg_id          2    4[COMRAM] unsigned short 
  3677 ;;  data            1    6[COMRAM] PTR const unsigned char 
  3678 ;;		 -> send_data@send(3), 
  3679 ;;  len             1    7[COMRAM] unsigned char 
  3680 ;; Auto vars:     Size  Location     Type
  3681 ;;  i               2   13[COMRAM] int 
  3682 ;;  ptr             2   11[COMRAM] PTR unsigned char 
  3683 ;;		 -> TXB0D0(1), 
  3684 ;; Return value:  Size  Location     Type
  3685 ;;                  1    wreg      void 
  3686 ;; Registers used:
  3687 ;;		wreg, fsr1l, fsr1h, fsr2l, fsr2h, status,2, status,0, cstack
  3688 ;; Tracked objects:
  3689 ;;		On entry : 0/0
  3690 ;;		On exit  : 0/0
  3691 ;;		Unchanged: 0/0
  3692 ;; Data sizes:     COMRAM   BANK0   BANK1   BANK2   BANK3   BANK4   BANK5
  3693 ;;      Params:         4       0       0       0       0       0       0
  3694 ;;      Locals:         4       0       0       0       0       0       0
  3695 ;;      Temps:          3       0       0       0       0       0       0
  3696 ;;      Totals:        11       0       0       0       0       0       0
  3697 ;;Total ram usage:       11 bytes
  3698 ;; Hardware stack levels used: 1
  3699 ;; Hardware stack levels required when called: 1
  3700 ;; This function calls:
  3701 ;;		_set_msg_id_std
  3702 ;; This function is called by:
  3703 ;;		_send_data
  3704 ;; This function uses a non-reentrant model
  3705 ;;
  3706                           
  3707                           	psect	text3
  3708   000EB8                     __ptext3:
  3709                           	callstack 0
  3710   000EB8                     _can_transmit:
  3711                           	callstack 28
  3712   000EB8                     
  3713                           ;can.c: 72:     uint8_t *ptr;;can.c: 73:     TXB0EIDH = 0x00;
  3714   000EB8  010F               	movlb	15	; () banked
  3715   000EBA  6B43               	clrf	67,b	;volatile
  3716                           
  3717                           ;can.c: 74:     TXB0EIDL = 0x00;
  3718   000EBC  6B44               	clrf	68,b	;volatile
  3719   000EBE                     
  3720                           ; BSR set to: 15
  3721                           ;can.c: 77:     set_msg_id_std(msg_id);
  3722   000EBE  C005  F001         	movff	can_transmit@msg_id,set_msg_id_std@id
  3723   000EC2  C006  F002         	movff	can_transmit@msg_id+1,set_msg_id_std@id+1
  3724   000EC6  ECE4  F007         	call	_set_msg_id_std	;wreg free
  3725   000ECA                     
  3726                           ;can.c: 80:     TXB0DLC = len;
  3727   000ECA  C008  FF45         	movff	can_transmit@len,3909	;volatile
  3728   000ECE                     
  3729                           ;can.c: 85:     ptr = (uint8_t *) & TXB0D0;
  3730   000ECE  0E46               	movlw	70
  3731   000ED0  6E0C               	movwf	can_transmit@ptr^0,c
  3732   000ED2  0E0F               	movlw	15
  3733   000ED4  6E0D               	movwf	(can_transmit@ptr+1)^0,c
  3734   000ED6                     
  3735                           ;can.c: 86:     for (int i = 0; i < len; i++) {
  3736   000ED6  0E00               	movlw	0
  3737   000ED8  6E0F               	movwf	(can_transmit@i+1)^0,c
  3738   000EDA  0E00               	movlw	0
  3739   000EDC  6E0E               	movwf	can_transmit@i^0,c
  3740   000EDE  EF7F  F007         	goto	l1420
  3741   000EE2                     l1416:
  3742                           
  3743                           ;can.c: 87:         ptr[i] = data[i];
  3744   000EE2  5007               	movf	can_transmit@data^0,w,c
  3745   000EE4  240E               	addwf	can_transmit@i^0,w,c
  3746   000EE6  6ED9               	movwf	fsr2l,c
  3747   000EE8  6ADA               	clrf	fsr2h,c
  3748   000EEA  500E               	movf	can_transmit@i^0,w,c
  3749   000EEC  240C               	addwf	can_transmit@ptr^0,w,c
  3750   000EEE  6EE1               	movwf	fsr1l,c
  3751   000EF0  500F               	movf	(can_transmit@i+1)^0,w,c
  3752   000EF2  200D               	addwfc	(can_transmit@ptr+1)^0,w,c
  3753   000EF4  6EE2               	movwf	fsr1h,c
  3754   000EF6  CFDF FFE7          	movff	indf2,indf1
  3755   000EFA                     
  3756                           ;can.c: 88:     }
  3757   000EFA  4A0E               	infsnz	can_transmit@i^0,f,c
  3758   000EFC  2A0F               	incf	(can_transmit@i+1)^0,f,c
  3759   000EFE                     l1420:
  3760   000EFE  5008               	movf	can_transmit@len^0,w,c
  3761   000F00  6E09               	movwf	??_can_transmit^0,c
  3762   000F02  6A0A               	clrf	(??_can_transmit+1)^0,c
  3763   000F04  5009               	movf	??_can_transmit^0,w,c
  3764   000F06  5C0E               	subwf	can_transmit@i^0,w,c
  3765   000F08  500F               	movf	(can_transmit@i+1)^0,w,c
  3766   000F0A  0A80               	xorlw	128
  3767   000F0C  6E0B               	movwf	(??_can_transmit+2)^0,c
  3768   000F0E  500A               	movf	(??_can_transmit+1)^0,w,c
  3769   000F10  0A80               	xorlw	128
  3770   000F12  580B               	subwfb	(??_can_transmit+2)^0,w,c
  3771   000F14  A0D8               	btfss	status,0,c
  3772   000F16  EF8F  F007         	goto	u631
  3773   000F1A  EF91  F007         	goto	u630
  3774   000F1E                     u631:
  3775   000F1E  EF71  F007         	goto	l1416
  3776   000F22                     u630:
  3777   000F22                     
  3778                           ;can.c: 89:     TXB0REQ = 1;
  3779   000F22  010F               	movlb	15	; () banked
  3780   000F24  8740               	bsf	64,3,b	;volatile
  3781   000F26                     
  3782                           ; BSR set to: 15
  3783   000F26  0012               	return		;funcret
  3784   000F28                     __end_of_can_transmit:
  3785                           	callstack 0
  3786                           
  3787 ;; *************** function _set_msg_id_std *****************
  3788 ;; Defined at:
  3789 ;;		line 64 in file "can.c"
  3790 ;; Parameters:    Size  Location     Type
  3791 ;;  id              2    0[COMRAM] unsigned int 
  3792 ;; Auto vars:     Size  Location     Type
  3793 ;;		None
  3794 ;; Return value:  Size  Location     Type
  3795 ;;                  1    wreg      void 
  3796 ;; Registers used:
  3797 ;;		wreg, status,2, status,0
  3798 ;; Tracked objects:
  3799 ;;		On entry : 0/0
  3800 ;;		On exit  : 0/0
  3801 ;;		Unchanged: 0/0
  3802 ;; Data sizes:     COMRAM   BANK0   BANK1   BANK2   BANK3   BANK4   BANK5
  3803 ;;      Params:         2       0       0       0       0       0       0
  3804 ;;      Locals:         0       0       0       0       0       0       0
  3805 ;;      Temps:          2       0       0       0       0       0       0
  3806 ;;      Totals:         4       0       0       0       0       0       0
  3807 ;;Total ram usage:        4 bytes
  3808 ;; Hardware stack levels used: 1
  3809 ;; This function calls:
  3810 ;;		Nothing
  3811 ;; This function is called by:
  3812 ;;		_can_transmit
  3813 ;; This function uses a non-reentrant model
  3814 ;;
  3815                           
  3816                           	psect	text4
  3817   000FC8                     __ptext4:
  3818                           	callstack 0
  3819   000FC8                     _set_msg_id_std:
  3820                           	callstack 28
  3821   000FC8                     
  3822                           ;can.c: 65:     TXB0SIDL = (id & 0x7) << 5;
  3823   000FC8  C001  F003         	movff	set_msg_id_std@id,??_set_msg_id_std
  3824   000FCC  0E07               	movlw	7
  3825   000FCE  1603               	andwf	??_set_msg_id_std^0,f,c
  3826   000FD0  0E05               	movlw	5
  3827   000FD2  6E04               	movwf	(??_set_msg_id_std+1)^0,c
  3828   000FD4                     u615:
  3829   000FD4  90D8               	bcf	status,0,c
  3830   000FD6  3603               	rlcf	??_set_msg_id_std^0,f,c
  3831   000FD8  2E04               	decfsz	(??_set_msg_id_std+1)^0,f,c
  3832   000FDA  EFEA  F007         	goto	u615
  3833   000FDE  5003               	movf	??_set_msg_id_std^0,w,c
  3834   000FE0  010F               	movlb	15	; () banked
  3835   000FE2  6F42               	movwf	66,b	;volatile
  3836                           
  3837                           ;can.c: 66:     TXB0SIDH = (id >> 3);
  3838   000FE4  C001  F003         	movff	set_msg_id_std@id,??_set_msg_id_std
  3839   000FE8  C002  F004         	movff	set_msg_id_std@id+1,??_set_msg_id_std+1
  3840   000FEC  90D8               	bcf	status,0,c
  3841   000FEE  3204               	rrcf	(??_set_msg_id_std+1)^0,f,c
  3842   000FF0  3203               	rrcf	??_set_msg_id_std^0,f,c
  3843   000FF2  90D8               	bcf	status,0,c
  3844   000FF4  3204               	rrcf	(??_set_msg_id_std+1)^0,f,c
  3845   000FF6  3203               	rrcf	??_set_msg_id_std^0,f,c
  3846   000FF8  90D8               	bcf	status,0,c
  3847   000FFA  3204               	rrcf	(??_set_msg_id_std+1)^0,f,c
  3848   000FFC  3203               	rrcf	??_set_msg_id_std^0,f,c
  3849   000FFE  5003               	movf	??_set_msg_id_std^0,w,c
  3850   001000  6F41               	movwf	65,b	;volatile
  3851   001002                     
  3852                           ; BSR set to: 15
  3853   001002  0012               	return		;funcret
  3854   001004                     __end_of_set_msg_id_std:
  3855                           	callstack 0
  3856                           
  3857 ;; *************** function _rpm *****************
  3858 ;; Defined at:
  3859 ;;		line 17 in file "sensor.c"
  3860 ;; Parameters:    Size  Location     Type
  3861 ;;		None
  3862 ;; Auto vars:     Size  Location     Type
  3863 ;;		None
  3864 ;; Return value:  Size  Location     Type
  3865 ;;                  1    wreg      void 
  3866 ;; Registers used:
  3867 ;;		wreg, status,2, status,0, prodl, prodh, cstack
  3868 ;; Tracked objects:
  3869 ;;		On entry : 0/0
  3870 ;;		On exit  : 0/0
  3871 ;;		Unchanged: 0/0
  3872 ;; Data sizes:     COMRAM   BANK0   BANK1   BANK2   BANK3   BANK4   BANK5
  3873 ;;      Params:         0       0       0       0       0       0       0
  3874 ;;      Locals:         0       0       0       0       0       0       0
  3875 ;;      Temps:          0       0       0       0       0       0       0
  3876 ;;      Totals:         0       0       0       0       0       0       0
  3877 ;;Total ram usage:        0 bytes
  3878 ;; Hardware stack levels used: 1
  3879 ;; Hardware stack levels required when called: 1
  3880 ;; This function calls:
  3881 ;;		___flmul
  3882 ;;		___fltol
  3883 ;;		___xxtofl
  3884 ;;		_read_adc
  3885 ;; This function is called by:
  3886 ;;		_main
  3887 ;; This function uses a non-reentrant model
  3888 ;;
  3889                           
  3890                           	psect	text5
  3891   000F28                     __ptext5:
  3892                           	callstack 0
  3893   000F28                     _rpm:
  3894                           	callstack 29
  3895   000F28                     
  3896                           ;sensor.c: 19:     value = read_adc(0x04) * 5.866;
  3897   000F28  0E46               	movlw	70
  3898   000F2A  6E1A               	movwf	___flmul@a^0,c
  3899   000F2C  0EB6               	movlw	182
  3900   000F2E  6E1B               	movwf	(___flmul@a+1)^0,c
  3901   000F30  0EBB               	movlw	187
  3902   000F32  6E1C               	movwf	(___flmul@a+2)^0,c
  3903   000F34  0E40               	movlw	64
  3904   000F36  6E1D               	movwf	(___flmul@a+3)^0,c
  3905   000F38  0E04               	movlw	4
  3906   000F3A  ECC1  F007         	call	_read_adc
  3907   000F3E  C001  F008         	movff	?_read_adc,___xxtofl@val
  3908   000F42  C002  F009         	movff	?_read_adc+1,___xxtofl@val+1
  3909   000F46  6A0A               	clrf	(___xxtofl@val+2)^0,c
  3910   000F48  6A0B               	clrf	(___xxtofl@val+3)^0,c
  3911   000F4A  0E00               	movlw	0
  3912   000F4C  EC14  F005         	call	___xxtofl
  3913   000F50  C008  F016         	movff	?___xxtofl,___flmul@b
  3914   000F54  C009  F017         	movff	?___xxtofl+1,___flmul@b+1
  3915   000F58  C00A  F018         	movff	?___xxtofl+2,___flmul@b+2
  3916   000F5C  C00B  F019         	movff	?___xxtofl+3,___flmul@b+3
  3917   000F60  EC01  F003         	call	___flmul	;wreg free
  3918   000F64  C016  F02F         	movff	?___flmul,___fltol@f1
  3919   000F68  C017  F030         	movff	?___flmul+1,___fltol@f1+1
  3920   000F6C  C018  F031         	movff	?___flmul+2,___fltol@f1+2
  3921   000F70  C019  F032         	movff	?___flmul+3,___fltol@f1+3
  3922   000F74  ECEE  F005         	call	___fltol	;wreg free
  3923   000F78  C02F  F04D         	movff	?___fltol,_value
  3924   000F7C  C030  F04E         	movff	?___fltol+1,_value+1
  3925   000F80  0012               	return		;funcret
  3926   000F82                     __end_of_rpm:
  3927                           	callstack 0
  3928                           
  3929 ;; *************** function _read_adc *****************
  3930 ;; Defined at:
  3931 ;;		line 36 in file "adc.c"
  3932 ;; Parameters:    Size  Location     Type
  3933 ;;  channel         1    wreg     unsigned char 
  3934 ;; Auto vars:     Size  Location     Type
  3935 ;;  channel         1    6[COMRAM] unsigned char 
  3936 ;;  reg_val         2    4[COMRAM] unsigned short 
  3937 ;; Return value:  Size  Location     Type
  3938 ;;                  2    0[COMRAM] unsigned short 
  3939 ;; Registers used:
  3940 ;;		wreg, status,2, status,0
  3941 ;; Tracked objects:
  3942 ;;		On entry : 0/0
  3943 ;;		On exit  : 0/0
  3944 ;;		Unchanged: 0/0
  3945 ;; Data sizes:     COMRAM   BANK0   BANK1   BANK2   BANK3   BANK4   BANK5
  3946 ;;      Params:         2       0       0       0       0       0       0
  3947 ;;      Locals:         3       0       0       0       0       0       0
  3948 ;;      Temps:          2       0       0       0       0       0       0
  3949 ;;      Totals:         7       0       0       0       0       0       0
  3950 ;;Total ram usage:        7 bytes
  3951 ;; Hardware stack levels used: 1
  3952 ;; This function calls:
  3953 ;;		Nothing
  3954 ;; This function is called by:
  3955 ;;		_rpm
  3956 ;;		_send_data
  3957 ;; This function uses a non-reentrant model
  3958 ;;
  3959                           
  3960                           	psect	text6
  3961   000F82                     __ptext6:
  3962                           	callstack 0
  3963   000F82                     _read_adc:
  3964                           	callstack 29
  3965                           
  3966                           ;incstack = 0
  3967                           ;read_adc@channel stored from wreg
  3968   000F82  6E07               	movwf	read_adc@channel^0,c
  3969   000F84                     
  3970                           ;adc.c: 36: unsigned short read_adc(unsigned char channel);adc.c: 37: {;adc.c: 38:  unsi
      +                          gned short reg_val;;adc.c: 40:  ADCON0 = (ADCON0 & 0xC3) | (channel << 2);
  3971   000F84  C007  F003         	movff	read_adc@channel,??_read_adc
  3972   000F88  90D8               	bcf	status,0,c
  3973   000F8A  3603               	rlcf	??_read_adc^0,f,c
  3974   000F8C  90D8               	bcf	status,0,c
  3975   000F8E  3603               	rlcf	??_read_adc^0,f,c
  3976   000F90  50C2               	movf	194,w,c	;volatile
  3977   000F92  0BC3               	andlw	195
  3978   000F94  1003               	iorwf	??_read_adc^0,w,c
  3979   000F96  6EC2               	movwf	194,c	;volatile
  3980   000F98                     
  3981                           ;adc.c: 42:  GO = 1;
  3982   000F98  82C2               	bsf	4034,1,c	;volatile
  3983   000F9A                     l75:
  3984   000F9A  B2C2               	btfsc	4034,1,c	;volatile
  3985   000F9C  EFD2  F007         	goto	u621
  3986   000FA0  EFD4  F007         	goto	u620
  3987   000FA4                     u621:
  3988   000FA4  EFCD  F007         	goto	l75
  3989   000FA8                     u620:
  3990   000FA8                     
  3991                           ;adc.c: 44:  reg_val = (ADRESH << 8) | ADRESL;
  3992   000FA8  50C3               	movf	195,w,c	;volatile
  3993   000FAA  CFC4 F003          	movff	4036,??_read_adc	;volatile
  3994   000FAE  6A04               	clrf	(??_read_adc+1)^0,c
  3995   000FB0  C003  F004         	movff	??_read_adc,??_read_adc+1
  3996   000FB4  6A03               	clrf	??_read_adc^0,c
  3997   000FB6  1003               	iorwf	??_read_adc^0,w,c
  3998   000FB8  6E05               	movwf	read_adc@reg_val^0,c
  3999   000FBA  5004               	movf	(??_read_adc+1)^0,w,c
  4000   000FBC  6E06               	movwf	(read_adc@reg_val+1)^0,c
  4001   000FBE                     
  4002                           ;adc.c: 46:  return reg_val;
  4003   000FBE  C005  F001         	movff	read_adc@reg_val,?_read_adc
  4004   000FC2  C006  F002         	movff	read_adc@reg_val+1,?_read_adc+1
  4005   000FC6  0012               	return		;funcret
  4006   000FC8                     __end_of_read_adc:
  4007                           	callstack 0
  4008                           
  4009 ;; *************** function ___xxtofl *****************
  4010 ;; Defined at:
  4011 ;;		line 10 in file "C:\Program Files\Microchip\xc8\v3.00\pic\sources\c99\common\xxtofl.c"
  4012 ;; Parameters:    Size  Location     Type
  4013 ;;  sign            1    wreg     unsigned char 
  4014 ;;  val             4    7[COMRAM] long 
  4015 ;; Auto vars:     Size  Location     Type
  4016 ;;  sign            1   15[COMRAM] unsigned char 
  4017 ;;  arg             4   17[COMRAM] unsigned long 
  4018 ;;  exp             1   16[COMRAM] unsigned char 
  4019 ;; Return value:  Size  Location     Type
  4020 ;;                  4    7[COMRAM] unsigned char 
  4021 ;; Registers used:
  4022 ;;		wreg, status,2, status,0
  4023 ;; Tracked objects:
  4024 ;;		On entry : 0/0
  4025 ;;		On exit  : 0/0
  4026 ;;		Unchanged: 0/0
  4027 ;; Data sizes:     COMRAM   BANK0   BANK1   BANK2   BANK3   BANK4   BANK5
  4028 ;;      Params:         4       0       0       0       0       0       0
  4029 ;;      Locals:         6       0       0       0       0       0       0
  4030 ;;      Temps:          4       0       0       0       0       0       0
  4031 ;;      Totals:        14       0       0       0       0       0       0
  4032 ;;Total ram usage:       14 bytes
  4033 ;; Hardware stack levels used: 1
  4034 ;; This function calls:
  4035 ;;		Nothing
  4036 ;; This function is called by:
  4037 ;;		_rpm
  4038 ;;		_send_data
  4039 ;; This function uses a non-reentrant model
  4040 ;;
  4041                           
  4042                           	psect	text7
  4043   000A28                     __ptext7:
  4044                           	callstack 0
  4045   000A28                     ___xxtofl:
  4046                           	callstack 29
  4047                           
  4048                           ;incstack = 0
  4049                           ;___xxtofl@sign stored from wreg
  4050   000A28  6E10               	movwf	___xxtofl@sign^0,c
  4051   000A2A  5010               	movf	___xxtofl@sign^0,w,c
  4052   000A2C  B4D8               	btfsc	status,2,c
  4053   000A2E  EF1B  F005         	goto	u901
  4054   000A32  EF1D  F005         	goto	u900
  4055   000A36                     u901:
  4056   000A36  EF3F  F005         	goto	l896
  4057   000A3A                     u900:
  4058   000A3A  BE0B               	btfsc	(___xxtofl@val+3)^0,7,c
  4059   000A3C  EF24  F005         	goto	u910
  4060   000A40  EF22  F005         	goto	u911
  4061   000A44                     u911:
  4062   000A44  EF3F  F005         	goto	l896
  4063   000A48                     u910:
  4064   000A48  C008  F00C         	movff	___xxtofl@val,??___xxtofl
  4065   000A4C  C009  F00D         	movff	___xxtofl@val+1,??___xxtofl+1
  4066   000A50  C00A  F00E         	movff	___xxtofl@val+2,??___xxtofl+2
  4067   000A54  C00B  F00F         	movff	___xxtofl@val+3,??___xxtofl+3
  4068   000A58  1E0C               	comf	??___xxtofl^0,f,c
  4069   000A5A  1E0D               	comf	(??___xxtofl+1)^0,f,c
  4070   000A5C  1E0E               	comf	(??___xxtofl+2)^0,f,c
  4071   000A5E  1E0F               	comf	(??___xxtofl+3)^0,f,c
  4072   000A60  2A0C               	incf	??___xxtofl^0,f,c
  4073   000A62  0E00               	movlw	0
  4074   000A64  220D               	addwfc	(??___xxtofl+1)^0,f,c
  4075   000A66  220E               	addwfc	(??___xxtofl+2)^0,f,c
  4076   000A68  220F               	addwfc	(??___xxtofl+3)^0,f,c
  4077   000A6A  C00C  F012         	movff	??___xxtofl,___xxtofl@arg
  4078   000A6E  C00D  F013         	movff	??___xxtofl+1,___xxtofl@arg+1
  4079   000A72  C00E  F014         	movff	??___xxtofl+2,___xxtofl@arg+2
  4080   000A76  C00F  F015         	movff	??___xxtofl+3,___xxtofl@arg+3
  4081   000A7A  EF47  F005         	goto	l1600
  4082   000A7E                     l896:
  4083   000A7E  C008  F012         	movff	___xxtofl@val,___xxtofl@arg
  4084   000A82  C009  F013         	movff	___xxtofl@val+1,___xxtofl@arg+1
  4085   000A86  C00A  F014         	movff	___xxtofl@val+2,___xxtofl@arg+2
  4086   000A8A  C00B  F015         	movff	___xxtofl@val+3,___xxtofl@arg+3
  4087   000A8E                     l1600:
  4088   000A8E  5008               	movf	___xxtofl@val^0,w,c
  4089   000A90  1009               	iorwf	(___xxtofl@val+1)^0,w,c
  4090   000A92  100A               	iorwf	(___xxtofl@val+2)^0,w,c
  4091   000A94  100B               	iorwf	(___xxtofl@val+3)^0,w,c
  4092   000A96  A4D8               	btfss	status,2,c
  4093   000A98  EF50  F005         	goto	u921
  4094   000A9C  EF52  F005         	goto	u920
  4095   000AA0                     u921:
  4096   000AA0  EF5C  F005         	goto	l1606
  4097   000AA4                     u920:
  4098   000AA4  0E00               	movlw	0
  4099   000AA6  6E08               	movwf	?___xxtofl^0,c
  4100   000AA8  0E00               	movlw	0
  4101   000AAA  6E09               	movwf	(?___xxtofl+1)^0,c
  4102   000AAC  0E00               	movlw	0
  4103   000AAE  6E0A               	movwf	(?___xxtofl+2)^0,c
  4104   000AB0  0E00               	movlw	0
  4105   000AB2  6E0B               	movwf	(?___xxtofl+3)^0,c
  4106   000AB4  EFED  F005         	goto	l899
  4107   000AB8                     l1606:
  4108   000AB8  0E96               	movlw	150
  4109   000ABA  6E11               	movwf	___xxtofl@exp^0,c
  4110   000ABC  EF66  F005         	goto	l1610
  4111   000AC0                     l1608:
  4112   000AC0  2A11               	incf	___xxtofl@exp^0,f,c
  4113   000AC2  90D8               	bcf	status,0,c
  4114   000AC4  3215               	rrcf	(___xxtofl@arg+3)^0,f,c
  4115   000AC6  3214               	rrcf	(___xxtofl@arg+2)^0,f,c
  4116   000AC8  3213               	rrcf	(___xxtofl@arg+1)^0,f,c
  4117   000ACA  3212               	rrcf	___xxtofl@arg^0,f,c
  4118   000ACC                     l1610:
  4119   000ACC  0E00               	movlw	0
  4120   000ACE  1412               	andwf	___xxtofl@arg^0,w,c
  4121   000AD0  6E0C               	movwf	??___xxtofl^0,c
  4122   000AD2  0E00               	movlw	0
  4123   000AD4  1413               	andwf	(___xxtofl@arg+1)^0,w,c
  4124   000AD6  6E0D               	movwf	(??___xxtofl+1)^0,c
  4125   000AD8  0E00               	movlw	0
  4126   000ADA  1414               	andwf	(___xxtofl@arg+2)^0,w,c
  4127   000ADC  6E0E               	movwf	(??___xxtofl+2)^0,c
  4128   000ADE  0EFE               	movlw	254
  4129   000AE0  1415               	andwf	(___xxtofl@arg+3)^0,w,c
  4130   000AE2  6E0F               	movwf	(??___xxtofl+3)^0,c
  4131   000AE4  500C               	movf	??___xxtofl^0,w,c
  4132   000AE6  100D               	iorwf	(??___xxtofl+1)^0,w,c
  4133   000AE8  100E               	iorwf	(??___xxtofl+2)^0,w,c
  4134   000AEA  100F               	iorwf	(??___xxtofl+3)^0,w,c
  4135   000AEC  A4D8               	btfss	status,2,c
  4136   000AEE  EF7B  F005         	goto	u931
  4137   000AF2  EF7D  F005         	goto	u930
  4138   000AF6                     u931:
  4139   000AF6  EF60  F005         	goto	l1608
  4140   000AFA                     u930:
  4141   000AFA  EF8B  F005         	goto	l903
  4142   000AFE                     l1612:
  4143   000AFE  2A11               	incf	___xxtofl@exp^0,f,c
  4144   000B00  0E01               	movlw	1
  4145   000B02  2612               	addwf	___xxtofl@arg^0,f,c
  4146   000B04  0E00               	movlw	0
  4147   000B06  2213               	addwfc	(___xxtofl@arg+1)^0,f,c
  4148   000B08  2214               	addwfc	(___xxtofl@arg+2)^0,f,c
  4149   000B0A  2215               	addwfc	(___xxtofl@arg+3)^0,f,c
  4150   000B0C  90D8               	bcf	status,0,c
  4151   000B0E  3215               	rrcf	(___xxtofl@arg+3)^0,f,c
  4152   000B10  3214               	rrcf	(___xxtofl@arg+2)^0,f,c
  4153   000B12  3213               	rrcf	(___xxtofl@arg+1)^0,f,c
  4154   000B14  3212               	rrcf	___xxtofl@arg^0,f,c
  4155   000B16                     l903:
  4156   000B16  0E00               	movlw	0
  4157   000B18  1412               	andwf	___xxtofl@arg^0,w,c
  4158   000B1A  6E0C               	movwf	??___xxtofl^0,c
  4159   000B1C  0E00               	movlw	0
  4160   000B1E  1413               	andwf	(___xxtofl@arg+1)^0,w,c
  4161   000B20  6E0D               	movwf	(??___xxtofl+1)^0,c
  4162   000B22  0E00               	movlw	0
  4163   000B24  1414               	andwf	(___xxtofl@arg+2)^0,w,c
  4164   000B26  6E0E               	movwf	(??___xxtofl+2)^0,c
  4165   000B28  0EFF               	movlw	255
  4166   000B2A  1415               	andwf	(___xxtofl@arg+3)^0,w,c
  4167   000B2C  6E0F               	movwf	(??___xxtofl+3)^0,c
  4168   000B2E  500C               	movf	??___xxtofl^0,w,c
  4169   000B30  100D               	iorwf	(??___xxtofl+1)^0,w,c
  4170   000B32  100E               	iorwf	(??___xxtofl+2)^0,w,c
  4171   000B34  100F               	iorwf	(??___xxtofl+3)^0,w,c
  4172   000B36  A4D8               	btfss	status,2,c
  4173   000B38  EFA0  F005         	goto	u941
  4174   000B3C  EFA2  F005         	goto	u940
  4175   000B40                     u941:
  4176   000B40  EF7F  F005         	goto	l1612
  4177   000B44                     u940:
  4178   000B44  EFAA  F005         	goto	l1620
  4179   000B48                     l1618:
  4180   000B48  0611               	decf	___xxtofl@exp^0,f,c
  4181   000B4A  90D8               	bcf	status,0,c
  4182   000B4C  3612               	rlcf	___xxtofl@arg^0,f,c
  4183   000B4E  3613               	rlcf	(___xxtofl@arg+1)^0,f,c
  4184   000B50  3614               	rlcf	(___xxtofl@arg+2)^0,f,c
  4185   000B52  3615               	rlcf	(___xxtofl@arg+3)^0,f,c
  4186   000B54                     l1620:
  4187   000B54  BE14               	btfsc	(___xxtofl@arg+2)^0,7,c
  4188   000B56  EFAF  F005         	goto	u951
  4189   000B5A  EFB1  F005         	goto	u950
  4190   000B5E                     u951:
  4191   000B5E  EFB9  F005         	goto	l910
  4192   000B62                     u950:
  4193   000B62  0E02               	movlw	2
  4194   000B64  6011               	cpfslt	___xxtofl@exp^0,c
  4195   000B66  EFB7  F005         	goto	u961
  4196   000B6A  EFB9  F005         	goto	u960
  4197   000B6E                     u961:
  4198   000B6E  EFA4  F005         	goto	l1618
  4199   000B72                     u960:
  4200   000B72                     l910:
  4201   000B72  B011               	btfsc	___xxtofl@exp^0,0,c
  4202   000B74  EFBE  F005         	goto	u971
  4203   000B78  EFC0  F005         	goto	u970
  4204   000B7C                     u971:
  4205   000B7C  EFC1  F005         	goto	l1626
  4206   000B80                     u970:
  4207   000B80  9E14               	bcf	(___xxtofl@arg+2)^0,7,c
  4208   000B82                     l1626:
  4209   000B82  90D8               	bcf	status,0,c
  4210   000B84  3211               	rrcf	___xxtofl@exp^0,f,c
  4211   000B86  C011  F00C         	movff	___xxtofl@exp,??___xxtofl
  4212   000B8A  6A0D               	clrf	(??___xxtofl+1)^0,c
  4213   000B8C  6A0E               	clrf	(??___xxtofl+2)^0,c
  4214   000B8E  6A0F               	clrf	(??___xxtofl+3)^0,c
  4215   000B90  C00C  F00F         	movff	??___xxtofl,??___xxtofl+3
  4216   000B94  6A0E               	clrf	(??___xxtofl+2)^0,c
  4217   000B96  6A0D               	clrf	(??___xxtofl+1)^0,c
  4218   000B98  6A0C               	clrf	??___xxtofl^0,c
  4219   000B9A  500C               	movf	??___xxtofl^0,w,c
  4220   000B9C  1212               	iorwf	___xxtofl@arg^0,f,c
  4221   000B9E  500D               	movf	(??___xxtofl+1)^0,w,c
  4222   000BA0  1213               	iorwf	(___xxtofl@arg+1)^0,f,c
  4223   000BA2  500E               	movf	(??___xxtofl+2)^0,w,c
  4224   000BA4  1214               	iorwf	(___xxtofl@arg+2)^0,f,c
  4225   000BA6  500F               	movf	(??___xxtofl+3)^0,w,c
  4226   000BA8  1215               	iorwf	(___xxtofl@arg+3)^0,f,c
  4227   000BAA  5010               	movf	___xxtofl@sign^0,w,c
  4228   000BAC  B4D8               	btfsc	status,2,c
  4229   000BAE  EFDB  F005         	goto	u981
  4230   000BB2  EFDD  F005         	goto	u980
  4231   000BB6                     u981:
  4232   000BB6  EFE5  F005         	goto	l1636
  4233   000BBA                     u980:
  4234   000BBA  BE0B               	btfsc	(___xxtofl@val+3)^0,7,c
  4235   000BBC  EFE4  F005         	goto	u990
  4236   000BC0  EFE2  F005         	goto	u991
  4237   000BC4                     u991:
  4238   000BC4  EFE5  F005         	goto	l1636
  4239   000BC8                     u990:
  4240   000BC8  8E15               	bsf	(___xxtofl@arg+3)^0,7,c
  4241   000BCA                     l1636:
  4242   000BCA  C012  F008         	movff	___xxtofl@arg,?___xxtofl
  4243   000BCE  C013  F009         	movff	___xxtofl@arg+1,?___xxtofl+1
  4244   000BD2  C014  F00A         	movff	___xxtofl@arg+2,?___xxtofl+2
  4245   000BD6  C015  F00B         	movff	___xxtofl@arg+3,?___xxtofl+3
  4246   000BDA                     l899:
  4247   000BDA  0012               	return		;funcret
  4248   000BDC                     __end_of___xxtofl:
  4249                           	callstack 0
  4250                           
  4251 ;; *************** function ___fltol *****************
  4252 ;; Defined at:
  4253 ;;		line 43 in file "C:\Program Files\Microchip\xc8\v3.00\pic\sources\c99\common\fltol.c"
  4254 ;; Parameters:    Size  Location     Type
  4255 ;;  f1              4   46[COMRAM] unsigned char 
  4256 ;; Auto vars:     Size  Location     Type
  4257 ;;  exp1            1   55[COMRAM] unsigned char 
  4258 ;;  sign1           1   54[COMRAM] unsigned char 
  4259 ;; Return value:  Size  Location     Type
  4260 ;;                  4   46[COMRAM] long 
  4261 ;; Registers used:
  4262 ;;		wreg, status,2, status,0
  4263 ;; Tracked objects:
  4264 ;;		On entry : 0/0
  4265 ;;		On exit  : 0/0
  4266 ;;		Unchanged: 0/0
  4267 ;; Data sizes:     COMRAM   BANK0   BANK1   BANK2   BANK3   BANK4   BANK5
  4268 ;;      Params:         4       0       0       0       0       0       0
  4269 ;;      Locals:         2       0       0       0       0       0       0
  4270 ;;      Temps:          4       0       0       0       0       0       0
  4271 ;;      Totals:        10       0       0       0       0       0       0
  4272 ;;Total ram usage:       10 bytes
  4273 ;; Hardware stack levels used: 1
  4274 ;; This function calls:
  4275 ;;		Nothing
  4276 ;; This function is called by:
  4277 ;;		_rpm
  4278 ;;		_send_data
  4279 ;; This function uses a non-reentrant model
  4280 ;;
  4281                           
  4282                           	psect	text8
  4283   000BDC                     __ptext8:
  4284                           	callstack 0
  4285   000BDC                     ___fltol:
  4286                           	callstack 29
  4287   000BDC  3431               	rlcf	(___fltol@f1+2)^0,w,c
  4288   000BDE  3432               	rlcf	(___fltol@f1+3)^0,w,c
  4289   000BE0  6E38               	movwf	___fltol@exp1^0,c
  4290   000BE2  5038               	movf	___fltol@exp1^0,w,c
  4291   000BE4  A4D8               	btfss	status,2,c
  4292   000BE6  EFF7  F005         	goto	u831
  4293   000BEA  EFF9  F005         	goto	u830
  4294   000BEE                     u831:
  4295   000BEE  EF03  F006         	goto	l1556
  4296   000BF2                     u830:
  4297   000BF2                     l1552:
  4298   000BF2  0E00               	movlw	0
  4299   000BF4  6E2F               	movwf	?___fltol^0,c
  4300   000BF6  0E00               	movlw	0
  4301   000BF8  6E30               	movwf	(?___fltol+1)^0,c
  4302   000BFA  0E00               	movlw	0
  4303   000BFC  6E31               	movwf	(?___fltol+2)^0,c
  4304   000BFE  0E00               	movlw	0
  4305   000C00  6E32               	movwf	(?___fltol+3)^0,c
  4306   000C02  EF70  F006         	goto	l538
  4307   000C06                     l1556:
  4308   000C06  C02F  F033         	movff	___fltol@f1,??___fltol
  4309   000C0A  C030  F034         	movff	___fltol@f1+1,??___fltol+1
  4310   000C0E  C031  F035         	movff	___fltol@f1+2,??___fltol+2
  4311   000C12  C032  F036         	movff	___fltol@f1+3,??___fltol+3
  4312   000C16  0E20               	movlw	32
  4313   000C18  EF13  F006         	goto	u840
  4314   000C1C                     u845:
  4315   000C1C  90D8               	bcf	status,0,c
  4316   000C1E  3236               	rrcf	(??___fltol+3)^0,f,c
  4317   000C20  3235               	rrcf	(??___fltol+2)^0,f,c
  4318   000C22  3234               	rrcf	(??___fltol+1)^0,f,c
  4319   000C24  3233               	rrcf	??___fltol^0,f,c
  4320   000C26                     u840:
  4321   000C26  2EE8               	decfsz	wreg,f,c
  4322   000C28  EF0E  F006         	goto	u845
  4323   000C2C  5033               	movf	??___fltol^0,w,c
  4324   000C2E  6E37               	movwf	___fltol@sign1^0,c
  4325   000C30  8E31               	bsf	(___fltol@f1+2)^0,7,c
  4326   000C32  0EFF               	movlw	255
  4327   000C34  162F               	andwf	___fltol@f1^0,f,c
  4328   000C36  0EFF               	movlw	255
  4329   000C38  1630               	andwf	(___fltol@f1+1)^0,f,c
  4330   000C3A  0EFF               	movlw	255
  4331   000C3C  1631               	andwf	(___fltol@f1+2)^0,f,c
  4332   000C3E  0E00               	movlw	0
  4333   000C40  1632               	andwf	(___fltol@f1+3)^0,f,c
  4334   000C42  0E96               	movlw	150
  4335   000C44  5E38               	subwf	___fltol@exp1^0,f,c
  4336   000C46  BE38               	btfsc	___fltol@exp1^0,7,c
  4337   000C48  EF2A  F006         	goto	u850
  4338   000C4C  EF28  F006         	goto	u851
  4339   000C50                     u851:
  4340   000C50  EF40  F006         	goto	l1576
  4341   000C54                     u850:
  4342   000C54  5038               	movf	___fltol@exp1^0,w,c
  4343   000C56  0A80               	xorlw	128
  4344   000C58  0F97               	addlw	151
  4345   000C5A  B0D8               	btfsc	status,0,c
  4346   000C5C  EF32  F006         	goto	u861
  4347   000C60  EF34  F006         	goto	u860
  4348   000C64                     u861:
  4349   000C64  EF36  F006         	goto	l1572
  4350   000C68                     u860:
  4351   000C68  EFF9  F005         	goto	l1552
  4352   000C6C                     l1572:
  4353   000C6C  90D8               	bcf	status,0,c
  4354   000C6E  3232               	rrcf	(___fltol@f1+3)^0,f,c
  4355   000C70  3231               	rrcf	(___fltol@f1+2)^0,f,c
  4356   000C72  3230               	rrcf	(___fltol@f1+1)^0,f,c
  4357   000C74  322F               	rrcf	___fltol@f1^0,f,c
  4358   000C76  3E38               	incfsz	___fltol@exp1^0,f,c
  4359   000C78  EF36  F006         	goto	l1572
  4360   000C7C  EF58  F006         	goto	l1586
  4361   000C80                     l1576:
  4362   000C80  0E1F               	movlw	31
  4363   000C82  6438               	cpfsgt	___fltol@exp1^0,c
  4364   000C84  EF46  F006         	goto	u871
  4365   000C88  EF48  F006         	goto	u870
  4366   000C8C                     u871:
  4367   000C8C  EF50  F006         	goto	l1584
  4368   000C90                     u870:
  4369   000C90  EFF9  F005         	goto	l1552
  4370   000C94                     l1582:
  4371   000C94  90D8               	bcf	status,0,c
  4372   000C96  362F               	rlcf	___fltol@f1^0,f,c
  4373   000C98  3630               	rlcf	(___fltol@f1+1)^0,f,c
  4374   000C9A  3631               	rlcf	(___fltol@f1+2)^0,f,c
  4375   000C9C  3632               	rlcf	(___fltol@f1+3)^0,f,c
  4376   000C9E  0638               	decf	___fltol@exp1^0,f,c
  4377   000CA0                     l1584:
  4378   000CA0  5038               	movf	___fltol@exp1^0,w,c
  4379   000CA2  A4D8               	btfss	status,2,c
  4380   000CA4  EF56  F006         	goto	u881
  4381   000CA8  EF58  F006         	goto	u880
  4382   000CAC                     u881:
  4383   000CAC  EF4A  F006         	goto	l1582
  4384   000CB0                     u880:
  4385   000CB0                     l1586:
  4386   000CB0  5037               	movf	___fltol@sign1^0,w,c
  4387   000CB2  B4D8               	btfsc	status,2,c
  4388   000CB4  EF5E  F006         	goto	u891
  4389   000CB8  EF60  F006         	goto	u890
  4390   000CBC                     u891:
  4391   000CBC  EF68  F006         	goto	l1590
  4392   000CC0                     u890:
  4393   000CC0  1E32               	comf	(___fltol@f1+3)^0,f,c
  4394   000CC2  1E31               	comf	(___fltol@f1+2)^0,f,c
  4395   000CC4  1E30               	comf	(___fltol@f1+1)^0,f,c
  4396   000CC6  6C2F               	negf	___fltol@f1^0,c
  4397   000CC8  0E00               	movlw	0
  4398   000CCA  2230               	addwfc	(___fltol@f1+1)^0,f,c
  4399   000CCC  2231               	addwfc	(___fltol@f1+2)^0,f,c
  4400   000CCE  2232               	addwfc	(___fltol@f1+3)^0,f,c
  4401   000CD0                     l1590:
  4402   000CD0  C02F  F02F         	movff	___fltol@f1,?___fltol
  4403   000CD4  C030  F030         	movff	___fltol@f1+1,?___fltol+1
  4404   000CD8  C031  F031         	movff	___fltol@f1+2,?___fltol+2
  4405   000CDC  C032  F032         	movff	___fltol@f1+3,?___fltol+3
  4406   000CE0                     l538:
  4407   000CE0  0012               	return		;funcret
  4408   000CE2                     __end_of___fltol:
  4409                           	callstack 0
  4410                           
  4411 ;; *************** function ___flmul *****************
  4412 ;; Defined at:
  4413 ;;		line 8 in file "C:\Program Files\Microchip\xc8\v3.00\pic\sources\c99\common\sprcmul.c"
  4414 ;; Parameters:    Size  Location     Type
  4415 ;;  b               4   21[COMRAM] long 
  4416 ;;  a               4   25[COMRAM] long 
  4417 ;; Auto vars:     Size  Location     Type
  4418 ;;  prod            4   40[COMRAM] struct .
  4419 ;;  grs             4   34[COMRAM] unsigned long 
  4420 ;;  temp            2   44[COMRAM] struct .
  4421 ;;  bexp            1   39[COMRAM] unsigned char 
  4422 ;;  aexp            1   38[COMRAM] unsigned char 
  4423 ;;  sign            1   33[COMRAM] unsigned char 
  4424 ;; Return value:  Size  Location     Type
  4425 ;;                  4   21[COMRAM] unsigned char 
  4426 ;; Registers used:
  4427 ;;		wreg, status,2, status,0, prodl, prodh
  4428 ;; Tracked objects:
  4429 ;;		On entry : 0/0
  4430 ;;		On exit  : 0/0
  4431 ;;		Unchanged: 0/0
  4432 ;; Data sizes:     COMRAM   BANK0   BANK1   BANK2   BANK3   BANK4   BANK5
  4433 ;;      Params:         8       0       0       0       0       0       0
  4434 ;;      Locals:        13       0       0       0       0       0       0
  4435 ;;      Temps:          4       0       0       0       0       0       0
  4436 ;;      Totals:        25       0       0       0       0       0       0
  4437 ;;Total ram usage:       25 bytes
  4438 ;; Hardware stack levels used: 1
  4439 ;; This function calls:
  4440 ;;		Nothing
  4441 ;; This function is called by:
  4442 ;;		_rpm
  4443 ;;		_send_data
  4444 ;; This function uses a non-reentrant model
  4445 ;;
  4446                           
  4447                           	psect	text9
  4448   000602                     __ptext9:
  4449                           	callstack 0
  4450   000602                     ___flmul:
  4451                           	callstack 29
  4452   000602  5019               	movf	(___flmul@b+3)^0,w,c
  4453   000604  0B80               	andlw	128
  4454   000606  6E22               	movwf	___flmul@sign^0,c
  4455   000608  5019               	movf	(___flmul@b+3)^0,w,c
  4456   00060A  2419               	addwf	(___flmul@b+3)^0,w,c
  4457   00060C  6E28               	movwf	___flmul@bexp^0,c
  4458   00060E  AE18               	btfss	(___flmul@b+2)^0,7,c
  4459   000610  EF0C  F003         	goto	u641
  4460   000614  EF0E  F003         	goto	u640
  4461   000618                     u641:
  4462   000618  EF0F  F003         	goto	l1428
  4463   00061C                     u640:
  4464   00061C  8028               	bsf	___flmul@bexp^0,0,c
  4465   00061E                     l1428:
  4466   00061E  5028               	movf	___flmul@bexp^0,w,c
  4467   000620  B4D8               	btfsc	status,2,c
  4468   000622  EF15  F003         	goto	u651
  4469   000626  EF17  F003         	goto	u650
  4470   00062A                     u651:
  4471   00062A  EF2A  F003         	goto	l1436
  4472   00062E                     u650:
  4473   00062E  2828               	incf	___flmul@bexp^0,w,c
  4474   000630  A4D8               	btfss	status,2,c
  4475   000632  EF1D  F003         	goto	u661
  4476   000636  EF1F  F003         	goto	u660
  4477   00063A                     u661:
  4478   00063A  EF27  F003         	goto	l1434
  4479   00063E                     u660:
  4480   00063E  0E00               	movlw	0
  4481   000640  6E16               	movwf	___flmul@b^0,c
  4482   000642  0E00               	movlw	0
  4483   000644  6E17               	movwf	(___flmul@b+1)^0,c
  4484   000646  0E00               	movlw	0
  4485   000648  6E18               	movwf	(___flmul@b+2)^0,c
  4486   00064A  0E00               	movlw	0
  4487   00064C  6E19               	movwf	(___flmul@b+3)^0,c
  4488   00064E                     l1434:
  4489   00064E  8E18               	bsf	(___flmul@b+2)^0,7,c
  4490   000650  EF32  F003         	goto	l1438
  4491   000654                     l1436:
  4492   000654  0E00               	movlw	0
  4493   000656  6E16               	movwf	___flmul@b^0,c
  4494   000658  0E00               	movlw	0
  4495   00065A  6E17               	movwf	(___flmul@b+1)^0,c
  4496   00065C  0E00               	movlw	0
  4497   00065E  6E18               	movwf	(___flmul@b+2)^0,c
  4498   000660  0E00               	movlw	0
  4499   000662  6E19               	movwf	(___flmul@b+3)^0,c
  4500   000664                     l1438:
  4501   000664  501D               	movf	(___flmul@a+3)^0,w,c
  4502   000666  0B80               	andlw	128
  4503   000668  1A22               	xorwf	___flmul@sign^0,f,c
  4504   00066A  501D               	movf	(___flmul@a+3)^0,w,c
  4505   00066C  241D               	addwf	(___flmul@a+3)^0,w,c
  4506   00066E  6E27               	movwf	___flmul@aexp^0,c
  4507   000670  AE1C               	btfss	(___flmul@a+2)^0,7,c
  4508   000672  EF3D  F003         	goto	u671
  4509   000676  EF3F  F003         	goto	u670
  4510   00067A                     u671:
  4511   00067A  EF40  F003         	goto	l1446
  4512   00067E                     u670:
  4513   00067E  8027               	bsf	___flmul@aexp^0,0,c
  4514   000680                     l1446:
  4515   000680  5027               	movf	___flmul@aexp^0,w,c
  4516   000682  B4D8               	btfsc	status,2,c
  4517   000684  EF46  F003         	goto	u681
  4518   000688  EF48  F003         	goto	u680
  4519   00068C                     u681:
  4520   00068C  EF5B  F003         	goto	l1454
  4521   000690                     u680:
  4522   000690  2827               	incf	___flmul@aexp^0,w,c
  4523   000692  A4D8               	btfss	status,2,c
  4524   000694  EF4E  F003         	goto	u691
  4525   000698  EF50  F003         	goto	u690
  4526   00069C                     u691:
  4527   00069C  EF58  F003         	goto	l1452
  4528   0006A0                     u690:
  4529   0006A0  0E00               	movlw	0
  4530   0006A2  6E1A               	movwf	___flmul@a^0,c
  4531   0006A4  0E00               	movlw	0
  4532   0006A6  6E1B               	movwf	(___flmul@a+1)^0,c
  4533   0006A8  0E00               	movlw	0
  4534   0006AA  6E1C               	movwf	(___flmul@a+2)^0,c
  4535   0006AC  0E00               	movlw	0
  4536   0006AE  6E1D               	movwf	(___flmul@a+3)^0,c
  4537   0006B0                     l1452:
  4538   0006B0  8E1C               	bsf	(___flmul@a+2)^0,7,c
  4539   0006B2  EF63  F003         	goto	l855
  4540   0006B6                     l1454:
  4541   0006B6  0E00               	movlw	0
  4542   0006B8  6E1A               	movwf	___flmul@a^0,c
  4543   0006BA  0E00               	movlw	0
  4544   0006BC  6E1B               	movwf	(___flmul@a+1)^0,c
  4545   0006BE  0E00               	movlw	0
  4546   0006C0  6E1C               	movwf	(___flmul@a+2)^0,c
  4547   0006C2  0E00               	movlw	0
  4548   0006C4  6E1D               	movwf	(___flmul@a+3)^0,c
  4549   0006C6                     l855:
  4550   0006C6  5027               	movf	___flmul@aexp^0,w,c
  4551   0006C8  B4D8               	btfsc	status,2,c
  4552   0006CA  EF69  F003         	goto	u701
  4553   0006CE  EF6B  F003         	goto	u700
  4554   0006D2                     u701:
  4555   0006D2  EF73  F003         	goto	l1458
  4556   0006D6                     u700:
  4557   0006D6  5028               	movf	___flmul@bexp^0,w,c
  4558   0006D8  A4D8               	btfss	status,2,c
  4559   0006DA  EF71  F003         	goto	u711
  4560   0006DE  EF73  F003         	goto	u710
  4561   0006E2                     u711:
  4562   0006E2  EF7D  F003         	goto	l1462
  4563   0006E6                     u710:
  4564   0006E6                     l1458:
  4565   0006E6  0E00               	movlw	0
  4566   0006E8  6E16               	movwf	?___flmul^0,c
  4567   0006EA  0E00               	movlw	0
  4568   0006EC  6E17               	movwf	(?___flmul+1)^0,c
  4569   0006EE  0E00               	movlw	0
  4570   0006F0  6E18               	movwf	(?___flmul+2)^0,c
  4571   0006F2  0E00               	movlw	0
  4572   0006F4  6E19               	movwf	(?___flmul+3)^0,c
  4573   0006F6  EF13  F005         	goto	l859
  4574   0006FA                     l1462:
  4575   0006FA  501C               	movf	(___flmul@a+2)^0,w,c
  4576   0006FC  0216               	mulwf	___flmul@b^0,c
  4577   0006FE  CFF3 F02D          	movff	prodl,___flmul@temp
  4578   000702  CFF4 F02E          	movff	prodh,___flmul@temp+1
  4579   000706  502D               	movf	___flmul@temp^0,w,c
  4580   000708  6E23               	movwf	___flmul@grs^0,c
  4581   00070A  6A24               	clrf	(___flmul@grs+1)^0,c
  4582   00070C  6A25               	clrf	(___flmul@grs+2)^0,c
  4583   00070E  6A26               	clrf	(___flmul@grs+3)^0,c
  4584   000710  502E               	movf	(___flmul@temp+1)^0,w,c
  4585   000712  6E29               	movwf	___flmul@prod^0,c
  4586   000714  6A2A               	clrf	(___flmul@prod+1)^0,c
  4587   000716  6A2B               	clrf	(___flmul@prod+2)^0,c
  4588   000718  6A2C               	clrf	(___flmul@prod+3)^0,c
  4589   00071A  501B               	movf	(___flmul@a+1)^0,w,c
  4590   00071C  0217               	mulwf	(___flmul@b+1)^0,c
  4591   00071E  CFF3 F02D          	movff	prodl,___flmul@temp
  4592   000722  CFF4 F02E          	movff	prodh,___flmul@temp+1
  4593   000726  502D               	movf	___flmul@temp^0,w,c
  4594   000728  2623               	addwf	___flmul@grs^0,f,c
  4595   00072A  0E00               	movlw	0
  4596   00072C  2224               	addwfc	(___flmul@grs+1)^0,f,c
  4597   00072E  2225               	addwfc	(___flmul@grs+2)^0,f,c
  4598   000730  2226               	addwfc	(___flmul@grs+3)^0,f,c
  4599   000732  502E               	movf	(___flmul@temp+1)^0,w,c
  4600   000734  2629               	addwf	___flmul@prod^0,f,c
  4601   000736  0E00               	movlw	0
  4602   000738  222A               	addwfc	(___flmul@prod+1)^0,f,c
  4603   00073A  222B               	addwfc	(___flmul@prod+2)^0,f,c
  4604   00073C  222C               	addwfc	(___flmul@prod+3)^0,f,c
  4605   00073E  501A               	movf	___flmul@a^0,w,c
  4606   000740  0218               	mulwf	(___flmul@b+2)^0,c
  4607   000742  CFF3 F02D          	movff	prodl,___flmul@temp
  4608   000746  CFF4 F02E          	movff	prodh,___flmul@temp+1
  4609   00074A  502D               	movf	___flmul@temp^0,w,c
  4610   00074C  2623               	addwf	___flmul@grs^0,f,c
  4611   00074E  0E00               	movlw	0
  4612   000750  2224               	addwfc	(___flmul@grs+1)^0,f,c
  4613   000752  2225               	addwfc	(___flmul@grs+2)^0,f,c
  4614   000754  2226               	addwfc	(___flmul@grs+3)^0,f,c
  4615   000756  502E               	movf	(___flmul@temp+1)^0,w,c
  4616   000758  2629               	addwf	___flmul@prod^0,f,c
  4617   00075A  0E00               	movlw	0
  4618   00075C  222A               	addwfc	(___flmul@prod+1)^0,f,c
  4619   00075E  222B               	addwfc	(___flmul@prod+2)^0,f,c
  4620   000760  222C               	addwfc	(___flmul@prod+3)^0,f,c
  4621   000762  C025  F026         	movff	___flmul@grs+2,___flmul@grs+3
  4622   000766  C024  F025         	movff	___flmul@grs+1,___flmul@grs+2
  4623   00076A  C023  F024         	movff	___flmul@grs,___flmul@grs+1
  4624   00076E  6A23               	clrf	___flmul@grs^0,c
  4625   000770  501A               	movf	___flmul@a^0,w,c
  4626   000772  0217               	mulwf	(___flmul@b+1)^0,c
  4627   000774  CFF3 F02D          	movff	prodl,___flmul@temp
  4628   000778  CFF4 F02E          	movff	prodh,___flmul@temp+1
  4629   00077C  502D               	movf	___flmul@temp^0,w,c
  4630   00077E  2623               	addwf	___flmul@grs^0,f,c
  4631   000780  502E               	movf	(___flmul@temp+1)^0,w,c
  4632   000782  2224               	addwfc	(___flmul@grs+1)^0,f,c
  4633   000784  0E00               	movlw	0
  4634   000786  2225               	addwfc	(___flmul@grs+2)^0,f,c
  4635   000788  0E00               	movlw	0
  4636   00078A  2226               	addwfc	(___flmul@grs+3)^0,f,c
  4637   00078C  501B               	movf	(___flmul@a+1)^0,w,c
  4638   00078E  0216               	mulwf	___flmul@b^0,c
  4639   000790  CFF3 F02D          	movff	prodl,___flmul@temp
  4640   000794  CFF4 F02E          	movff	prodh,___flmul@temp+1
  4641   000798  502D               	movf	___flmul@temp^0,w,c
  4642   00079A  2623               	addwf	___flmul@grs^0,f,c
  4643   00079C  502E               	movf	(___flmul@temp+1)^0,w,c
  4644   00079E  2224               	addwfc	(___flmul@grs+1)^0,f,c
  4645   0007A0  0E00               	movlw	0
  4646   0007A2  2225               	addwfc	(___flmul@grs+2)^0,f,c
  4647   0007A4  0E00               	movlw	0
  4648   0007A6  2226               	addwfc	(___flmul@grs+3)^0,f,c
  4649   0007A8  C025  F026         	movff	___flmul@grs+2,___flmul@grs+3
  4650   0007AC  C024  F025         	movff	___flmul@grs+1,___flmul@grs+2
  4651   0007B0  C023  F024         	movff	___flmul@grs,___flmul@grs+1
  4652   0007B4  6A23               	clrf	___flmul@grs^0,c
  4653   0007B6  501A               	movf	___flmul@a^0,w,c
  4654   0007B8  0216               	mulwf	___flmul@b^0,c
  4655   0007BA  CFF3 F02D          	movff	prodl,___flmul@temp
  4656   0007BE  CFF4 F02E          	movff	prodh,___flmul@temp+1
  4657   0007C2  502D               	movf	___flmul@temp^0,w,c
  4658   0007C4  2623               	addwf	___flmul@grs^0,f,c
  4659   0007C6  502E               	movf	(___flmul@temp+1)^0,w,c
  4660   0007C8  2224               	addwfc	(___flmul@grs+1)^0,f,c
  4661   0007CA  0E00               	movlw	0
  4662   0007CC  2225               	addwfc	(___flmul@grs+2)^0,f,c
  4663   0007CE  0E00               	movlw	0
  4664   0007D0  2226               	addwfc	(___flmul@grs+3)^0,f,c
  4665   0007D2  501C               	movf	(___flmul@a+2)^0,w,c
  4666   0007D4  0217               	mulwf	(___flmul@b+1)^0,c
  4667   0007D6  CFF3 F02D          	movff	prodl,___flmul@temp
  4668   0007DA  CFF4 F02E          	movff	prodh,___flmul@temp+1
  4669   0007DE  502D               	movf	___flmul@temp^0,w,c
  4670   0007E0  2629               	addwf	___flmul@prod^0,f,c
  4671   0007E2  502E               	movf	(___flmul@temp+1)^0,w,c
  4672   0007E4  222A               	addwfc	(___flmul@prod+1)^0,f,c
  4673   0007E6  0E00               	movlw	0
  4674   0007E8  222B               	addwfc	(___flmul@prod+2)^0,f,c
  4675   0007EA  0E00               	movlw	0
  4676   0007EC  222C               	addwfc	(___flmul@prod+3)^0,f,c
  4677   0007EE  501B               	movf	(___flmul@a+1)^0,w,c
  4678   0007F0  0218               	mulwf	(___flmul@b+2)^0,c
  4679   0007F2  CFF3 F02D          	movff	prodl,___flmul@temp
  4680   0007F6  CFF4 F02E          	movff	prodh,___flmul@temp+1
  4681   0007FA  502D               	movf	___flmul@temp^0,w,c
  4682   0007FC  2629               	addwf	___flmul@prod^0,f,c
  4683   0007FE  502E               	movf	(___flmul@temp+1)^0,w,c
  4684   000800  222A               	addwfc	(___flmul@prod+1)^0,f,c
  4685   000802  0E00               	movlw	0
  4686   000804  222B               	addwfc	(___flmul@prod+2)^0,f,c
  4687   000806  0E00               	movlw	0
  4688   000808  222C               	addwfc	(___flmul@prod+3)^0,f,c
  4689   00080A  501C               	movf	(___flmul@a+2)^0,w,c
  4690   00080C  0218               	mulwf	(___flmul@b+2)^0,c
  4691   00080E  CFF3 F02D          	movff	prodl,___flmul@temp
  4692   000812  CFF4 F02E          	movff	prodh,___flmul@temp+1
  4693   000816  502D               	movf	___flmul@temp^0,w,c
  4694   000818  6E1E               	movwf	??___flmul^0,c
  4695   00081A  502E               	movf	(___flmul@temp+1)^0,w,c
  4696   00081C  6E1F               	movwf	(??___flmul+1)^0,c
  4697   00081E  6A20               	clrf	(??___flmul+2)^0,c
  4698   000820  6A21               	clrf	(??___flmul+3)^0,c
  4699   000822  C020  F021         	movff	??___flmul+2,??___flmul+3
  4700   000826  C01F  F020         	movff	??___flmul+1,??___flmul+2
  4701   00082A  C01E  F01F         	movff	??___flmul,??___flmul+1
  4702   00082E  6A1E               	clrf	??___flmul^0,c
  4703   000830  501E               	movf	??___flmul^0,w,c
  4704   000832  2629               	addwf	___flmul@prod^0,f,c
  4705   000834  501F               	movf	(??___flmul+1)^0,w,c
  4706   000836  222A               	addwfc	(___flmul@prod+1)^0,f,c
  4707   000838  5020               	movf	(??___flmul+2)^0,w,c
  4708   00083A  222B               	addwfc	(___flmul@prod+2)^0,f,c
  4709   00083C  5021               	movf	(??___flmul+3)^0,w,c
  4710   00083E  222C               	addwfc	(___flmul@prod+3)^0,f,c
  4711   000840  C023  F01E         	movff	___flmul@grs,??___flmul
  4712   000844  C024  F01F         	movff	___flmul@grs+1,??___flmul+1
  4713   000848  C025  F020         	movff	___flmul@grs+2,??___flmul+2
  4714   00084C  C026  F021         	movff	___flmul@grs+3,??___flmul+3
  4715   000850  0E19               	movlw	25
  4716   000852  EF30  F004         	goto	u720
  4717   000856                     u725:
  4718   000856  90D8               	bcf	status,0,c
  4719   000858  3221               	rrcf	(??___flmul+3)^0,f,c
  4720   00085A  3220               	rrcf	(??___flmul+2)^0,f,c
  4721   00085C  321F               	rrcf	(??___flmul+1)^0,f,c
  4722   00085E  321E               	rrcf	??___flmul^0,f,c
  4723   000860                     u720:
  4724   000860  2EE8               	decfsz	wreg,f,c
  4725   000862  EF2B  F004         	goto	u725
  4726   000866  501E               	movf	??___flmul^0,w,c
  4727   000868  2629               	addwf	___flmul@prod^0,f,c
  4728   00086A  501F               	movf	(??___flmul+1)^0,w,c
  4729   00086C  222A               	addwfc	(___flmul@prod+1)^0,f,c
  4730   00086E  5020               	movf	(??___flmul+2)^0,w,c
  4731   000870  222B               	addwfc	(___flmul@prod+2)^0,f,c
  4732   000872  5021               	movf	(??___flmul+3)^0,w,c
  4733   000874  222C               	addwfc	(___flmul@prod+3)^0,f,c
  4734   000876  C025  F026         	movff	___flmul@grs+2,___flmul@grs+3
  4735   00087A  C024  F025         	movff	___flmul@grs+1,___flmul@grs+2
  4736   00087E  C023  F024         	movff	___flmul@grs,___flmul@grs+1
  4737   000882  6A23               	clrf	___flmul@grs^0,c
  4738   000884  5027               	movf	___flmul@aexp^0,w,c
  4739   000886  C028  F01E         	movff	___flmul@bexp,??___flmul
  4740   00088A  6A1F               	clrf	(??___flmul+1)^0,c
  4741   00088C  261E               	addwf	??___flmul^0,f,c
  4742   00088E  0E00               	movlw	0
  4743   000890  221F               	addwfc	(??___flmul+1)^0,f,c
  4744   000892  0E82               	movlw	130
  4745   000894  241E               	addwf	??___flmul^0,w,c
  4746   000896  6E2D               	movwf	___flmul@temp^0,c
  4747   000898  0EFF               	movlw	255
  4748   00089A  201F               	addwfc	(??___flmul+1)^0,w,c
  4749   00089C  6E2E               	movwf	(___flmul@temp+1)^0,c
  4750   00089E  EF66  F004         	goto	l1510
  4751   0008A2                     l1504:
  4752   0008A2  90D8               	bcf	status,0,c
  4753   0008A4  3629               	rlcf	___flmul@prod^0,f,c
  4754   0008A6  362A               	rlcf	(___flmul@prod+1)^0,f,c
  4755   0008A8  362B               	rlcf	(___flmul@prod+2)^0,f,c
  4756   0008AA  362C               	rlcf	(___flmul@prod+3)^0,f,c
  4757   0008AC  AE26               	btfss	(___flmul@grs+3)^0,7,c
  4758   0008AE  EF5B  F004         	goto	u731
  4759   0008B2  EF5D  F004         	goto	u730
  4760   0008B6                     u731:
  4761   0008B6  EF5E  F004         	goto	l862
  4762   0008BA                     u730:
  4763   0008BA  8029               	bsf	___flmul@prod^0,0,c
  4764   0008BC                     l862:
  4765   0008BC  90D8               	bcf	status,0,c
  4766   0008BE  3623               	rlcf	___flmul@grs^0,f,c
  4767   0008C0  3624               	rlcf	(___flmul@grs+1)^0,f,c
  4768   0008C2  3625               	rlcf	(___flmul@grs+2)^0,f,c
  4769   0008C4  3626               	rlcf	(___flmul@grs+3)^0,f,c
  4770   0008C6  062D               	decf	___flmul@temp^0,f,c
  4771   0008C8  A0D8               	btfss	status,0,c
  4772   0008CA  062E               	decf	(___flmul@temp+1)^0,f,c
  4773   0008CC                     l1510:
  4774   0008CC  AE2B               	btfss	(___flmul@prod+2)^0,7,c
  4775   0008CE  EF6B  F004         	goto	u741
  4776   0008D2  EF6D  F004         	goto	u740
  4777   0008D6                     u741:
  4778   0008D6  EF51  F004         	goto	l1504
  4779   0008DA                     u740:
  4780   0008DA  6A27               	clrf	___flmul@aexp^0,c
  4781   0008DC  AE26               	btfss	(___flmul@grs+3)^0,7,c
  4782   0008DE  EF73  F004         	goto	u751
  4783   0008E2  EF75  F004         	goto	u750
  4784   0008E6                     u751:
  4785   0008E6  EF99  F004         	goto	l864
  4786   0008EA                     u750:
  4787   0008EA  0EFF               	movlw	255
  4788   0008EC  1423               	andwf	___flmul@grs^0,w,c
  4789   0008EE  6E1E               	movwf	??___flmul^0,c
  4790   0008F0  0EFF               	movlw	255
  4791   0008F2  1424               	andwf	(___flmul@grs+1)^0,w,c
  4792   0008F4  6E1F               	movwf	(??___flmul+1)^0,c
  4793   0008F6  0EFF               	movlw	255
  4794   0008F8  1425               	andwf	(___flmul@grs+2)^0,w,c
  4795   0008FA  6E20               	movwf	(??___flmul+2)^0,c
  4796   0008FC  0E7F               	movlw	127
  4797   0008FE  1426               	andwf	(___flmul@grs+3)^0,w,c
  4798   000900  6E21               	movwf	(??___flmul+3)^0,c
  4799   000902  501E               	movf	??___flmul^0,w,c
  4800   000904  101F               	iorwf	(??___flmul+1)^0,w,c
  4801   000906  1020               	iorwf	(??___flmul+2)^0,w,c
  4802   000908  1021               	iorwf	(??___flmul+3)^0,w,c
  4803   00090A  B4D8               	btfsc	status,2,c
  4804   00090C  EF8A  F004         	goto	u761
  4805   000910  EF8C  F004         	goto	u760
  4806   000914                     u761:
  4807   000914  EF90  F004         	goto	l865
  4808   000918                     u760:
  4809   000918                     l1514:
  4810   000918  0E01               	movlw	1
  4811   00091A  6E27               	movwf	___flmul@aexp^0,c
  4812   00091C  EF99  F004         	goto	l864
  4813   000920                     l865:
  4814   000920  A029               	btfss	___flmul@prod^0,0,c
  4815   000922  EF95  F004         	goto	u771
  4816   000926  EF97  F004         	goto	u770
  4817   00092A                     u771:
  4818   00092A  EF99  F004         	goto	l864
  4819   00092E                     u770:
  4820   00092E  EF8C  F004         	goto	l1514
  4821   000932                     l864:
  4822   000932  5027               	movf	___flmul@aexp^0,w,c
  4823   000934  B4D8               	btfsc	status,2,c
  4824   000936  EF9F  F004         	goto	u781
  4825   00093A  EFA1  F004         	goto	u780
  4826   00093E                     u781:
  4827   00093E  EFC5  F004         	goto	l1526
  4828   000942                     u780:
  4829   000942  0E01               	movlw	1
  4830   000944  2629               	addwf	___flmul@prod^0,f,c
  4831   000946  0E00               	movlw	0
  4832   000948  222A               	addwfc	(___flmul@prod+1)^0,f,c
  4833   00094A  222B               	addwfc	(___flmul@prod+2)^0,f,c
  4834   00094C  222C               	addwfc	(___flmul@prod+3)^0,f,c
  4835   00094E  A02C               	btfss	(___flmul@prod+3)^0,0,c
  4836   000950  EFAC  F004         	goto	u791
  4837   000954  EFAE  F004         	goto	u790
  4838   000958                     u791:
  4839   000958  EFC5  F004         	goto	l1526
  4840   00095C                     u790:
  4841   00095C  C029  F01E         	movff	___flmul@prod,??___flmul
  4842   000960  C02A  F01F         	movff	___flmul@prod+1,??___flmul+1
  4843   000964  C02B  F020         	movff	___flmul@prod+2,??___flmul+2
  4844   000968  C02C  F021         	movff	___flmul@prod+3,??___flmul+3
  4845   00096C  3421               	rlcf	(??___flmul+3)^0,w,c
  4846   00096E  3221               	rrcf	(??___flmul+3)^0,f,c
  4847   000970  3220               	rrcf	(??___flmul+2)^0,f,c
  4848   000972  321F               	rrcf	(??___flmul+1)^0,f,c
  4849   000974  321E               	rrcf	??___flmul^0,f,c
  4850   000976  C01E  F029         	movff	??___flmul,___flmul@prod
  4851   00097A  C01F  F02A         	movff	??___flmul+1,___flmul@prod+1
  4852   00097E  C020  F02B         	movff	??___flmul+2,___flmul@prod+2
  4853   000982  C021  F02C         	movff	??___flmul+3,___flmul@prod+3
  4854   000986  4A2D               	infsnz	___flmul@temp^0,f,c
  4855   000988  2A2E               	incf	(___flmul@temp+1)^0,f,c
  4856   00098A                     l1526:
  4857   00098A  BE2E               	btfsc	(___flmul@temp+1)^0,7,c
  4858   00098C  EFD0  F004         	goto	u801
  4859   000990  502E               	movf	(___flmul@temp+1)^0,w,c
  4860   000992  E108               	bnz	u800
  4861   000994  282D               	incf	___flmul@temp^0,w,c
  4862   000996  A0D8               	btfss	status,0,c
  4863   000998  EFD0  F004         	goto	u801
  4864   00099C  EFD2  F004         	goto	u800
  4865   0009A0                     u801:
  4866   0009A0  EFDC  F004         	goto	l1530
  4867   0009A4                     u800:
  4868   0009A4  0E00               	movlw	0
  4869   0009A6  6E29               	movwf	___flmul@prod^0,c
  4870   0009A8  0E00               	movlw	0
  4871   0009AA  6E2A               	movwf	(___flmul@prod+1)^0,c
  4872   0009AC  0E80               	movlw	128
  4873   0009AE  6E2B               	movwf	(___flmul@prod+2)^0,c
  4874   0009B0  0E7F               	movlw	127
  4875   0009B2  6E2C               	movwf	(___flmul@prod+3)^0,c
  4876   0009B4  EF09  F005         	goto	l1544
  4877   0009B8                     l1530:
  4878   0009B8  BE2E               	btfsc	(___flmul@temp+1)^0,7,c
  4879   0009BA  EFE9  F004         	goto	u810
  4880   0009BE  502E               	movf	(___flmul@temp+1)^0,w,c
  4881   0009C0  E106               	bnz	u811
  4882   0009C2  042D               	decf	___flmul@temp^0,w,c
  4883   0009C4  B0D8               	btfsc	status,0,c
  4884   0009C6  EFE7  F004         	goto	u811
  4885   0009CA  EFE9  F004         	goto	u810
  4886   0009CE                     u811:
  4887   0009CE  EFF4  F004         	goto	l872
  4888   0009D2                     u810:
  4889   0009D2  0E00               	movlw	0
  4890   0009D4  6E29               	movwf	___flmul@prod^0,c
  4891   0009D6  0E00               	movlw	0
  4892   0009D8  6E2A               	movwf	(___flmul@prod+1)^0,c
  4893   0009DA  0E00               	movlw	0
  4894   0009DC  6E2B               	movwf	(___flmul@prod+2)^0,c
  4895   0009DE  0E00               	movlw	0
  4896   0009E0  6E2C               	movwf	(___flmul@prod+3)^0,c
  4897   0009E2  6A22               	clrf	___flmul@sign^0,c
  4898   0009E4  EF09  F005         	goto	l1544
  4899   0009E8                     l872:
  4900   0009E8  C02D  F028         	movff	___flmul@temp,___flmul@bexp
  4901   0009EC  0EFF               	movlw	255
  4902   0009EE  1629               	andwf	___flmul@prod^0,f,c
  4903   0009F0  0EFF               	movlw	255
  4904   0009F2  162A               	andwf	(___flmul@prod+1)^0,f,c
  4905   0009F4  0E7F               	movlw	127
  4906   0009F6  162B               	andwf	(___flmul@prod+2)^0,f,c
  4907   0009F8  0E00               	movlw	0
  4908   0009FA  162C               	andwf	(___flmul@prod+3)^0,f,c
  4909   0009FC  A028               	btfss	___flmul@bexp^0,0,c
  4910   0009FE  EF03  F005         	goto	u821
  4911   000A02  EF05  F005         	goto	u820
  4912   000A06                     u821:
  4913   000A06  EF06  F005         	goto	l1542
  4914   000A0A                     u820:
  4915   000A0A  8E2B               	bsf	(___flmul@prod+2)^0,7,c
  4916   000A0C                     l1542:
  4917   000A0C  90D8               	bcf	status,0,c
  4918   000A0E  3028               	rrcf	___flmul@bexp^0,w,c
  4919   000A10  6E2C               	movwf	(___flmul@prod+3)^0,c
  4920   000A12                     l1544:
  4921   000A12  5022               	movf	___flmul@sign^0,w,c
  4922   000A14  122C               	iorwf	(___flmul@prod+3)^0,f,c
  4923   000A16  C029  F016         	movff	___flmul@prod,?___flmul
  4924   000A1A  C02A  F017         	movff	___flmul@prod+1,?___flmul+1
  4925   000A1E  C02B  F018         	movff	___flmul@prod+2,?___flmul+2
  4926   000A22  C02C  F019         	movff	___flmul@prod+3,?___flmul+3
  4927   000A26                     l859:
  4928   000A26  0012               	return		;funcret
  4929   000A28                     __end_of___flmul:
  4930                           	callstack 0
  4931                           
  4932 ;; *************** function _init_config *****************
  4933 ;; Defined at:
  4934 ;;		line 54 in file "main.c"
  4935 ;; Parameters:    Size  Location     Type
  4936 ;;		None
  4937 ;; Auto vars:     Size  Location     Type
  4938 ;;		None
  4939 ;; Return value:  Size  Location     Type
  4940 ;;                  1    wreg      void 
  4941 ;; Registers used:
  4942 ;;		wreg, status,2, status,0, cstack
  4943 ;; Tracked objects:
  4944 ;;		On entry : 0/0
  4945 ;;		On exit  : 0/0
  4946 ;;		Unchanged: 0/0
  4947 ;; Data sizes:     COMRAM   BANK0   BANK1   BANK2   BANK3   BANK4   BANK5
  4948 ;;      Params:         0       0       0       0       0       0       0
  4949 ;;      Locals:         0       0       0       0       0       0       0
  4950 ;;      Temps:          0       0       0       0       0       0       0
  4951 ;;      Totals:         0       0       0       0       0       0       0
  4952 ;;Total ram usage:        0 bytes
  4953 ;; Hardware stack levels used: 1
  4954 ;; Hardware stack levels required when called: 1
  4955 ;; This function calls:
  4956 ;;		_init_adc
  4957 ;;		_init_can
  4958 ;; This function is called by:
  4959 ;;		_main
  4960 ;; This function uses a non-reentrant model
  4961 ;;
  4962                           
  4963                           	psect	text10
  4964   001086                     __ptext10:
  4965                           	callstack 0
  4966   001086                     _init_config:
  4967                           	callstack 29
  4968   001086                     
  4969                           ;main.c: 60:     TRISC = TRISC | 0X0F;
  4970   001086  5094               	movf	148,w,c	;volatile
  4971   001088  090F               	iorlw	15
  4972   00108A  6E94               	movwf	148,c	;volatile
  4973   00108C                     
  4974                           ;main.c: 62:     init_adc();
  4975   00108C  EC35  F008         	call	_init_adc	;wreg free
  4976                           
  4977                           ;main.c: 64:     init_can();
  4978   001090  EC02  F008         	call	_init_can	;wreg free
  4979   001094  0012               	return		;funcret
  4980   001096                     __end_of_init_config:
  4981                           	callstack 0
  4982                           
  4983 ;; *************** function _init_can *****************
  4984 ;; Defined at:
  4985 ;;		line 22 in file "can.c"
  4986 ;; Parameters:    Size  Location     Type
  4987 ;;		None
  4988 ;; Auto vars:     Size  Location     Type
  4989 ;;		None
  4990 ;; Return value:  Size  Location     Type
  4991 ;;                  1    wreg      void 
  4992 ;; Registers used:
  4993 ;;		wreg, status,2, status,0
  4994 ;; Tracked objects:
  4995 ;;		On entry : 0/0
  4996 ;;		On exit  : 0/0
  4997 ;;		Unchanged: 0/0
  4998 ;; Data sizes:     COMRAM   BANK0   BANK1   BANK2   BANK3   BANK4   BANK5
  4999 ;;      Params:         0       0       0       0       0       0       0
  5000 ;;      Locals:         0       0       0       0       0       0       0
  5001 ;;      Temps:          0       0       0       0       0       0       0
  5002 ;;      Totals:         0       0       0       0       0       0       0
  5003 ;;Total ram usage:        0 bytes
  5004 ;; Hardware stack levels used: 1
  5005 ;; This function calls:
  5006 ;;		Nothing
  5007 ;; This function is called by:
  5008 ;;		_init_config
  5009 ;; This function uses a non-reentrant model
  5010 ;;
  5011                           
  5012                           	psect	text11
  5013   001004                     __ptext11:
  5014                           	callstack 0
  5015   001004                     _init_can:
  5016                           	callstack 29
  5017   001004                     
  5018                           ;can.c: 24:     TRISB2 = 0;
  5019   001004  9493               	bcf	3987,2,c	;volatile
  5020                           
  5021                           ;can.c: 25:     TRISB3 = 1;
  5022   001006  8693               	bsf	3987,3,c	;volatile
  5023   001008                     
  5024                           ;can.c: 29:     { CANCON &= 0x1F; CANCON |= e_can_op_mode_config; };
  5025   001008  0E1F               	movlw	31
  5026   00100A  166F               	andwf	111,f,c	;volatile
  5027   00100C  8E6F               	bsf	111,7,c	;volatile
  5028   00100E                     l924:
  5029   00100E  0E80               	movlw	128
  5030   001010  186E               	xorwf	110,w,c	;volatile
  5031   001012  A4D8               	btfss	status,2,c
  5032   001014  EF0E  F008         	goto	u21
  5033   001018  EF10  F008         	goto	u20
  5034   00101C                     u21:
  5035   00101C  EF07  F008         	goto	l924
  5036   001020                     u20:
  5037   001020                     
  5038                           ;can.c: 35:     ECANCON = 0x00;
  5039   001020  6A77               	clrf	119,c	;volatile
  5040   001022                     
  5041                           ;can.c: 38:     BRGCON1 = 0xE1;
  5042   001022  0EE1               	movlw	225
  5043   001024  6E70               	movwf	112,c	;volatile
  5044                           
  5045                           ;can.c: 39:     BRGCON2 = 0x1B;
  5046   001026  0E1B               	movlw	27
  5047   001028  6E71               	movwf	113,c	;volatile
  5048                           
  5049                           ;can.c: 40:     BRGCON3 = 0x03;
  5050   00102A  0E03               	movlw	3
  5051   00102C  6E72               	movwf	114,c	;volatile
  5052   00102E                     
  5053                           ;can.c: 46:     RXFCON0 = 0x00;
  5054   00102E  010D               	movlb	13	; () banked
  5055   001030  6BD4               	clrf	212,b	;volatile
  5056   001032                     
  5057                           ; BSR set to: 13
  5058                           ;can.c: 48:     { CANCON &= 0x1F; CANCON |= e_can_op_mode_normal; };
  5059   001032  0E1F               	movlw	31
  5060   001034  166F               	andwf	111,f,c	;volatile
  5061   001036                     
  5062                           ; BSR set to: 13
  5063   001036  506F               	movf	111,w,c	;volatile
  5064   001038                     
  5065                           ; BSR set to: 13
  5066                           ;can.c: 52:     RXB0CON = 0x00;
  5067   001038  6A60               	clrf	96,c	;volatile
  5068   00103A                     
  5069                           ; BSR set to: 13
  5070                           ;can.c: 53:     RXB0CONbits.RXM0 = 1;
  5071   00103A  8A60               	bsf	96,5,c	;volatile
  5072   00103C                     
  5073                           ; BSR set to: 13
  5074                           ;can.c: 54:     RXB0CONbits.RXM1 = 1;
  5075   00103C  8C60               	bsf	96,6,c	;volatile
  5076   00103E                     
  5077                           ; BSR set to: 13
  5078   00103E  0012               	return		;funcret
  5079   001040                     __end_of_init_can:
  5080                           	callstack 0
  5081                           
  5082 ;; *************** function _init_adc *****************
  5083 ;; Defined at:
  5084 ;;		line 12 in file "adc.c"
  5085 ;; Parameters:    Size  Location     Type
  5086 ;;		None
  5087 ;; Auto vars:     Size  Location     Type
  5088 ;;		None
  5089 ;; Return value:  Size  Location     Type
  5090 ;;                  1    wreg      void 
  5091 ;; Registers used:
  5092 ;;		None
  5093 ;; Tracked objects:
  5094 ;;		On entry : 0/0
  5095 ;;		On exit  : 0/0
  5096 ;;		Unchanged: 0/0
  5097 ;; Data sizes:     COMRAM   BANK0   BANK1   BANK2   BANK3   BANK4   BANK5
  5098 ;;      Params:         0       0       0       0       0       0       0
  5099 ;;      Locals:         0       0       0       0       0       0       0
  5100 ;;      Temps:          0       0       0       0       0       0       0
  5101 ;;      Totals:         0       0       0       0       0       0       0
  5102 ;;Total ram usage:        0 bytes
  5103 ;; Hardware stack levels used: 1
  5104 ;; This function calls:
  5105 ;;		Nothing
  5106 ;; This function is called by:
  5107 ;;		_init_config
  5108 ;; This function uses a non-reentrant model
  5109 ;;
  5110                           
  5111                           	psect	text12
  5112   00106A                     __ptext12:
  5113                           	callstack 0
  5114   00106A                     _init_adc:
  5115                           	callstack 29
  5116   00106A                     
  5117                           ;adc.c: 15:  ADFM = 1;
  5118   00106A  8EC0               	bsf	4032,7,c	;volatile
  5119                           
  5120                           ;adc.c: 17:  ACQT2 = 0;
  5121   00106C  9AC0               	bcf	4032,5,c	;volatile
  5122                           
  5123                           ;adc.c: 18:  ACQT1 = 1;
  5124   00106E  88C0               	bsf	4032,4,c	;volatile
  5125                           
  5126                           ;adc.c: 19:  ACQT0 = 0;
  5127   001070  96C0               	bcf	4032,3,c	;volatile
  5128                           
  5129                           ;adc.c: 21:  ADCS0 = 0;
  5130   001072  90C0               	bcf	4032,0,c	;volatile
  5131                           
  5132                           ;adc.c: 22:  ADCS1 = 1;
  5133   001074  82C0               	bsf	4032,1,c	;volatile
  5134                           
  5135                           ;adc.c: 23:  ADCS2 = 0;
  5136   001076  94C0               	bcf	4032,2,c	;volatile
  5137                           
  5138                           ;adc.c: 25:  GODONE = 0;
  5139   001078  92C2               	bcf	4034,1,c	;volatile
  5140                           
  5141                           ;adc.c: 27:  VCFG1 = 0;
  5142   00107A  9AC1               	bcf	4033,5,c	;volatile
  5143                           
  5144                           ;adc.c: 28:  VCFG0 = 0;
  5145   00107C  98C1               	bcf	4033,4,c	;volatile
  5146                           
  5147                           ;adc.c: 30:  ADRESH = 0;
  5148   00107E  6AC4               	clrf	196,c	;volatile
  5149                           
  5150                           ;adc.c: 31:  ADRESL = 0;
  5151   001080  6AC3               	clrf	195,c	;volatile
  5152                           
  5153                           ;adc.c: 33:  ADON = 1;
  5154   001082  80C2               	bsf	4034,0,c	;volatile
  5155   001084  0012               	return		;funcret
  5156   001086                     __end_of_init_adc:
  5157                           	callstack 0
  5158                           
  5159                           	psect	smallconst
  5160   000600                     __psmallconst:
  5161                           	callstack 0
  5162   000600  00                 	db	0
  5163   000601  00                 	db	0	; dummy byte at the end
  5164   000600                     __smallconst    set	__psmallconst
  5165   000600                     __mediumconst   set	__psmallconst
  5166   000000                     __activetblptr  equ	0
  5167                           
  5168                           	psect	rparam
  5169   000001                     ___rparam_used  equ	1
  5170   000000                     ___param_bank   equ	0
  5171   000000                     __Lparam        equ	__Lrparam
  5172   000000                     __Hparam        equ	__Hrparam
  5173                           
  5174                           	psect	idloc
  5175                           
  5176                           ;Config register IDLOC0 @ 0x200000
  5177                           ;	unspecified, using default values
  5178   200000                     	org	2097152
  5179   200000  FF                 	db	255
  5180                           
  5181                           ;Config register IDLOC1 @ 0x200001
  5182                           ;	unspecified, using default values
  5183   200001                     	org	2097153
  5184   200001  FF                 	db	255
  5185                           
  5186                           ;Config register IDLOC2 @ 0x200002
  5187                           ;	unspecified, using default values
  5188   200002                     	org	2097154
  5189   200002  FF                 	db	255
  5190                           
  5191                           ;Config register IDLOC3 @ 0x200003
  5192                           ;	unspecified, using default values
  5193   200003                     	org	2097155
  5194   200003  FF                 	db	255
  5195                           
  5196                           ;Config register IDLOC4 @ 0x200004
  5197                           ;	unspecified, using default values
  5198   200004                     	org	2097156
  5199   200004  FF                 	db	255
  5200                           
  5201                           ;Config register IDLOC5 @ 0x200005
  5202                           ;	unspecified, using default values
  5203   200005                     	org	2097157
  5204   200005  FF                 	db	255
  5205                           
  5206                           ;Config register IDLOC6 @ 0x200006
  5207                           ;	unspecified, using default values
  5208   200006                     	org	2097158
  5209   200006  FF                 	db	255
  5210                           
  5211                           ;Config register IDLOC7 @ 0x200007
  5212                           ;	unspecified, using default values
  5213   200007                     	org	2097159
  5214   200007  FF                 	db	255
  5215                           
  5216                           	psect	config
  5217                           
  5218                           ; Padding undefined space
  5219   300000                     	org	3145728
  5220   300000  FF                 	db	255
  5221                           
  5222                           ;Config register CONFIG1H @ 0x300001
  5223                           ;	unspecified, using default values
  5224                           ;	Oscillator Selection bits
  5225                           ;	OSC = 0x7, unprogrammed default
  5226                           ;	Fail-Safe Clock Monitor Enable bit
  5227                           ;	FCMEN = 0x0, unprogrammed default
  5228                           ;	Internal/External Oscillator Switchover bit
  5229                           ;	IESO = 0x0, unprogrammed default
  5230   300001                     	org	3145729
  5231   300001  07                 	db	7
  5232                           
  5233                           ;Config register CONFIG2L @ 0x300002
  5234                           ;	unspecified, using default values
  5235                           ;	Power-up Timer Enable bit
  5236                           ;	PWRT = 0x1, unprogrammed default
  5237                           ;	Brown-out Reset Enable bits
  5238                           ;	BOREN = 0x3, unprogrammed default
  5239                           ;	Brown-out Reset Voltage bits
  5240                           ;	BORV = 0x3, unprogrammed default
  5241   300002                     	org	3145730
  5242   300002  1F                 	db	31
  5243                           
  5244                           ;Config register CONFIG2H @ 0x300003
  5245                           ;	unspecified, using default values
  5246                           ;	Watchdog Timer Enable bit
  5247                           ;	WDT = 0x1, unprogrammed default
  5248                           ;	Watchdog Timer Postscale Select bits
  5249                           ;	WDTPS = 0xF, unprogrammed default
  5250   300003                     	org	3145731
  5251   300003  1F                 	db	31
  5252                           
  5253                           ; Padding undefined space
  5254   300004                     	org	3145732
  5255   300004  FF                 	db	255
  5256                           
  5257                           ;Config register CONFIG3H @ 0x300005
  5258                           ;	unspecified, using default values
  5259                           ;	PORTB A/D Enable bit
  5260                           ;	PBADEN = 0x1, unprogrammed default
  5261                           ;	Low-Power Timer 1 Oscillator Enable bit
  5262                           ;	LPT1OSC = 0x0, unprogrammed default
  5263                           ;	MCLR Pin Enable bit
  5264                           ;	MCLRE = 0x1, unprogrammed default
  5265   300005                     	org	3145733
  5266   300005  82                 	db	130
  5267                           
  5268                           ;Config register CONFIG4L @ 0x300006
  5269                           ;	unspecified, using default values
  5270                           ;	Stack Full/Underflow Reset Enable bit
  5271                           ;	STVREN = 0x1, unprogrammed default
  5272                           ;	Single-Supply ICSP Enable bit
  5273                           ;	LVP = 0x1, unprogrammed default
  5274                           ;	Boot Block Size Select bit
  5275                           ;	BBSIZ = 0x0, unprogrammed default
  5276                           ;	Extended Instruction Set Enable bit
  5277                           ;	XINST = 0x0, unprogrammed default
  5278                           ;	Background Debugger Enable bit
  5279                           ;	DEBUG = 0x1, unprogrammed default
  5280   300006                     	org	3145734
  5281   300006  85                 	db	133
  5282                           
  5283                           ; Padding undefined space
  5284   300007                     	org	3145735
  5285   300007  FF                 	db	255
  5286                           
  5287                           ;Config register CONFIG5L @ 0x300008
  5288                           ;	unspecified, using default values
  5289                           ;	Code Protection bit
  5290                           ;	CP0 = 0x1, unprogrammed default
  5291                           ;	Code Protection bit
  5292                           ;	CP1 = 0x1, unprogrammed default
  5293                           ;	Code Protection bit
  5294                           ;	CP2 = 0x1, unprogrammed default
  5295                           ;	Code Protection bit
  5296                           ;	CP3 = 0x1, unprogrammed default
  5297   300008                     	org	3145736
  5298   300008  0F                 	db	15
  5299                           
  5300                           ;Config register CONFIG5H @ 0x300009
  5301                           ;	unspecified, using default values
  5302                           ;	Boot Block Code Protection bit
  5303                           ;	CPB = 0x1, unprogrammed default
  5304                           ;	Data EEPROM Code Protection bit
  5305                           ;	CPD = 0x1, unprogrammed default
  5306   300009                     	org	3145737
  5307   300009  C0                 	db	192
  5308                           
  5309                           ;Config register CONFIG6L @ 0x30000A
  5310                           ;	unspecified, using default values
  5311                           ;	Write Protection bit
  5312                           ;	WRT0 = 0x1, unprogrammed default
  5313                           ;	Write Protection bit
  5314                           ;	WRT1 = 0x1, unprogrammed default
  5315                           ;	Write Protection bit
  5316                           ;	WRT2 = 0x1, unprogrammed default
  5317                           ;	Write Protection bit
  5318                           ;	WRT3 = 0x1, unprogrammed default
  5319   30000A                     	org	3145738
  5320   30000A  0F                 	db	15
  5321                           
  5322                           ;Config register CONFIG6H @ 0x30000B
  5323                           ;	unspecified, using default values
  5324                           ;	Configuration Register Write Protection bit
  5325                           ;	WRTC = 0x1, unprogrammed default
  5326                           ;	Boot Block Write Protection bit
  5327                           ;	WRTB = 0x1, unprogrammed default
  5328                           ;	Data EEPROM Write Protection bit
  5329                           ;	WRTD = 0x1, unprogrammed default
  5330   30000B                     	org	3145739
  5331   30000B  E0                 	db	224
  5332                           
  5333                           ;Config register CONFIG7L @ 0x30000C
  5334                           ;	unspecified, using default values
  5335                           ;	Table Read Protection bit
  5336                           ;	EBTR0 = 0x1, unprogrammed default
  5337                           ;	Table Read Protection bit
  5338                           ;	EBTR1 = 0x1, unprogrammed default
  5339                           ;	Table Read Protection bit
  5340                           ;	EBTR2 = 0x1, unprogrammed default
  5341                           ;	Table Read Protection bit
  5342                           ;	EBTR3 = 0x1, unprogrammed default
  5343   30000C                     	org	3145740
  5344   30000C  0F                 	db	15
  5345                           
  5346                           ;Config register CONFIG7H @ 0x30000D
  5347                           ;	unspecified, using default values
  5348                           ;	Boot Block Table Read Protection bit
  5349                           ;	EBTRB = 0x1, unprogrammed default
  5350   30000D                     	org	3145741
  5351   30000D  40                 	db	64
  5352                           tosu	equ	0xFFF
  5353                           tosh	equ	0xFFE
  5354                           tosl	equ	0xFFD
  5355                           stkptr	equ	0xFFC
  5356                           pclatu	equ	0xFFB
  5357                           pclath	equ	0xFFA
  5358                           pcl	equ	0xFF9
  5359                           tblptru	equ	0xFF8
  5360                           tblptrh	equ	0xFF7
  5361                           tblptrl	equ	0xFF6
  5362                           tablat	equ	0xFF5
  5363                           prodh	equ	0xFF4
  5364                           prodl	equ	0xFF3
  5365                           indf0	equ	0xFEF
  5366                           postinc0	equ	0xFEE
  5367                           postdec0	equ	0xFED
  5368                           preinc0	equ	0xFEC
  5369                           plusw0	equ	0xFEB
  5370                           fsr0h	equ	0xFEA
  5371                           fsr0l	equ	0xFE9
  5372                           wreg	equ	0xFE8
  5373                           indf1	equ	0xFE7
  5374                           postinc1	equ	0xFE6
  5375                           postdec1	equ	0xFE5
  5376                           preinc1	equ	0xFE4
  5377                           plusw1	equ	0xFE3
  5378                           fsr1h	equ	0xFE2
  5379                           fsr1l	equ	0xFE1
  5380                           bsr	equ	0xFE0
  5381                           indf2	equ	0xFDF
  5382                           postinc2	equ	0xFDE
  5383                           postdec2	equ	0xFDD
  5384                           preinc2	equ	0xFDC
  5385                           plusw2	equ	0xFDB
  5386                           fsr2h	equ	0xFDA
  5387                           fsr2l	equ	0xFD9
  5388                           status	equ	0xFD8

Data Sizes:
    Strings     0
    Constant    0
    Data        12
    BSS         2
    Persistent  0
    Stack       0

Auto Spaces:
    Space          Size  Autos    Used
    COMRAM           95     64      78
    BANK0           160      0       0
    BANK1           256      0       0
    BANK2           256      0       0
    BANK3           256      0       0
    BANK4           256      0       0
    BANK5           256      0       0

Pointer List with Targets:

    can_transmit@data	PTR const unsigned char  size(1) Largest target is 3
		 -> send_data@send(COMRAM[3]), 

    can_transmit@ptr	PTR unsigned char  size(2) Largest target is 1
		 -> TXB0D0(SFR_2[1]), 


Critical Paths under _main in COMRAM

    _main->_send_data
    _send_data->___fltol
    _can_transmit->_set_msg_id_std
    _rpm->___fltol
    ___xxtofl->_read_adc
    ___fltol->___flmul
    ___flmul->___xxtofl

Critical Paths under _main in BANK0

    None.

Critical Paths under _main in BANK1

    None.

Critical Paths under _main in BANK2

    None.

Critical Paths under _main in BANK3

    None.

Critical Paths under _main in BANK4

    None.

Critical Paths under _main in BANK5

    None.

Call Graph Tables:

 ---------------------------------------------------------------------------------
 (Depth) Function   	        Calls       Base Space   Used Autos Params    Refs
 ---------------------------------------------------------------------------------
 (0) _main                                                17    17      0    4696
                                             63 COMRAM     1     1      0
                        _init_config
                                _rpm
                          _send_data
                        _switch_read
 ---------------------------------------------------------------------------------
 (1) _switch_read                                          1     1      0      30
                                              0 COMRAM     1     1      0
 ---------------------------------------------------------------------------------
 (1) _send_data                                            7     7      0    2484
                                             56 COMRAM     7     7      0
                            ___flmul
                            ___fltol
                           ___xxtofl
                       _can_transmit
                           _read_adc
 ---------------------------------------------------------------------------------
 (2) _can_transmit                                        11     7      4     230
                                              4 COMRAM    11     7      4
                     _set_msg_id_std
 ---------------------------------------------------------------------------------
 (3) _set_msg_id_std                                       4     2      2      45
                                              0 COMRAM     4     2      2
 ---------------------------------------------------------------------------------
 (1) _rpm                                                  0     0      0    2091
                            ___flmul
                            ___fltol
                           ___xxtofl
                           _read_adc
 ---------------------------------------------------------------------------------
 (2) _read_adc                                             7     5      2      52
                                              0 COMRAM     7     5      2
 ---------------------------------------------------------------------------------
 (2) ___xxtofl                                            14    10      4     338
                                              7 COMRAM    14    10      4
                           _read_adc (ARG)
 ---------------------------------------------------------------------------------
 (2) ___fltol                                             10     6      4     231
                                             46 COMRAM    10     6      4
                            ___flmul (ARG)
                           ___xxtofl (ARG)
                           _read_adc (ARG)
 ---------------------------------------------------------------------------------
 (2) ___flmul                                             25    17      8    1470
                                             21 COMRAM    25    17      8
                           ___xxtofl (ARG)
                           _read_adc (ARG)
 ---------------------------------------------------------------------------------
 (1) _init_config                                          0     0      0       0
                           _init_adc
                           _init_can
 ---------------------------------------------------------------------------------
 (2) _init_can                                             0     0      0       0
 ---------------------------------------------------------------------------------
 (2) _init_adc                                             0     0      0       0
 ---------------------------------------------------------------------------------
 Estimated maximum stack depth 3
 ---------------------------------------------------------------------------------

 Call Graph Graphs:

 _main (ROOT)
   _init_config
     _init_adc
     _init_can
   _rpm
     ___flmul
       ___xxtofl (ARG)
         _read_adc (ARG)
       _read_adc (ARG)
     ___fltol
       ___flmul (ARG)
       ___xxtofl (ARG)
       _read_adc (ARG)
     ___xxtofl
     _read_adc
   _send_data
     ___flmul
     ___fltol
     ___xxtofl
     _can_transmit
       _set_msg_id_std
     _read_adc
   _switch_read

Address spaces:
Name               Size   Autos  Total    Usage
BIGRAM            1535      0       0      0.0%
BITBIGSFRlh        410      0       0      0.0%
BITBANK5           256      0       0      0.0%
BANK5              256      0       0      0.0%
BITBANK4           256      0       0      0.0%
BANK4              256      0       0      0.0%
BITBANK3           256      0       0      0.0%
BANK3              256      0       0      0.0%
BITBANK2           256      0       0      0.0%
BANK2              256      0       0      0.0%
BITBANK1           256      0       0      0.0%
BANK1              256      0       0      0.0%
BITBIGSFRll        212      0       0      0.0%
BITBANK0           160      0       0      0.0%
BANK0              160      0       0      0.0%
BITBIGSFRh         144      0       0      0.0%
BITCOMRAM           95      0       0      0.0%
COMRAM              95     64      78     82.1%
STACK                0      0       0      0.0%
DATA                 0      0      78      0.0%


Microchip Technology PIC18 Macro Assembler V3.00 build 20241204225717 
Symbol Table                                                                                   Mon Nov 24 12:22:13 2025

                     l23 1094                       l31 0E3C                       l29 0DD4  
                     l72 1084                       l75 0F9A                       l78 0FC6  
                     l87 0EB6                       _GO 7E11                       u20 1020  
                     u21 101C                      l111 0DBE                      l104 0F80  
                    l108 0D7E                      l190 1002                      l183 1020  
                    l184 103E                      l195 0F22                      l196 0F26  
                    l538 0CE0                      l910 0B72                      l903 0B16  
                    l920 1008                      l930 1032                      l922 100C  
                    l916 106A                      l932 1036                      l924 100E  
                    l934 1038                      l926 1022                      l918 1004  
                    l862 08BC                      l863 08DA                      l855 06C6  
                    l936 103A                      l928 102E                      l872 09E8  
                    l864 0932                      l865 0920                      l938 103C  
                    l859 0A26                      l896 0A7E                      l899 0BDA  
                    _RC0 7C10                      _RC1 7C11                      _RC2 7C12  
                    _RD7 7C1F                      u430 0E56                      u431 0E52  
                    u440 0E6A                      u441 0E66                      u450 0E7A  
                    u451 0E76                      u700 06D6                      u620 0FA8  
                    u460 0E98                      u701 06D2                      u621 0FA4  
                    u461 0E94                      u710 06E6                      u630 0F22  
                    u470 0EB2                      u711 06E2                      u615 0FD4  
                    u631 0F1E                      u471 0EAE                      u800 09A4  
                    u720 0860                      u640 061C                      u801 09A0  
                    u641 0618                      u810 09D2                      u730 08BA  
                    u650 062E                      u811 09CE                      u731 08B6  
                    u651 062A                      u820 0A0A                      u740 08DA  
                    u660 063E                      u900 0A3A                      u821 0A06  
                    u741 08D6                      u725 0856                      u661 063A  
                    u901 0A36                      u750 08EA                      u670 067E  
                    u830 0BF2                      u910 0A48                      u751 08E6  
                    u671 067A                      u831 0BEE                      u911 0A44  
                    u760 0918                      u680 0690                      u840 0C26  
                    u920 0AA4                      u761 0914                      u681 068C  
                    u921 0AA0                      u770 092E                      u690 06A0  
                    u850 0C54                      u930 0AFA                      u771 092A  
                    u691 069C                      u851 0C50                      u931 0AF6  
                    u780 0942                      u860 0C68                      u940 0B44  
                    u781 093E                      u861 0C64                      u845 0C1C  
                    u941 0B40                      u790 095C                      u870 0C90  
                    u950 0B62                      u791 0958                      u871 0C8C  
                    u951 0B5E                      u880 0CB0                      u960 0B72  
                    u881 0CAC                      u961 0B6E                      u890 0CC0  
                    u970 0B80                      u891 0CBC                      u971 0B7C  
                    u980 0BBA                      u981 0BB6                      u990 0BC8  
                    u991 0BC4                      _rpm 0F28                      wreg 0FE8  
           ___flmul@aexp 0027             ___flmul@bexp 0028             ___flmul@sign 0022  
           ___flmul@temp 002D             ___flmul@prod 0029             ___fltol@exp1 0038  
                   l1220 0E46                     l1222 0E56                     l1400 0FA8  
                   l1224 0E6A                     l1402 0FBE                     l1410 0ECA  
                   l1226 0E7A                     l1234 0E84                     l1242 0EA2  
                   l1500 0876                     l1420 0EFE                     l1412 0ECE  
                   l1236 0E98                     l1228 0E7C                     l1510 08CC  
                   l1502 0884                     l1430 062E                     l1422 0602  
                   l1414 0ED6                     l1406 0EB8                     l1238 0E9C  
                   l1184 1086                     l1520 094E                     l1512 08EA  
                   l1504 08A2                     l1440 066A                     l1432 063E  
                   l1424 060E                     l1600 0A8E                     l1416 0EE2  
                   l1408 0EBE                     l1186 108C                     l1530 09B8  
                   l1522 095C                     l1514 0918                     l1506 08AC  
                   l1450 06A0                     l1442 0670                     l1434 064E  
                   l1426 061C                     l1610 0ACC                     l1602 0AA4  
                   l1418 0EFA                     l1540 0A0A                     l1532 09D2  
                   l1524 0986                     l1508 08BA                     l1452 06B0  
                   l1444 067E                     l1436 0654                     l1428 061E  
                   l1620 0B54                     l1612 0AFE                     l1542 0A0C  
                   l1534 09E2                     l1518 0942                     l1526 098A  
                   l1470 0732                     l1462 06FA                     l1454 06B6  
                   l1446 0680                     l1438 0664                     l1550 0BDC  
                   l1630 0BAA                     l1622 0B62                     l1614 0B00  
                   l1606 0AB8                     l1536 09EC                     l1544 0A12  
                   l1528 09A4                     l1480 077C                     l1472 074A  
                   l1464 0706                     l1456 06D6                     l1448 0690  
                   l1560 0C32                     l1552 0BF2                     l1632 0BBA  
                   l1624 0B80                     l1616 0B0C                     l1608 0AC0  
                   l1640 0F28                     l1546 0A16                     l1538 09FC  
                   l1490 07D2                     l1482 078C                     l1474 0756  
                   l1466 0710                     l1458 06E6                     l1562 0C42  
                   l1634 0BC8                     l1626 0B82                     l1618 0B48  
                   l1394 0FC8                     l1650 0D56                     l1642 0CE2  
                   l1492 07EE                     l1484 0798                     l1476 0762  
                   l1468 0726                     l1572 0C6C                     l1564 0C46  
                   l1556 0C06                     l1636 0BCA                     l1628 0B86  
                   l1396 0F84                     l1660 0D82                     l1644 0D3A  
                   l1494 07FA                     l1486 07A8                     l1478 0770  
                   l1590 0CD0                     l1582 0C94                     l1574 0C76  
                   l1566 0C54                     l1558 0C30                     l1398 0F98  
                   l1670 0DA4                     l1662 0D96                     l1646 0D3E  
                   l1496 0816                     l1488 07C2                     l1584 0CA0  
                   l1576 0C80                     l1656 0D5E                     l1648 0D42  
                   l1680 0DC8                     l1672 0DC0                     l1498 0840  
                   l1586 0CB0                     l1594 0A2A                     l1658 0D64  
                   l1690 0E00                     l1682 0DCC                     l1674 0DC4  
                   l1588 0CC0                     l1596 0A3A                     l1668 0D9E  
                   l1692 0E08                     l1684 0DD6                     l1676 0DC4  
                   l1598 0A48                     l1694 0E1A                     l1686 0DE8  
                   l1678 0DC4                     l1696 0E22                     l1688 0DEE  
                   l1698 0E34                     _ADFM 7E07                     _ADON 7E10  
                   ?_rpm 0001                     u1000 0D7E                     u1001 0D7A  
                   u1010 0DBE                     u1011 0DBA                     u1020 0DE8  
                   u1021 0DE4                     u1030 0E00                     u1031 0DFC  
                   u1040 0E1A                     u1041 0E16                     u1050 0E34  
                   u1051 0E30                     _main 0DC0                     fsr2h 0FDA  
                   indf1 0FE7                     indf2 0FDF                     fsr1l 0FE1  
                   fsr2l 0FD9                     prodh 0FF4                     prodl 0FF3  
                   start 2FFC             ___param_bank 0000              _switch_read 0E44  
                  ??_rpm 0039            ___fltol@sign1 0037                    _ADCS0 7E00  
                  _ADCS1 7E01                    _ADCS2 7E02                    ?_main 0001  
                  _ACQT0 7E03                    _ACQT1 7E04                    _ACQT2 7E05  
        __end_of___flmul 0A28          __end_of___fltol 0CE2             ?_init_config 0001  
                  _VCFG0 7E0C                    _VCFG1 7E0D                    _PORTA 0F80  
                  _PORTB 0F81                    _PORTC 0F82                    _PORTD 0F83  
                  _TRISA 0F92                    _TRISC 0F94                    _TRISD 0F95  
                  _value 004D                    tablat 0FF5                    status 0FD8  
        __initialization 1040             __end_of_main 0E44                   ??_main 0040  
          __activetblptr 0000                   _ADCON0 0FC2                   _CANCON 0F6F  
                 _ADRESH 0FC4                   _ADRESL 0FC3                   _GODONE 7E11  
                 _RXB0D0 0F66                   _RXB0IF 7D20                   _TXB0D0 0F46  
                 _TRISB2 7C9A                   _TRISB3 7C9B                   _TRISD7 7CAF  
       __end_of___xxtofl 0BDC                ??___flmul 001E                ??___fltol 0033  
                 _digits 0041            can_transmit@i 000E         __end_of_init_adc 1086  
       __end_of_init_can 1040         __end_of_read_adc 0FC8                   isa$std 0001  
           __pdataCOMRAM 0041             __mediumconst 0600                   tblptrh 0FF7  
                 tblptrl 0FF6                   tblptru 0FF8             _can_transmit 0EB8  
           ___xxtofl@arg 0012             ___xxtofl@exp 0011             ___xxtofl@val 0008  
             __accesstop 0060  __end_of__initialization 1064            ___rparam_used 0001  
             ___fltol@f1 002F           __pcstackCOMRAM 0001         set_msg_id_std@id 0001  
           ?_switch_read 0001                  _ECANCON 0F77                  _CANSTAT 0F6E  
                _BRGCON1 0F70                  _BRGCON2 0F71                  _BRGCON3 0F72  
              ?___xxtofl 0008                  _RXB0DLC 0F65                  _RXB0CON 0F60  
                _RXB0FUL 7B07                  _TXB0DLC 0F45                  _TXB0REQ 7A03  
                _RXFCON0 0DD4                ?_init_adc 0001                ?_init_can 0001  
              ?_read_adc 0001                  __Hparam 0000                  __Lparam 0000  
                ___flmul 0602                  ___fltol 0BDC          switch_read@once 004B  
           __psmallconst 0600                  __pcinit 1040                  __ramtop 0600  
                __ptext0 0DC0                  __ptext1 0E44                  __ptext2 0CE2  
                __ptext3 0EB8                  __ptext4 0FC8                  __ptext5 0F28  
                __ptext6 0F82                  __ptext7 0A28                  __ptext8 0BDC  
                __ptext9 0602               ??___xxtofl 000C                  main@key 0040  
   end_of_initialization 1064        __end_of_send_data 0DC0               ??_init_adc 0001  
             ??_init_can 0001               ??_read_adc 0003                  postdec1 0FE5  
                postinc0 0FEE            send_data@send 0039          read_adc@channel 0007  
          ___xxtofl@sign 0010          read_adc@reg_val 0005           _set_msg_id_std 0FC8  
            ___flmul@grs 0023            __pidataCOMRAM 1096      start_initialization 1040  
            __end_of_rpm 0F82   __end_of_set_msg_id_std 1004            ??_init_config 0001  
              ___flmul@a 001A                ___flmul@b 0016              __pbssCOMRAM 004D  
        ?_set_msg_id_std 0001        switch_read@option 0001         can_transmit@data 0007  
               ?___flmul 0016                 ?___fltol 002F               send_data@i 003C  
            __smallconst 0600                _indicator 004C       can_transmit@msg_id 0005  
    __end_of_init_config 1096                _send_data 0CE2                 _RXB0SIDH 0F61  
               _RXB0SIDL 0F62                 _TXB0EIDH 0F43                 _TXB0EIDL 0F44  
               _TXB0SIDH 0F41                 _TXB0SIDL 0F42            ?_can_transmit 0005  
              copy_data0 1054               ?_send_data 0001                 __Hrparam 0000  
               __Lrparam 0000              _init_config 1086                 ___xxtofl 0A28  
         ??_can_transmit 0009                 __ptext10 1086                 __ptext11 1004  
               __ptext12 106A          can_transmit@len 0008          can_transmit@ptr 000C  
               _init_adc 106A                 _init_can 1004                 _read_adc 0F82  
               isa$xinst 0000            ??_switch_read 0001              _RXB0CONbits 0F60  
       ??_set_msg_id_std 0003              ??_send_data 0039           send_data@i_103 003E  
    __end_of_switch_read 0EB8     __end_of_can_transmit 0F28  
