

Microchip MPLAB XC8 Assembler V3.00 build 20241204225717 
                                                                                               Mon Nov 24 12:25:45 2025

Microchip MPLAB XC8 C Compiler v3.00 (Free license) build 20241204225717 Og1 
     1                           	processor	18F4580
     2                           	fnconf	rparam,??,?,0
     3                           	pagewidth 120
     4                           	opt	flic
     5                           	psect	idataCOMRAM,global,class=CODE,space=0,delta=1,noexec
     6                           	psect	mediumconst,global,reloc=2,class=MEDIUMCONST,space=0,delta=1,noexec
     7                           	psect	cinit,global,reloc=2,class=CODE,space=0,delta=1
     8                           	psect	bssCOMRAM,global,class=COMRAM,space=1,delta=1,lowdata,noexec
     9                           	psect	dataCOMRAM,global,class=COMRAM,space=1,delta=1,lowdata,noexec
    10                           	psect	cstackCOMRAM,global,class=COMRAM,space=1,delta=1,lowdata,noexec
    11                           	psect	text0,global,reloc=2,class=CODE,space=0,delta=1
    12                           	psect	text1,global,reloc=2,class=CODE,space=0,delta=1
    13                           	psect	text2,global,reloc=2,class=CODE,space=0,delta=1,group=1
    14                           	psect	text3,global,reloc=2,class=CODE,space=0,delta=1,group=1
    15                           	psect	text4,global,reloc=2,class=CODE,space=0,delta=1
    16                           	psect	text5,global,reloc=2,class=CODE,space=0,delta=1
    17                           	psect	text6,global,reloc=2,class=CODE,space=0,delta=1
    18                           	psect	text7,global,reloc=2,class=CODE,space=0,delta=1
    19                           	psect	text8,global,reloc=2,class=CODE,space=0,delta=1
    20                           	psect	text9,global,reloc=2,class=CODE,space=0,delta=1
    21                           	psect	text10,global,reloc=2,class=CODE,space=0,delta=1
    22                           	psect	text11,global,reloc=2,class=CODE,space=0,delta=1
    23                           	psect	intsave_regs,global,class=BIGRAM,space=1,delta=1,noexec
    24                           	psect	rparam,global,class=COMRAM,space=1,delta=1,noexec
    25                           	psect	idloc,global,abs,ovrld,class=IDLOC,space=5,delta=1,noexec
    26                           	psect	config,global,abs,ovrld,class=CONFIG,space=4,delta=1,noexec
    27   000000                     
    28                           ; Version 2.20
    29                           ; Generated 12/02/2020 GMT
    30                           ; 
    31                           ; Copyright © 2020, Microchip Technology Inc. and its subsidiaries ("Microchip")
    32                           ; All rights reserved.
    33                           ; 
    34                           ; This software is developed by Microchip Technology Inc. and its subsidiaries ("Microch
      +                          ip").
    35                           ; 
    36                           ; Redistribution and use in source and binary forms, with or without modification, are
    37                           ; permitted provided that the following conditions are met:
    38                           ; 
    39                           ;     1. Redistributions of source code must retain the above copyright notice, this lis
      +                          t of
    40                           ;        conditions and the following disclaimer.
    41                           ; 
    42                           ;     2. Redistributions in binary form must reproduce the above copyright notice, this 
      +                          list
    43                           ;        of conditions and the following disclaimer in the documentation and/or other
    44                           ;        materials provided with the distribution.
    45                           ; 
    46                           ;     3. Microchip's name may not be used to endorse or promote products derived from th
      +                          is
    47                           ;        software without specific prior written permission.
    48                           ; 
    49                           ; THIS SOFTWARE IS PROVIDED BY MICROCHIP "AS IS" AND ANY EXPRESS OR IMPLIED WARRANTIES,
    50                           ; INCLUDING, BUT NOT LIMITED TO, THE IMPLIED WARRANTIES OF MERCHANTABILITY AND FITNESS F
      +                          OR
    51                           ; PURPOSE ARE DISCLAIMED.  IN NO EVENT SHALL MICROCHIP BE LIABLE FOR ANY DIRECT, INDIREC
      +                          T,
    52                           ; INCIDENTAL, SPECIAL, EXEMPLARY, OR CONSEQUENTIAL DAMAGES (INCLUDING BUT NOT LIMITED TO
    53                           ; PROCUREMENT OF SUBSTITUTE GOODS OR SERVICES; LOSS OF USE, DATA OR PROFITS; OR BUSINESS
    54                           ; INTERRUPTION) HOWSOEVER CAUSED AND ON ANY THEORY OF LIABILITY, WHETHER IN CONTRACT, ST
      +                          RICT
    55                           ; LIABILITY, OR TORT (INCLUDING NEGLIGENCE OR OTHERWISE) ARISING IN ANY WAY OUT OF THE U
      +                          SE OF
    56                           ; THIS SOFTWARE, EVEN IF ADVISED OF THE POSSIBILITY OF SUCH DAMAGE.
    57                           ; 
    58                           ; 
    59                           ; Code-generator required, PIC18F4580 Definitions
    60                           ; 
    61                           ; SFR Addresses
    62   000FE0                     bsr             equ	4064
    63   000FE9                     fsr0            equ	4073
    64   000FEA                     fsr0h           equ	4074
    65   000FE9                     fsr0l           equ	4073
    66   000FE1                     fsr1            equ	4065
    67   000FE2                     fsr1h           equ	4066
    68   000FE1                     fsr1l           equ	4065
    69   000FD9                     fsr2            equ	4057
    70   000FDA                     fsr2h           equ	4058
    71   000FD9                     fsr2l           equ	4057
    72   000FEF                     indf0           equ	4079
    73   000FE7                     indf1           equ	4071
    74   000FDF                     indf2           equ	4063
    75   000FF2                     intcon          equ	4082
    76   000000                     nvmcon          equ	0
    77   000FF9                     pcl             equ	4089
    78   000FFA                     pclath          equ	4090
    79   000FFB                     pclatu          equ	4091
    80   000FEB                     plusw0          equ	4075
    81   000FE3                     plusw1          equ	4067
    82   000FDB                     plusw2          equ	4059
    83   000FED                     postdec0        equ	4077
    84   000FE5                     postdec1        equ	4069
    85   000FDD                     postdec2        equ	4061
    86   000FEE                     postinc0        equ	4078
    87   000FE6                     postinc1        equ	4070
    88   000FDE                     postinc2        equ	4062
    89   000FEC                     preinc0         equ	4076
    90   000FE4                     preinc1         equ	4068
    91   000FDC                     preinc2         equ	4060
    92   000FF3                     prod            equ	4083
    93   000FF4                     prodh           equ	4084
    94   000FF3                     prodl           equ	4083
    95   000FD8                     status          equ	4056
    96   000FF5                     tablat          equ	4085
    97   000FF6                     tblptr          equ	4086
    98   000FF7                     tblptrh         equ	4087
    99   000FF6                     tblptrl         equ	4086
   100   000FF8                     tblptru         equ	4088
   101   000FFD                     tosl            equ	4093
   102   000FE8                     wreg            equ	4072
   103   000D60                     RXF6SIDH        equ	3424	;# 
   104   000D61                     RXF6SIDL        equ	3425	;# 
   105   000D62                     RXF6EIDH        equ	3426	;# 
   106   000D63                     RXF6EIDL        equ	3427	;# 
   107   000D64                     RXF7SIDH        equ	3428	;# 
   108   000D65                     RXF7SIDL        equ	3429	;# 
   109   000D66                     RXF7EIDH        equ	3430	;# 
   110   000D67                     RXF7EIDL        equ	3431	;# 
   111   000D68                     RXF8SIDH        equ	3432	;# 
   112   000D69                     RXF8SIDL        equ	3433	;# 
   113   000D6A                     RXF8EIDH        equ	3434	;# 
   114   000D6B                     RXF8EIDL        equ	3435	;# 
   115   000D70                     RXF9SIDH        equ	3440	;# 
   116   000D71                     RXF9SIDL        equ	3441	;# 
   117   000D72                     RXF9EIDH        equ	3442	;# 
   118   000D73                     RXF9EIDL        equ	3443	;# 
   119   000D74                     RXF10SIDH       equ	3444	;# 
   120   000D75                     RXF10SIDL       equ	3445	;# 
   121   000D76                     RXF10EIDH       equ	3446	;# 
   122   000D77                     RXF10EIDL       equ	3447	;# 
   123   000D78                     RXF11SIDH       equ	3448	;# 
   124   000D79                     RXF11SIDL       equ	3449	;# 
   125   000D7A                     RXF11EIDH       equ	3450	;# 
   126   000D7B                     RXF11EIDL       equ	3451	;# 
   127   000D80                     RXF12SIDH       equ	3456	;# 
   128   000D81                     RXF12SIDL       equ	3457	;# 
   129   000D82                     RXF12EIDH       equ	3458	;# 
   130   000D83                     RXF12EIDL       equ	3459	;# 
   131   000D84                     RXF13SIDH       equ	3460	;# 
   132   000D85                     RXF13SIDL       equ	3461	;# 
   133   000D86                     RXF13EIDH       equ	3462	;# 
   134   000D87                     RXF13EIDL       equ	3463	;# 
   135   000D88                     RXF14SIDH       equ	3464	;# 
   136   000D89                     RXF14SIDL       equ	3465	;# 
   137   000D8A                     RXF14EIDH       equ	3466	;# 
   138   000D8B                     RXF14EIDL       equ	3467	;# 
   139   000D90                     RXF15SIDH       equ	3472	;# 
   140   000D91                     RXF15SIDL       equ	3473	;# 
   141   000D92                     RXF15EIDH       equ	3474	;# 
   142   000D93                     RXF15EIDL       equ	3475	;# 
   143   000DD4                     RXFCON0         equ	3540	;# 
   144   000DD5                     RXFCON1         equ	3541	;# 
   145   000DD8                     SDFLC           equ	3544	;# 
   146   000DE0                     RXFBCON0        equ	3552	;# 
   147   000DE1                     RXFBCON1        equ	3553	;# 
   148   000DE2                     RXFBCON2        equ	3554	;# 
   149   000DE3                     RXFBCON3        equ	3555	;# 
   150   000DE4                     RXFBCON4        equ	3556	;# 
   151   000DE5                     RXFBCON5        equ	3557	;# 
   152   000DE6                     RXFBCON6        equ	3558	;# 
   153   000DE7                     RXFBCON7        equ	3559	;# 
   154   000DF0                     MSEL0           equ	3568	;# 
   155   000DF1                     MSEL1           equ	3569	;# 
   156   000DF2                     MSEL2           equ	3570	;# 
   157   000DF3                     MSEL3           equ	3571	;# 
   158   000DF8                     BSEL0           equ	3576	;# 
   159   000DFA                     BIE0            equ	3578	;# 
   160   000DFC                     TXBIE           equ	3580	;# 
   161   000E20                     B0CON           equ	3616	;# 
   162   000E21                     B0SIDH          equ	3617	;# 
   163   000E22                     B0SIDL          equ	3618	;# 
   164   000E23                     B0EIDH          equ	3619	;# 
   165   000E24                     B0EIDL          equ	3620	;# 
   166   000E25                     B0DLC           equ	3621	;# 
   167   000E26                     B0D0            equ	3622	;# 
   168   000E27                     B0D1            equ	3623	;# 
   169   000E28                     B0D2            equ	3624	;# 
   170   000E29                     B0D3            equ	3625	;# 
   171   000E2A                     B0D4            equ	3626	;# 
   172   000E2B                     B0D5            equ	3627	;# 
   173   000E2C                     B0D6            equ	3628	;# 
   174   000E2D                     B0D7            equ	3629	;# 
   175   000E2E                     CANSTAT_RO9     equ	3630	;# 
   176   000E2F                     CANCON_RO9      equ	3631	;# 
   177   000E30                     B1CON           equ	3632	;# 
   178   000E31                     B1SIDH          equ	3633	;# 
   179   000E32                     B1SIDL          equ	3634	;# 
   180   000E33                     B1EIDH          equ	3635	;# 
   181   000E34                     B1EIDL          equ	3636	;# 
   182   000E35                     B1DLC           equ	3637	;# 
   183   000E36                     B1D0            equ	3638	;# 
   184   000E37                     B1D1            equ	3639	;# 
   185   000E38                     B1D2            equ	3640	;# 
   186   000E39                     B1D3            equ	3641	;# 
   187   000E3A                     B1D4            equ	3642	;# 
   188   000E3B                     B1D5            equ	3643	;# 
   189   000E3C                     B1D6            equ	3644	;# 
   190   000E3D                     B1D7            equ	3645	;# 
   191   000E3E                     CANSTAT_RO8     equ	3646	;# 
   192   000E3F                     CANCON_RO8      equ	3647	;# 
   193   000E40                     B2CON           equ	3648	;# 
   194   000E41                     B2SIDH          equ	3649	;# 
   195   000E42                     B2SIDL          equ	3650	;# 
   196   000E43                     B2EIDH          equ	3651	;# 
   197   000E44                     B2EIDL          equ	3652	;# 
   198   000E45                     B2DLC           equ	3653	;# 
   199   000E46                     B2D0            equ	3654	;# 
   200   000E47                     B2D1            equ	3655	;# 
   201   000E48                     B2D2            equ	3656	;# 
   202   000E49                     B2D3            equ	3657	;# 
   203   000E4A                     B2D4            equ	3658	;# 
   204   000E4B                     B2D5            equ	3659	;# 
   205   000E4C                     B2D6            equ	3660	;# 
   206   000E4D                     B2D7            equ	3661	;# 
   207   000E4E                     CANSTAT_RO7     equ	3662	;# 
   208   000E4F                     CANCON_RO7      equ	3663	;# 
   209   000E50                     B3CON           equ	3664	;# 
   210   000E51                     B3SIDH          equ	3665	;# 
   211   000E52                     B3SIDL          equ	3666	;# 
   212   000E53                     B3EIDH          equ	3667	;# 
   213   000E54                     B3EIDL          equ	3668	;# 
   214   000E55                     B3DLC           equ	3669	;# 
   215   000E56                     B3D0            equ	3670	;# 
   216   000E57                     B3D1            equ	3671	;# 
   217   000E58                     B3D2            equ	3672	;# 
   218   000E59                     B3D3            equ	3673	;# 
   219   000E5A                     B3D4            equ	3674	;# 
   220   000E5B                     B3D5            equ	3675	;# 
   221   000E5C                     B3D6            equ	3676	;# 
   222   000E5D                     B3D7            equ	3677	;# 
   223   000E5E                     CANSTAT_RO6     equ	3678	;# 
   224   000E5F                     CANCON_RO6      equ	3679	;# 
   225   000E60                     B4CON           equ	3680	;# 
   226   000E61                     B4SIDH          equ	3681	;# 
   227   000E62                     B4SIDL          equ	3682	;# 
   228   000E63                     B4EIDH          equ	3683	;# 
   229   000E64                     B4EIDL          equ	3684	;# 
   230   000E65                     B4DLC           equ	3685	;# 
   231   000E66                     B4D0            equ	3686	;# 
   232   000E67                     B4D1            equ	3687	;# 
   233   000E68                     B4D2            equ	3688	;# 
   234   000E69                     B4D3            equ	3689	;# 
   235   000E6A                     B4D4            equ	3690	;# 
   236   000E6B                     B4D5            equ	3691	;# 
   237   000E6C                     B4D6            equ	3692	;# 
   238   000E6D                     B4D7            equ	3693	;# 
   239   000E6E                     CANSTAT_RO5     equ	3694	;# 
   240   000E6F                     CANCON_RO5      equ	3695	;# 
   241   000E70                     B5CON           equ	3696	;# 
   242   000E71                     B5SIDH          equ	3697	;# 
   243   000E72                     B5SIDL          equ	3698	;# 
   244   000E73                     B5EIDH          equ	3699	;# 
   245   000E74                     B5EIDL          equ	3700	;# 
   246   000E75                     B5DLC           equ	3701	;# 
   247   000E76                     B5D0            equ	3702	;# 
   248   000E77                     B5D1            equ	3703	;# 
   249   000E78                     B5D2            equ	3704	;# 
   250   000E79                     B5D3            equ	3705	;# 
   251   000E7A                     B5D4            equ	3706	;# 
   252   000E7B                     B5D5            equ	3707	;# 
   253   000E7C                     B5D6            equ	3708	;# 
   254   000E7D                     B5D7            equ	3709	;# 
   255   000E7E                     CANSTAT_RO4     equ	3710	;# 
   256   000E7F                     CANCON_RO4      equ	3711	;# 
   257   000F00                     RXF0SIDH        equ	3840	;# 
   258   000F01                     RXF0SIDL        equ	3841	;# 
   259   000F02                     RXF0EIDH        equ	3842	;# 
   260   000F03                     RXF0EIDL        equ	3843	;# 
   261   000F04                     RXF1SIDH        equ	3844	;# 
   262   000F05                     RXF1SIDL        equ	3845	;# 
   263   000F06                     RXF1EIDH        equ	3846	;# 
   264   000F07                     RXF1EIDL        equ	3847	;# 
   265   000F08                     RXF2SIDH        equ	3848	;# 
   266   000F09                     RXF2SIDL        equ	3849	;# 
   267   000F0A                     RXF2EIDH        equ	3850	;# 
   268   000F0B                     RXF2EIDL        equ	3851	;# 
   269   000F0C                     RXF3SIDH        equ	3852	;# 
   270   000F0D                     RXF3SIDL        equ	3853	;# 
   271   000F0E                     RXF3EIDH        equ	3854	;# 
   272   000F0F                     RXF3EIDL        equ	3855	;# 
   273   000F10                     RXF4SIDH        equ	3856	;# 
   274   000F11                     RXF4SIDL        equ	3857	;# 
   275   000F12                     RXF4EIDH        equ	3858	;# 
   276   000F13                     RXF4EIDL        equ	3859	;# 
   277   000F14                     RXF5SIDH        equ	3860	;# 
   278   000F15                     RXF5SIDL        equ	3861	;# 
   279   000F16                     RXF5EIDH        equ	3862	;# 
   280   000F17                     RXF5EIDL        equ	3863	;# 
   281   000F18                     RXM0SIDH        equ	3864	;# 
   282   000F19                     RXM0SIDL        equ	3865	;# 
   283   000F1A                     RXM0EIDH        equ	3866	;# 
   284   000F1B                     RXM0EIDL        equ	3867	;# 
   285   000F1C                     RXM1SIDH        equ	3868	;# 
   286   000F1D                     RXM1SIDL        equ	3869	;# 
   287   000F1E                     RXM1EIDH        equ	3870	;# 
   288   000F1F                     RXM1EIDL        equ	3871	;# 
   289   000F20                     TXB2CON         equ	3872	;# 
   290   000F21                     TXB2SIDH        equ	3873	;# 
   291   000F22                     TXB2SIDL        equ	3874	;# 
   292   000F23                     TXB2EIDH        equ	3875	;# 
   293   000F24                     TXB2EIDL        equ	3876	;# 
   294   000F25                     TXB2DLC         equ	3877	;# 
   295   000F26                     TXB2D0          equ	3878	;# 
   296   000F27                     TXB2D1          equ	3879	;# 
   297   000F28                     TXB2D2          equ	3880	;# 
   298   000F29                     TXB2D3          equ	3881	;# 
   299   000F2A                     TXB2D4          equ	3882	;# 
   300   000F2B                     TXB2D5          equ	3883	;# 
   301   000F2C                     TXB2D6          equ	3884	;# 
   302   000F2D                     TXB2D7          equ	3885	;# 
   303   000F2E                     CANSTAT_RO3     equ	3886	;# 
   304   000F2F                     CANCON_RO3      equ	3887	;# 
   305   000F30                     TXB1CON         equ	3888	;# 
   306   000F31                     TXB1SIDH        equ	3889	;# 
   307   000F32                     TXB1SIDL        equ	3890	;# 
   308   000F33                     TXB1EIDH        equ	3891	;# 
   309   000F34                     TXB1EIDL        equ	3892	;# 
   310   000F35                     TXB1DLC         equ	3893	;# 
   311   000F36                     TXB1D0          equ	3894	;# 
   312   000F37                     TXB1D1          equ	3895	;# 
   313   000F38                     TXB1D2          equ	3896	;# 
   314   000F39                     TXB1D3          equ	3897	;# 
   315   000F3A                     TXB1D4          equ	3898	;# 
   316   000F3B                     TXB1D5          equ	3899	;# 
   317   000F3C                     TXB1D6          equ	3900	;# 
   318   000F3D                     TXB1D7          equ	3901	;# 
   319   000F3E                     CANSTAT_RO2     equ	3902	;# 
   320   000F3F                     CANCON_RO2      equ	3903	;# 
   321   000F40                     TXB0CON         equ	3904	;# 
   322   000F41                     TXB0SIDH        equ	3905	;# 
   323   000F42                     TXB0SIDL        equ	3906	;# 
   324   000F43                     TXB0EIDH        equ	3907	;# 
   325   000F44                     TXB0EIDL        equ	3908	;# 
   326   000F45                     TXB0DLC         equ	3909	;# 
   327   000F46                     TXB0D0          equ	3910	;# 
   328   000F47                     TXB0D1          equ	3911	;# 
   329   000F48                     TXB0D2          equ	3912	;# 
   330   000F49                     TXB0D3          equ	3913	;# 
   331   000F4A                     TXB0D4          equ	3914	;# 
   332   000F4B                     TXB0D5          equ	3915	;# 
   333   000F4C                     TXB0D6          equ	3916	;# 
   334   000F4D                     TXB0D7          equ	3917	;# 
   335   000F4E                     CANSTAT_RO1     equ	3918	;# 
   336   000F4F                     CANCON_RO1      equ	3919	;# 
   337   000F50                     RXB1CON         equ	3920	;# 
   338   000F51                     RXB1SIDH        equ	3921	;# 
   339   000F52                     RXB1SIDL        equ	3922	;# 
   340   000F53                     RXB1EIDH        equ	3923	;# 
   341   000F54                     RXB1EIDL        equ	3924	;# 
   342   000F55                     RXB1DLC         equ	3925	;# 
   343   000F56                     RXB1D0          equ	3926	;# 
   344   000F57                     RXB1D1          equ	3927	;# 
   345   000F58                     RXB1D2          equ	3928	;# 
   346   000F59                     RXB1D3          equ	3929	;# 
   347   000F5A                     RXB1D4          equ	3930	;# 
   348   000F5B                     RXB1D5          equ	3931	;# 
   349   000F5C                     RXB1D6          equ	3932	;# 
   350   000F5D                     RXB1D7          equ	3933	;# 
   351   000F5E                     CANSTAT_RO0     equ	3934	;# 
   352   000F5F                     CANCON_RO0      equ	3935	;# 
   353   000F60                     RXB0CON         equ	3936	;# 
   354   000F61                     RXB0SIDH        equ	3937	;# 
   355   000F62                     RXB0SIDL        equ	3938	;# 
   356   000F63                     RXB0EIDH        equ	3939	;# 
   357   000F64                     RXB0EIDL        equ	3940	;# 
   358   000F65                     RXB0DLC         equ	3941	;# 
   359   000F66                     RXB0D0          equ	3942	;# 
   360   000F67                     RXB0D1          equ	3943	;# 
   361   000F68                     RXB0D2          equ	3944	;# 
   362   000F69                     RXB0D3          equ	3945	;# 
   363   000F6A                     RXB0D4          equ	3946	;# 
   364   000F6B                     RXB0D5          equ	3947	;# 
   365   000F6C                     RXB0D6          equ	3948	;# 
   366   000F6D                     RXB0D7          equ	3949	;# 
   367   000F6E                     CANSTAT         equ	3950	;# 
   368   000F6F                     CANCON          equ	3951	;# 
   369   000F70                     BRGCON1         equ	3952	;# 
   370   000F71                     BRGCON2         equ	3953	;# 
   371   000F72                     BRGCON3         equ	3954	;# 
   372   000F73                     CIOCON          equ	3955	;# 
   373   000F74                     COMSTAT         equ	3956	;# 
   374   000F75                     RXERRCNT        equ	3957	;# 
   375   000F76                     TXERRCNT        equ	3958	;# 
   376   000F77                     ECANCON         equ	3959	;# 
   377   000F80                     PORTA           equ	3968	;# 
   378   000F81                     PORTB           equ	3969	;# 
   379   000F82                     PORTC           equ	3970	;# 
   380   000F83                     PORTD           equ	3971	;# 
   381   000F84                     PORTE           equ	3972	;# 
   382   000F89                     LATA            equ	3977	;# 
   383   000F8A                     LATB            equ	3978	;# 
   384   000F8B                     LATC            equ	3979	;# 
   385   000F8C                     LATD            equ	3980	;# 
   386   000F8D                     LATE            equ	3981	;# 
   387   000F92                     TRISA           equ	3986	;# 
   388   000F92                     DDRA            equ	3986	;# 
   389   000F93                     TRISB           equ	3987	;# 
   390   000F93                     DDRB            equ	3987	;# 
   391   000F94                     TRISC           equ	3988	;# 
   392   000F94                     DDRC            equ	3988	;# 
   393   000F95                     TRISD           equ	3989	;# 
   394   000F95                     DDRD            equ	3989	;# 
   395   000F96                     TRISE           equ	3990	;# 
   396   000F96                     DDRE            equ	3990	;# 
   397   000F9B                     OSCTUNE         equ	3995	;# 
   398   000F9D                     PIE1            equ	3997	;# 
   399   000F9E                     PIR1            equ	3998	;# 
   400   000F9F                     IPR1            equ	3999	;# 
   401   000FA0                     PIE2            equ	4000	;# 
   402   000FA1                     PIR2            equ	4001	;# 
   403   000FA2                     IPR2            equ	4002	;# 
   404   000FA3                     PIE3            equ	4003	;# 
   405   000FA4                     PIR3            equ	4004	;# 
   406   000FA5                     IPR3            equ	4005	;# 
   407   000FA6                     EECON1          equ	4006	;# 
   408   000FA7                     EECON2          equ	4007	;# 
   409   000FA8                     EEDATA          equ	4008	;# 
   410   000FA9                     EEADR           equ	4009	;# 
   411   000FAB                     RCSTA           equ	4011	;# 
   412   000FAB                     RCSTA1          equ	4011	;# 
   413   000FAC                     TXSTA           equ	4012	;# 
   414   000FAC                     TXSTA1          equ	4012	;# 
   415   000FAD                     TXREG           equ	4013	;# 
   416   000FAD                     TXREG1          equ	4013	;# 
   417   000FAE                     RCREG           equ	4014	;# 
   418   000FAE                     RCREG1          equ	4014	;# 
   419   000FAF                     SPBRG           equ	4015	;# 
   420   000FAF                     SPBRG1          equ	4015	;# 
   421   000FB0                     SPBRGH          equ	4016	;# 
   422   000FB1                     T3CON           equ	4017	;# 
   423   000FB2                     TMR3            equ	4018	;# 
   424   000FB2                     TMR3L           equ	4018	;# 
   425   000FB3                     TMR3H           equ	4019	;# 
   426   000FB4                     CMCON           equ	4020	;# 
   427   000FB5                     CVRCON          equ	4021	;# 
   428   000FB6                     ECCP1AS         equ	4022	;# 
   429   000FB7                     ECCP1DEL        equ	4023	;# 
   430   000FB8                     BAUDCON         equ	4024	;# 
   431   000FB8                     BAUDCTL         equ	4024	;# 
   432   000FBA                     ECCP1CON        equ	4026	;# 
   433   000FBB                     ECCPR1          equ	4027	;# 
   434   000FBB                     ECCPR1L         equ	4027	;# 
   435   000FBC                     ECCPR1H         equ	4028	;# 
   436   000FBD                     CCP1CON         equ	4029	;# 
   437   000FBE                     CCPR1           equ	4030	;# 
   438   000FBE                     CCPR1L          equ	4030	;# 
   439   000FBF                     CCPR1H          equ	4031	;# 
   440   000FC0                     ADCON2          equ	4032	;# 
   441   000FC1                     ADCON1          equ	4033	;# 
   442   000FC2                     ADCON0          equ	4034	;# 
   443   000FC3                     ADRES           equ	4035	;# 
   444   000FC3                     ADRESL          equ	4035	;# 
   445   000FC4                     ADRESH          equ	4036	;# 
   446   000FC5                     SSPCON2         equ	4037	;# 
   447   000FC6                     SSPCON1         equ	4038	;# 
   448   000FC7                     SSPSTAT         equ	4039	;# 
   449   000FC8                     SSPADD          equ	4040	;# 
   450   000FC9                     SSPBUF          equ	4041	;# 
   451   000FCA                     T2CON           equ	4042	;# 
   452   000FCB                     PR2             equ	4043	;# 
   453   000FCB                     MEMCON          equ	4043	;# 
   454   000FCC                     TMR2            equ	4044	;# 
   455   000FCD                     T1CON           equ	4045	;# 
   456   000FCE                     TMR1            equ	4046	;# 
   457   000FCE                     TMR1L           equ	4046	;# 
   458   000FCF                     TMR1H           equ	4047	;# 
   459   000FD0                     RCON            equ	4048	;# 
   460   000FD1                     WDTCON          equ	4049	;# 
   461   000FD2                     HLVDCON         equ	4050	;# 
   462   000FD2                     LVDCON          equ	4050	;# 
   463   000FD3                     OSCCON          equ	4051	;# 
   464   000FD5                     T0CON           equ	4053	;# 
   465   000FD6                     TMR0            equ	4054	;# 
   466   000FD6                     TMR0L           equ	4054	;# 
   467   000FD7                     TMR0H           equ	4055	;# 
   468   000FD8                     STATUS          equ	4056	;# 
   469   000FD9                     FSR2            equ	4057	;# 
   470   000FD9                     FSR2L           equ	4057	;# 
   471   000FDA                     FSR2H           equ	4058	;# 
   472   000FDB                     PLUSW2          equ	4059	;# 
   473   000FDC                     PREINC2         equ	4060	;# 
   474   000FDD                     POSTDEC2        equ	4061	;# 
   475   000FDE                     POSTINC2        equ	4062	;# 
   476   000FDF                     INDF2           equ	4063	;# 
   477   000FE0                     BSR             equ	4064	;# 
   478   000FE1                     FSR1            equ	4065	;# 
   479   000FE1                     FSR1L           equ	4065	;# 
   480   000FE2                     FSR1H           equ	4066	;# 
   481   000FE3                     PLUSW1          equ	4067	;# 
   482   000FE4                     PREINC1         equ	4068	;# 
   483   000FE5                     POSTDEC1        equ	4069	;# 
   484   000FE6                     POSTINC1        equ	4070	;# 
   485   000FE7                     INDF1           equ	4071	;# 
   486   000FE8                     WREG            equ	4072	;# 
   487   000FE9                     FSR0            equ	4073	;# 
   488   000FE9                     FSR0L           equ	4073	;# 
   489   000FEA                     FSR0H           equ	4074	;# 
   490   000FEB                     PLUSW0          equ	4075	;# 
   491   000FEC                     PREINC0         equ	4076	;# 
   492   000FED                     POSTDEC0        equ	4077	;# 
   493   000FEE                     POSTINC0        equ	4078	;# 
   494   000FEF                     INDF0           equ	4079	;# 
   495   000FF0                     INTCON3         equ	4080	;# 
   496   000FF1                     INTCON2         equ	4081	;# 
   497   000FF2                     INTCON          equ	4082	;# 
   498   000FF3                     PROD            equ	4083	;# 
   499   000FF3                     PRODL           equ	4083	;# 
   500   000FF4                     PRODH           equ	4084	;# 
   501   000FF5                     TABLAT          equ	4085	;# 
   502   000FF6                     TBLPTR          equ	4086	;# 
   503   000FF6                     TBLPTRL         equ	4086	;# 
   504   000FF7                     TBLPTRH         equ	4087	;# 
   505   000FF8                     TBLPTRU         equ	4088	;# 
   506   000FF9                     PCLAT           equ	4089	;# 
   507   000FF9                     PC              equ	4089	;# 
   508   000FF9                     PCL             equ	4089	;# 
   509   000FFA                     PCLATH          equ	4090	;# 
   510   000FFB                     PCLATU          equ	4091	;# 
   511   000FFC                     STKPTR          equ	4092	;# 
   512   000FFD                     TOS             equ	4093	;# 
   513   000FFD                     TOSL            equ	4093	;# 
   514   000FFE                     TOSH            equ	4094	;# 
   515   000FFF                     TOSU            equ	4095	;# 
   516   000D60                     RXF6SIDH        equ	3424	;# 
   517   000D61                     RXF6SIDL        equ	3425	;# 
   518   000D62                     RXF6EIDH        equ	3426	;# 
   519   000D63                     RXF6EIDL        equ	3427	;# 
   520   000D64                     RXF7SIDH        equ	3428	;# 
   521   000D65                     RXF7SIDL        equ	3429	;# 
   522   000D66                     RXF7EIDH        equ	3430	;# 
   523   000D67                     RXF7EIDL        equ	3431	;# 
   524   000D68                     RXF8SIDH        equ	3432	;# 
   525   000D69                     RXF8SIDL        equ	3433	;# 
   526   000D6A                     RXF8EIDH        equ	3434	;# 
   527   000D6B                     RXF8EIDL        equ	3435	;# 
   528   000D70                     RXF9SIDH        equ	3440	;# 
   529   000D71                     RXF9SIDL        equ	3441	;# 
   530   000D72                     RXF9EIDH        equ	3442	;# 
   531   000D73                     RXF9EIDL        equ	3443	;# 
   532   000D74                     RXF10SIDH       equ	3444	;# 
   533   000D75                     RXF10SIDL       equ	3445	;# 
   534   000D76                     RXF10EIDH       equ	3446	;# 
   535   000D77                     RXF10EIDL       equ	3447	;# 
   536   000D78                     RXF11SIDH       equ	3448	;# 
   537   000D79                     RXF11SIDL       equ	3449	;# 
   538   000D7A                     RXF11EIDH       equ	3450	;# 
   539   000D7B                     RXF11EIDL       equ	3451	;# 
   540   000D80                     RXF12SIDH       equ	3456	;# 
   541   000D81                     RXF12SIDL       equ	3457	;# 
   542   000D82                     RXF12EIDH       equ	3458	;# 
   543   000D83                     RXF12EIDL       equ	3459	;# 
   544   000D84                     RXF13SIDH       equ	3460	;# 
   545   000D85                     RXF13SIDL       equ	3461	;# 
   546   000D86                     RXF13EIDH       equ	3462	;# 
   547   000D87                     RXF13EIDL       equ	3463	;# 
   548   000D88                     RXF14SIDH       equ	3464	;# 
   549   000D89                     RXF14SIDL       equ	3465	;# 
   550   000D8A                     RXF14EIDH       equ	3466	;# 
   551   000D8B                     RXF14EIDL       equ	3467	;# 
   552   000D90                     RXF15SIDH       equ	3472	;# 
   553   000D91                     RXF15SIDL       equ	3473	;# 
   554   000D92                     RXF15EIDH       equ	3474	;# 
   555   000D93                     RXF15EIDL       equ	3475	;# 
   556   000DD4                     RXFCON0         equ	3540	;# 
   557   000DD5                     RXFCON1         equ	3541	;# 
   558   000DD8                     SDFLC           equ	3544	;# 
   559   000DE0                     RXFBCON0        equ	3552	;# 
   560   000DE1                     RXFBCON1        equ	3553	;# 
   561   000DE2                     RXFBCON2        equ	3554	;# 
   562   000DE3                     RXFBCON3        equ	3555	;# 
   563   000DE4                     RXFBCON4        equ	3556	;# 
   564   000DE5                     RXFBCON5        equ	3557	;# 
   565   000DE6                     RXFBCON6        equ	3558	;# 
   566   000DE7                     RXFBCON7        equ	3559	;# 
   567   000DF0                     MSEL0           equ	3568	;# 
   568   000DF1                     MSEL1           equ	3569	;# 
   569   000DF2                     MSEL2           equ	3570	;# 
   570   000DF3                     MSEL3           equ	3571	;# 
   571   000DF8                     BSEL0           equ	3576	;# 
   572   000DFA                     BIE0            equ	3578	;# 
   573   000DFC                     TXBIE           equ	3580	;# 
   574   000E20                     B0CON           equ	3616	;# 
   575   000E21                     B0SIDH          equ	3617	;# 
   576   000E22                     B0SIDL          equ	3618	;# 
   577   000E23                     B0EIDH          equ	3619	;# 
   578   000E24                     B0EIDL          equ	3620	;# 
   579   000E25                     B0DLC           equ	3621	;# 
   580   000E26                     B0D0            equ	3622	;# 
   581   000E27                     B0D1            equ	3623	;# 
   582   000E28                     B0D2            equ	3624	;# 
   583   000E29                     B0D3            equ	3625	;# 
   584   000E2A                     B0D4            equ	3626	;# 
   585   000E2B                     B0D5            equ	3627	;# 
   586   000E2C                     B0D6            equ	3628	;# 
   587   000E2D                     B0D7            equ	3629	;# 
   588   000E2E                     CANSTAT_RO9     equ	3630	;# 
   589   000E2F                     CANCON_RO9      equ	3631	;# 
   590   000E30                     B1CON           equ	3632	;# 
   591   000E31                     B1SIDH          equ	3633	;# 
   592   000E32                     B1SIDL          equ	3634	;# 
   593   000E33                     B1EIDH          equ	3635	;# 
   594   000E34                     B1EIDL          equ	3636	;# 
   595   000E35                     B1DLC           equ	3637	;# 
   596   000E36                     B1D0            equ	3638	;# 
   597   000E37                     B1D1            equ	3639	;# 
   598   000E38                     B1D2            equ	3640	;# 
   599   000E39                     B1D3            equ	3641	;# 
   600   000E3A                     B1D4            equ	3642	;# 
   601   000E3B                     B1D5            equ	3643	;# 
   602   000E3C                     B1D6            equ	3644	;# 
   603   000E3D                     B1D7            equ	3645	;# 
   604   000E3E                     CANSTAT_RO8     equ	3646	;# 
   605   000E3F                     CANCON_RO8      equ	3647	;# 
   606   000E40                     B2CON           equ	3648	;# 
   607   000E41                     B2SIDH          equ	3649	;# 
   608   000E42                     B2SIDL          equ	3650	;# 
   609   000E43                     B2EIDH          equ	3651	;# 
   610   000E44                     B2EIDL          equ	3652	;# 
   611   000E45                     B2DLC           equ	3653	;# 
   612   000E46                     B2D0            equ	3654	;# 
   613   000E47                     B2D1            equ	3655	;# 
   614   000E48                     B2D2            equ	3656	;# 
   615   000E49                     B2D3            equ	3657	;# 
   616   000E4A                     B2D4            equ	3658	;# 
   617   000E4B                     B2D5            equ	3659	;# 
   618   000E4C                     B2D6            equ	3660	;# 
   619   000E4D                     B2D7            equ	3661	;# 
   620   000E4E                     CANSTAT_RO7     equ	3662	;# 
   621   000E4F                     CANCON_RO7      equ	3663	;# 
   622   000E50                     B3CON           equ	3664	;# 
   623   000E51                     B3SIDH          equ	3665	;# 
   624   000E52                     B3SIDL          equ	3666	;# 
   625   000E53                     B3EIDH          equ	3667	;# 
   626   000E54                     B3EIDL          equ	3668	;# 
   627   000E55                     B3DLC           equ	3669	;# 
   628   000E56                     B3D0            equ	3670	;# 
   629   000E57                     B3D1            equ	3671	;# 
   630   000E58                     B3D2            equ	3672	;# 
   631   000E59                     B3D3            equ	3673	;# 
   632   000E5A                     B3D4            equ	3674	;# 
   633   000E5B                     B3D5            equ	3675	;# 
   634   000E5C                     B3D6            equ	3676	;# 
   635   000E5D                     B3D7            equ	3677	;# 
   636   000E5E                     CANSTAT_RO6     equ	3678	;# 
   637   000E5F                     CANCON_RO6      equ	3679	;# 
   638   000E60                     B4CON           equ	3680	;# 
   639   000E61                     B4SIDH          equ	3681	;# 
   640   000E62                     B4SIDL          equ	3682	;# 
   641   000E63                     B4EIDH          equ	3683	;# 
   642   000E64                     B4EIDL          equ	3684	;# 
   643   000E65                     B4DLC           equ	3685	;# 
   644   000E66                     B4D0            equ	3686	;# 
   645   000E67                     B4D1            equ	3687	;# 
   646   000E68                     B4D2            equ	3688	;# 
   647   000E69                     B4D3            equ	3689	;# 
   648   000E6A                     B4D4            equ	3690	;# 
   649   000E6B                     B4D5            equ	3691	;# 
   650   000E6C                     B4D6            equ	3692	;# 
   651   000E6D                     B4D7            equ	3693	;# 
   652   000E6E                     CANSTAT_RO5     equ	3694	;# 
   653   000E6F                     CANCON_RO5      equ	3695	;# 
   654   000E70                     B5CON           equ	3696	;# 
   655   000E71                     B5SIDH          equ	3697	;# 
   656   000E72                     B5SIDL          equ	3698	;# 
   657   000E73                     B5EIDH          equ	3699	;# 
   658   000E74                     B5EIDL          equ	3700	;# 
   659   000E75                     B5DLC           equ	3701	;# 
   660   000E76                     B5D0            equ	3702	;# 
   661   000E77                     B5D1            equ	3703	;# 
   662   000E78                     B5D2            equ	3704	;# 
   663   000E79                     B5D3            equ	3705	;# 
   664   000E7A                     B5D4            equ	3706	;# 
   665   000E7B                     B5D5            equ	3707	;# 
   666   000E7C                     B5D6            equ	3708	;# 
   667   000E7D                     B5D7            equ	3709	;# 
   668   000E7E                     CANSTAT_RO4     equ	3710	;# 
   669   000E7F                     CANCON_RO4      equ	3711	;# 
   670   000F00                     RXF0SIDH        equ	3840	;# 
   671   000F01                     RXF0SIDL        equ	3841	;# 
   672   000F02                     RXF0EIDH        equ	3842	;# 
   673   000F03                     RXF0EIDL        equ	3843	;# 
   674   000F04                     RXF1SIDH        equ	3844	;# 
   675   000F05                     RXF1SIDL        equ	3845	;# 
   676   000F06                     RXF1EIDH        equ	3846	;# 
   677   000F07                     RXF1EIDL        equ	3847	;# 
   678   000F08                     RXF2SIDH        equ	3848	;# 
   679   000F09                     RXF2SIDL        equ	3849	;# 
   680   000F0A                     RXF2EIDH        equ	3850	;# 
   681   000F0B                     RXF2EIDL        equ	3851	;# 
   682   000F0C                     RXF3SIDH        equ	3852	;# 
   683   000F0D                     RXF3SIDL        equ	3853	;# 
   684   000F0E                     RXF3EIDH        equ	3854	;# 
   685   000F0F                     RXF3EIDL        equ	3855	;# 
   686   000F10                     RXF4SIDH        equ	3856	;# 
   687   000F11                     RXF4SIDL        equ	3857	;# 
   688   000F12                     RXF4EIDH        equ	3858	;# 
   689   000F13                     RXF4EIDL        equ	3859	;# 
   690   000F14                     RXF5SIDH        equ	3860	;# 
   691   000F15                     RXF5SIDL        equ	3861	;# 
   692   000F16                     RXF5EIDH        equ	3862	;# 
   693   000F17                     RXF5EIDL        equ	3863	;# 
   694   000F18                     RXM0SIDH        equ	3864	;# 
   695   000F19                     RXM0SIDL        equ	3865	;# 
   696   000F1A                     RXM0EIDH        equ	3866	;# 
   697   000F1B                     RXM0EIDL        equ	3867	;# 
   698   000F1C                     RXM1SIDH        equ	3868	;# 
   699   000F1D                     RXM1SIDL        equ	3869	;# 
   700   000F1E                     RXM1EIDH        equ	3870	;# 
   701   000F1F                     RXM1EIDL        equ	3871	;# 
   702   000F20                     TXB2CON         equ	3872	;# 
   703   000F21                     TXB2SIDH        equ	3873	;# 
   704   000F22                     TXB2SIDL        equ	3874	;# 
   705   000F23                     TXB2EIDH        equ	3875	;# 
   706   000F24                     TXB2EIDL        equ	3876	;# 
   707   000F25                     TXB2DLC         equ	3877	;# 
   708   000F26                     TXB2D0          equ	3878	;# 
   709   000F27                     TXB2D1          equ	3879	;# 
   710   000F28                     TXB2D2          equ	3880	;# 
   711   000F29                     TXB2D3          equ	3881	;# 
   712   000F2A                     TXB2D4          equ	3882	;# 
   713   000F2B                     TXB2D5          equ	3883	;# 
   714   000F2C                     TXB2D6          equ	3884	;# 
   715   000F2D                     TXB2D7          equ	3885	;# 
   716   000F2E                     CANSTAT_RO3     equ	3886	;# 
   717   000F2F                     CANCON_RO3      equ	3887	;# 
   718   000F30                     TXB1CON         equ	3888	;# 
   719   000F31                     TXB1SIDH        equ	3889	;# 
   720   000F32                     TXB1SIDL        equ	3890	;# 
   721   000F33                     TXB1EIDH        equ	3891	;# 
   722   000F34                     TXB1EIDL        equ	3892	;# 
   723   000F35                     TXB1DLC         equ	3893	;# 
   724   000F36                     TXB1D0          equ	3894	;# 
   725   000F37                     TXB1D1          equ	3895	;# 
   726   000F38                     TXB1D2          equ	3896	;# 
   727   000F39                     TXB1D3          equ	3897	;# 
   728   000F3A                     TXB1D4          equ	3898	;# 
   729   000F3B                     TXB1D5          equ	3899	;# 
   730   000F3C                     TXB1D6          equ	3900	;# 
   731   000F3D                     TXB1D7          equ	3901	;# 
   732   000F3E                     CANSTAT_RO2     equ	3902	;# 
   733   000F3F                     CANCON_RO2      equ	3903	;# 
   734   000F40                     TXB0CON         equ	3904	;# 
   735   000F41                     TXB0SIDH        equ	3905	;# 
   736   000F42                     TXB0SIDL        equ	3906	;# 
   737   000F43                     TXB0EIDH        equ	3907	;# 
   738   000F44                     TXB0EIDL        equ	3908	;# 
   739   000F45                     TXB0DLC         equ	3909	;# 
   740   000F46                     TXB0D0          equ	3910	;# 
   741   000F47                     TXB0D1          equ	3911	;# 
   742   000F48                     TXB0D2          equ	3912	;# 
   743   000F49                     TXB0D3          equ	3913	;# 
   744   000F4A                     TXB0D4          equ	3914	;# 
   745   000F4B                     TXB0D5          equ	3915	;# 
   746   000F4C                     TXB0D6          equ	3916	;# 
   747   000F4D                     TXB0D7          equ	3917	;# 
   748   000F4E                     CANSTAT_RO1     equ	3918	;# 
   749   000F4F                     CANCON_RO1      equ	3919	;# 
   750   000F50                     RXB1CON         equ	3920	;# 
   751   000F51                     RXB1SIDH        equ	3921	;# 
   752   000F52                     RXB1SIDL        equ	3922	;# 
   753   000F53                     RXB1EIDH        equ	3923	;# 
   754   000F54                     RXB1EIDL        equ	3924	;# 
   755   000F55                     RXB1DLC         equ	3925	;# 
   756   000F56                     RXB1D0          equ	3926	;# 
   757   000F57                     RXB1D1          equ	3927	;# 
   758   000F58                     RXB1D2          equ	3928	;# 
   759   000F59                     RXB1D3          equ	3929	;# 
   760   000F5A                     RXB1D4          equ	3930	;# 
   761   000F5B                     RXB1D5          equ	3931	;# 
   762   000F5C                     RXB1D6          equ	3932	;# 
   763   000F5D                     RXB1D7          equ	3933	;# 
   764   000F5E                     CANSTAT_RO0     equ	3934	;# 
   765   000F5F                     CANCON_RO0      equ	3935	;# 
   766   000F60                     RXB0CON         equ	3936	;# 
   767   000F61                     RXB0SIDH        equ	3937	;# 
   768   000F62                     RXB0SIDL        equ	3938	;# 
   769   000F63                     RXB0EIDH        equ	3939	;# 
   770   000F64                     RXB0EIDL        equ	3940	;# 
   771   000F65                     RXB0DLC         equ	3941	;# 
   772   000F66                     RXB0D0          equ	3942	;# 
   773   000F67                     RXB0D1          equ	3943	;# 
   774   000F68                     RXB0D2          equ	3944	;# 
   775   000F69                     RXB0D3          equ	3945	;# 
   776   000F6A                     RXB0D4          equ	3946	;# 
   777   000F6B                     RXB0D5          equ	3947	;# 
   778   000F6C                     RXB0D6          equ	3948	;# 
   779   000F6D                     RXB0D7          equ	3949	;# 
   780   000F6E                     CANSTAT         equ	3950	;# 
   781   000F6F                     CANCON          equ	3951	;# 
   782   000F70                     BRGCON1         equ	3952	;# 
   783   000F71                     BRGCON2         equ	3953	;# 
   784   000F72                     BRGCON3         equ	3954	;# 
   785   000F73                     CIOCON          equ	3955	;# 
   786   000F74                     COMSTAT         equ	3956	;# 
   787   000F75                     RXERRCNT        equ	3957	;# 
   788   000F76                     TXERRCNT        equ	3958	;# 
   789   000F77                     ECANCON         equ	3959	;# 
   790   000F80                     PORTA           equ	3968	;# 
   791   000F81                     PORTB           equ	3969	;# 
   792   000F82                     PORTC           equ	3970	;# 
   793   000F83                     PORTD           equ	3971	;# 
   794   000F84                     PORTE           equ	3972	;# 
   795   000F89                     LATA            equ	3977	;# 
   796   000F8A                     LATB            equ	3978	;# 
   797   000F8B                     LATC            equ	3979	;# 
   798   000F8C                     LATD            equ	3980	;# 
   799   000F8D                     LATE            equ	3981	;# 
   800   000F92                     TRISA           equ	3986	;# 
   801   000F92                     DDRA            equ	3986	;# 
   802   000F93                     TRISB           equ	3987	;# 
   803   000F93                     DDRB            equ	3987	;# 
   804   000F94                     TRISC           equ	3988	;# 
   805   000F94                     DDRC            equ	3988	;# 
   806   000F95                     TRISD           equ	3989	;# 
   807   000F95                     DDRD            equ	3989	;# 
   808   000F96                     TRISE           equ	3990	;# 
   809   000F96                     DDRE            equ	3990	;# 
   810   000F9B                     OSCTUNE         equ	3995	;# 
   811   000F9D                     PIE1            equ	3997	;# 
   812   000F9E                     PIR1            equ	3998	;# 
   813   000F9F                     IPR1            equ	3999	;# 
   814   000FA0                     PIE2            equ	4000	;# 
   815   000FA1                     PIR2            equ	4001	;# 
   816   000FA2                     IPR2            equ	4002	;# 
   817   000FA3                     PIE3            equ	4003	;# 
   818   000FA4                     PIR3            equ	4004	;# 
   819   000FA5                     IPR3            equ	4005	;# 
   820   000FA6                     EECON1          equ	4006	;# 
   821   000FA7                     EECON2          equ	4007	;# 
   822   000FA8                     EEDATA          equ	4008	;# 
   823   000FA9                     EEADR           equ	4009	;# 
   824   000FAB                     RCSTA           equ	4011	;# 
   825   000FAB                     RCSTA1          equ	4011	;# 
   826   000FAC                     TXSTA           equ	4012	;# 
   827   000FAC                     TXSTA1          equ	4012	;# 
   828   000FAD                     TXREG           equ	4013	;# 
   829   000FAD                     TXREG1          equ	4013	;# 
   830   000FAE                     RCREG           equ	4014	;# 
   831   000FAE                     RCREG1          equ	4014	;# 
   832   000FAF                     SPBRG           equ	4015	;# 
   833   000FAF                     SPBRG1          equ	4015	;# 
   834   000FB0                     SPBRGH          equ	4016	;# 
   835   000FB1                     T3CON           equ	4017	;# 
   836   000FB2                     TMR3            equ	4018	;# 
   837   000FB2                     TMR3L           equ	4018	;# 
   838   000FB3                     TMR3H           equ	4019	;# 
   839   000FB4                     CMCON           equ	4020	;# 
   840   000FB5                     CVRCON          equ	4021	;# 
   841   000FB6                     ECCP1AS         equ	4022	;# 
   842   000FB7                     ECCP1DEL        equ	4023	;# 
   843   000FB8                     BAUDCON         equ	4024	;# 
   844   000FB8                     BAUDCTL         equ	4024	;# 
   845   000FBA                     ECCP1CON        equ	4026	;# 
   846   000FBB                     ECCPR1          equ	4027	;# 
   847   000FBB                     ECCPR1L         equ	4027	;# 
   848   000FBC                     ECCPR1H         equ	4028	;# 
   849   000FBD                     CCP1CON         equ	4029	;# 
   850   000FBE                     CCPR1           equ	4030	;# 
   851   000FBE                     CCPR1L          equ	4030	;# 
   852   000FBF                     CCPR1H          equ	4031	;# 
   853   000FC0                     ADCON2          equ	4032	;# 
   854   000FC1                     ADCON1          equ	4033	;# 
   855   000FC2                     ADCON0          equ	4034	;# 
   856   000FC3                     ADRES           equ	4035	;# 
   857   000FC3                     ADRESL          equ	4035	;# 
   858   000FC4                     ADRESH          equ	4036	;# 
   859   000FC5                     SSPCON2         equ	4037	;# 
   860   000FC6                     SSPCON1         equ	4038	;# 
   861   000FC7                     SSPSTAT         equ	4039	;# 
   862   000FC8                     SSPADD          equ	4040	;# 
   863   000FC9                     SSPBUF          equ	4041	;# 
   864   000FCA                     T2CON           equ	4042	;# 
   865   000FCB                     PR2             equ	4043	;# 
   866   000FCB                     MEMCON          equ	4043	;# 
   867   000FCC                     TMR2            equ	4044	;# 
   868   000FCD                     T1CON           equ	4045	;# 
   869   000FCE                     TMR1            equ	4046	;# 
   870   000FCE                     TMR1L           equ	4046	;# 
   871   000FCF                     TMR1H           equ	4047	;# 
   872   000FD0                     RCON            equ	4048	;# 
   873   000FD1                     WDTCON          equ	4049	;# 
   874   000FD2                     HLVDCON         equ	4050	;# 
   875   000FD2                     LVDCON          equ	4050	;# 
   876   000FD3                     OSCCON          equ	4051	;# 
   877   000FD5                     T0CON           equ	4053	;# 
   878   000FD6                     TMR0            equ	4054	;# 
   879   000FD6                     TMR0L           equ	4054	;# 
   880   000FD7                     TMR0H           equ	4055	;# 
   881   000FD8                     STATUS          equ	4056	;# 
   882   000FD9                     FSR2            equ	4057	;# 
   883   000FD9                     FSR2L           equ	4057	;# 
   884   000FDA                     FSR2H           equ	4058	;# 
   885   000FDB                     PLUSW2          equ	4059	;# 
   886   000FDC                     PREINC2         equ	4060	;# 
   887   000FDD                     POSTDEC2        equ	4061	;# 
   888   000FDE                     POSTINC2        equ	4062	;# 
   889   000FDF                     INDF2           equ	4063	;# 
   890   000FE0                     BSR             equ	4064	;# 
   891   000FE1                     FSR1            equ	4065	;# 
   892   000FE1                     FSR1L           equ	4065	;# 
   893   000FE2                     FSR1H           equ	4066	;# 
   894   000FE3                     PLUSW1          equ	4067	;# 
   895   000FE4                     PREINC1         equ	4068	;# 
   896   000FE5                     POSTDEC1        equ	4069	;# 
   897   000FE6                     POSTINC1        equ	4070	;# 
   898   000FE7                     INDF1           equ	4071	;# 
   899   000FE8                     WREG            equ	4072	;# 
   900   000FE9                     FSR0            equ	4073	;# 
   901   000FE9                     FSR0L           equ	4073	;# 
   902   000FEA                     FSR0H           equ	4074	;# 
   903   000FEB                     PLUSW0          equ	4075	;# 
   904   000FEC                     PREINC0         equ	4076	;# 
   905   000FED                     POSTDEC0        equ	4077	;# 
   906   000FEE                     POSTINC0        equ	4078	;# 
   907   000FEF                     INDF0           equ	4079	;# 
   908   000FF0                     INTCON3         equ	4080	;# 
   909   000FF1                     INTCON2         equ	4081	;# 
   910   000FF2                     INTCON          equ	4082	;# 
   911   000FF3                     PROD            equ	4083	;# 
   912   000FF3                     PRODL           equ	4083	;# 
   913   000FF4                     PRODH           equ	4084	;# 
   914   000FF5                     TABLAT          equ	4085	;# 
   915   000FF6                     TBLPTR          equ	4086	;# 
   916   000FF6                     TBLPTRL         equ	4086	;# 
   917   000FF7                     TBLPTRH         equ	4087	;# 
   918   000FF8                     TBLPTRU         equ	4088	;# 
   919   000FF9                     PCLAT           equ	4089	;# 
   920   000FF9                     PC              equ	4089	;# 
   921   000FF9                     PCL             equ	4089	;# 
   922   000FFA                     PCLATH          equ	4090	;# 
   923   000FFB                     PCLATU          equ	4091	;# 
   924   000FFC                     STKPTR          equ	4092	;# 
   925   000FFD                     TOS             equ	4093	;# 
   926   000FFD                     TOSL            equ	4093	;# 
   927   000FFE                     TOSH            equ	4094	;# 
   928   000FFF                     TOSU            equ	4095	;# 
   929   000D60                     RXF6SIDH        equ	3424	;# 
   930   000D61                     RXF6SIDL        equ	3425	;# 
   931   000D62                     RXF6EIDH        equ	3426	;# 
   932   000D63                     RXF6EIDL        equ	3427	;# 
   933   000D64                     RXF7SIDH        equ	3428	;# 
   934   000D65                     RXF7SIDL        equ	3429	;# 
   935   000D66                     RXF7EIDH        equ	3430	;# 
   936   000D67                     RXF7EIDL        equ	3431	;# 
   937   000D68                     RXF8SIDH        equ	3432	;# 
   938   000D69                     RXF8SIDL        equ	3433	;# 
   939   000D6A                     RXF8EIDH        equ	3434	;# 
   940   000D6B                     RXF8EIDL        equ	3435	;# 
   941   000D70                     RXF9SIDH        equ	3440	;# 
   942   000D71                     RXF9SIDL        equ	3441	;# 
   943   000D72                     RXF9EIDH        equ	3442	;# 
   944   000D73                     RXF9EIDL        equ	3443	;# 
   945   000D74                     RXF10SIDH       equ	3444	;# 
   946   000D75                     RXF10SIDL       equ	3445	;# 
   947   000D76                     RXF10EIDH       equ	3446	;# 
   948   000D77                     RXF10EIDL       equ	3447	;# 
   949   000D78                     RXF11SIDH       equ	3448	;# 
   950   000D79                     RXF11SIDL       equ	3449	;# 
   951   000D7A                     RXF11EIDH       equ	3450	;# 
   952   000D7B                     RXF11EIDL       equ	3451	;# 
   953   000D80                     RXF12SIDH       equ	3456	;# 
   954   000D81                     RXF12SIDL       equ	3457	;# 
   955   000D82                     RXF12EIDH       equ	3458	;# 
   956   000D83                     RXF12EIDL       equ	3459	;# 
   957   000D84                     RXF13SIDH       equ	3460	;# 
   958   000D85                     RXF13SIDL       equ	3461	;# 
   959   000D86                     RXF13EIDH       equ	3462	;# 
   960   000D87                     RXF13EIDL       equ	3463	;# 
   961   000D88                     RXF14SIDH       equ	3464	;# 
   962   000D89                     RXF14SIDL       equ	3465	;# 
   963   000D8A                     RXF14EIDH       equ	3466	;# 
   964   000D8B                     RXF14EIDL       equ	3467	;# 
   965   000D90                     RXF15SIDH       equ	3472	;# 
   966   000D91                     RXF15SIDL       equ	3473	;# 
   967   000D92                     RXF15EIDH       equ	3474	;# 
   968   000D93                     RXF15EIDL       equ	3475	;# 
   969   000DD4                     RXFCON0         equ	3540	;# 
   970   000DD5                     RXFCON1         equ	3541	;# 
   971   000DD8                     SDFLC           equ	3544	;# 
   972   000DE0                     RXFBCON0        equ	3552	;# 
   973   000DE1                     RXFBCON1        equ	3553	;# 
   974   000DE2                     RXFBCON2        equ	3554	;# 
   975   000DE3                     RXFBCON3        equ	3555	;# 
   976   000DE4                     RXFBCON4        equ	3556	;# 
   977   000DE5                     RXFBCON5        equ	3557	;# 
   978   000DE6                     RXFBCON6        equ	3558	;# 
   979   000DE7                     RXFBCON7        equ	3559	;# 
   980   000DF0                     MSEL0           equ	3568	;# 
   981   000DF1                     MSEL1           equ	3569	;# 
   982   000DF2                     MSEL2           equ	3570	;# 
   983   000DF3                     MSEL3           equ	3571	;# 
   984   000DF8                     BSEL0           equ	3576	;# 
   985   000DFA                     BIE0            equ	3578	;# 
   986   000DFC                     TXBIE           equ	3580	;# 
   987   000E20                     B0CON           equ	3616	;# 
   988   000E21                     B0SIDH          equ	3617	;# 
   989   000E22                     B0SIDL          equ	3618	;# 
   990   000E23                     B0EIDH          equ	3619	;# 
   991   000E24                     B0EIDL          equ	3620	;# 
   992   000E25                     B0DLC           equ	3621	;# 
   993   000E26                     B0D0            equ	3622	;# 
   994   000E27                     B0D1            equ	3623	;# 
   995   000E28                     B0D2            equ	3624	;# 
   996   000E29                     B0D3            equ	3625	;# 
   997   000E2A                     B0D4            equ	3626	;# 
   998   000E2B                     B0D5            equ	3627	;# 
   999   000E2C                     B0D6            equ	3628	;# 
  1000   000E2D                     B0D7            equ	3629	;# 
  1001   000E2E                     CANSTAT_RO9     equ	3630	;# 
  1002   000E2F                     CANCON_RO9      equ	3631	;# 
  1003   000E30                     B1CON           equ	3632	;# 
  1004   000E31                     B1SIDH          equ	3633	;# 
  1005   000E32                     B1SIDL          equ	3634	;# 
  1006   000E33                     B1EIDH          equ	3635	;# 
  1007   000E34                     B1EIDL          equ	3636	;# 
  1008   000E35                     B1DLC           equ	3637	;# 
  1009   000E36                     B1D0            equ	3638	;# 
  1010   000E37                     B1D1            equ	3639	;# 
  1011   000E38                     B1D2            equ	3640	;# 
  1012   000E39                     B1D3            equ	3641	;# 
  1013   000E3A                     B1D4            equ	3642	;# 
  1014   000E3B                     B1D5            equ	3643	;# 
  1015   000E3C                     B1D6            equ	3644	;# 
  1016   000E3D                     B1D7            equ	3645	;# 
  1017   000E3E                     CANSTAT_RO8     equ	3646	;# 
  1018   000E3F                     CANCON_RO8      equ	3647	;# 
  1019   000E40                     B2CON           equ	3648	;# 
  1020   000E41                     B2SIDH          equ	3649	;# 
  1021   000E42                     B2SIDL          equ	3650	;# 
  1022   000E43                     B2EIDH          equ	3651	;# 
  1023   000E44                     B2EIDL          equ	3652	;# 
  1024   000E45                     B2DLC           equ	3653	;# 
  1025   000E46                     B2D0            equ	3654	;# 
  1026   000E47                     B2D1            equ	3655	;# 
  1027   000E48                     B2D2            equ	3656	;# 
  1028   000E49                     B2D3            equ	3657	;# 
  1029   000E4A                     B2D4            equ	3658	;# 
  1030   000E4B                     B2D5            equ	3659	;# 
  1031   000E4C                     B2D6            equ	3660	;# 
  1032   000E4D                     B2D7            equ	3661	;# 
  1033   000E4E                     CANSTAT_RO7     equ	3662	;# 
  1034   000E4F                     CANCON_RO7      equ	3663	;# 
  1035   000E50                     B3CON           equ	3664	;# 
  1036   000E51                     B3SIDH          equ	3665	;# 
  1037   000E52                     B3SIDL          equ	3666	;# 
  1038   000E53                     B3EIDH          equ	3667	;# 
  1039   000E54                     B3EIDL          equ	3668	;# 
  1040   000E55                     B3DLC           equ	3669	;# 
  1041   000E56                     B3D0            equ	3670	;# 
  1042   000E57                     B3D1            equ	3671	;# 
  1043   000E58                     B3D2            equ	3672	;# 
  1044   000E59                     B3D3            equ	3673	;# 
  1045   000E5A                     B3D4            equ	3674	;# 
  1046   000E5B                     B3D5            equ	3675	;# 
  1047   000E5C                     B3D6            equ	3676	;# 
  1048   000E5D                     B3D7            equ	3677	;# 
  1049   000E5E                     CANSTAT_RO6     equ	3678	;# 
  1050   000E5F                     CANCON_RO6      equ	3679	;# 
  1051   000E60                     B4CON           equ	3680	;# 
  1052   000E61                     B4SIDH          equ	3681	;# 
  1053   000E62                     B4SIDL          equ	3682	;# 
  1054   000E63                     B4EIDH          equ	3683	;# 
  1055   000E64                     B4EIDL          equ	3684	;# 
  1056   000E65                     B4DLC           equ	3685	;# 
  1057   000E66                     B4D0            equ	3686	;# 
  1058   000E67                     B4D1            equ	3687	;# 
  1059   000E68                     B4D2            equ	3688	;# 
  1060   000E69                     B4D3            equ	3689	;# 
  1061   000E6A                     B4D4            equ	3690	;# 
  1062   000E6B                     B4D5            equ	3691	;# 
  1063   000E6C                     B4D6            equ	3692	;# 
  1064   000E6D                     B4D7            equ	3693	;# 
  1065   000E6E                     CANSTAT_RO5     equ	3694	;# 
  1066   000E6F                     CANCON_RO5      equ	3695	;# 
  1067   000E70                     B5CON           equ	3696	;# 
  1068   000E71                     B5SIDH          equ	3697	;# 
  1069   000E72                     B5SIDL          equ	3698	;# 
  1070   000E73                     B5EIDH          equ	3699	;# 
  1071   000E74                     B5EIDL          equ	3700	;# 
  1072   000E75                     B5DLC           equ	3701	;# 
  1073   000E76                     B5D0            equ	3702	;# 
  1074   000E77                     B5D1            equ	3703	;# 
  1075   000E78                     B5D2            equ	3704	;# 
  1076   000E79                     B5D3            equ	3705	;# 
  1077   000E7A                     B5D4            equ	3706	;# 
  1078   000E7B                     B5D5            equ	3707	;# 
  1079   000E7C                     B5D6            equ	3708	;# 
  1080   000E7D                     B5D7            equ	3709	;# 
  1081   000E7E                     CANSTAT_RO4     equ	3710	;# 
  1082   000E7F                     CANCON_RO4      equ	3711	;# 
  1083   000F00                     RXF0SIDH        equ	3840	;# 
  1084   000F01                     RXF0SIDL        equ	3841	;# 
  1085   000F02                     RXF0EIDH        equ	3842	;# 
  1086   000F03                     RXF0EIDL        equ	3843	;# 
  1087   000F04                     RXF1SIDH        equ	3844	;# 
  1088   000F05                     RXF1SIDL        equ	3845	;# 
  1089   000F06                     RXF1EIDH        equ	3846	;# 
  1090   000F07                     RXF1EIDL        equ	3847	;# 
  1091   000F08                     RXF2SIDH        equ	3848	;# 
  1092   000F09                     RXF2SIDL        equ	3849	;# 
  1093   000F0A                     RXF2EIDH        equ	3850	;# 
  1094   000F0B                     RXF2EIDL        equ	3851	;# 
  1095   000F0C                     RXF3SIDH        equ	3852	;# 
  1096   000F0D                     RXF3SIDL        equ	3853	;# 
  1097   000F0E                     RXF3EIDH        equ	3854	;# 
  1098   000F0F                     RXF3EIDL        equ	3855	;# 
  1099   000F10                     RXF4SIDH        equ	3856	;# 
  1100   000F11                     RXF4SIDL        equ	3857	;# 
  1101   000F12                     RXF4EIDH        equ	3858	;# 
  1102   000F13                     RXF4EIDL        equ	3859	;# 
  1103   000F14                     RXF5SIDH        equ	3860	;# 
  1104   000F15                     RXF5SIDL        equ	3861	;# 
  1105   000F16                     RXF5EIDH        equ	3862	;# 
  1106   000F17                     RXF5EIDL        equ	3863	;# 
  1107   000F18                     RXM0SIDH        equ	3864	;# 
  1108   000F19                     RXM0SIDL        equ	3865	;# 
  1109   000F1A                     RXM0EIDH        equ	3866	;# 
  1110   000F1B                     RXM0EIDL        equ	3867	;# 
  1111   000F1C                     RXM1SIDH        equ	3868	;# 
  1112   000F1D                     RXM1SIDL        equ	3869	;# 
  1113   000F1E                     RXM1EIDH        equ	3870	;# 
  1114   000F1F                     RXM1EIDL        equ	3871	;# 
  1115   000F20                     TXB2CON         equ	3872	;# 
  1116   000F21                     TXB2SIDH        equ	3873	;# 
  1117   000F22                     TXB2SIDL        equ	3874	;# 
  1118   000F23                     TXB2EIDH        equ	3875	;# 
  1119   000F24                     TXB2EIDL        equ	3876	;# 
  1120   000F25                     TXB2DLC         equ	3877	;# 
  1121   000F26                     TXB2D0          equ	3878	;# 
  1122   000F27                     TXB2D1          equ	3879	;# 
  1123   000F28                     TXB2D2          equ	3880	;# 
  1124   000F29                     TXB2D3          equ	3881	;# 
  1125   000F2A                     TXB2D4          equ	3882	;# 
  1126   000F2B                     TXB2D5          equ	3883	;# 
  1127   000F2C                     TXB2D6          equ	3884	;# 
  1128   000F2D                     TXB2D7          equ	3885	;# 
  1129   000F2E                     CANSTAT_RO3     equ	3886	;# 
  1130   000F2F                     CANCON_RO3      equ	3887	;# 
  1131   000F30                     TXB1CON         equ	3888	;# 
  1132   000F31                     TXB1SIDH        equ	3889	;# 
  1133   000F32                     TXB1SIDL        equ	3890	;# 
  1134   000F33                     TXB1EIDH        equ	3891	;# 
  1135   000F34                     TXB1EIDL        equ	3892	;# 
  1136   000F35                     TXB1DLC         equ	3893	;# 
  1137   000F36                     TXB1D0          equ	3894	;# 
  1138   000F37                     TXB1D1          equ	3895	;# 
  1139   000F38                     TXB1D2          equ	3896	;# 
  1140   000F39                     TXB1D3          equ	3897	;# 
  1141   000F3A                     TXB1D4          equ	3898	;# 
  1142   000F3B                     TXB1D5          equ	3899	;# 
  1143   000F3C                     TXB1D6          equ	3900	;# 
  1144   000F3D                     TXB1D7          equ	3901	;# 
  1145   000F3E                     CANSTAT_RO2     equ	3902	;# 
  1146   000F3F                     CANCON_RO2      equ	3903	;# 
  1147   000F40                     TXB0CON         equ	3904	;# 
  1148   000F41                     TXB0SIDH        equ	3905	;# 
  1149   000F42                     TXB0SIDL        equ	3906	;# 
  1150   000F43                     TXB0EIDH        equ	3907	;# 
  1151   000F44                     TXB0EIDL        equ	3908	;# 
  1152   000F45                     TXB0DLC         equ	3909	;# 
  1153   000F46                     TXB0D0          equ	3910	;# 
  1154   000F47                     TXB0D1          equ	3911	;# 
  1155   000F48                     TXB0D2          equ	3912	;# 
  1156   000F49                     TXB0D3          equ	3913	;# 
  1157   000F4A                     TXB0D4          equ	3914	;# 
  1158   000F4B                     TXB0D5          equ	3915	;# 
  1159   000F4C                     TXB0D6          equ	3916	;# 
  1160   000F4D                     TXB0D7          equ	3917	;# 
  1161   000F4E                     CANSTAT_RO1     equ	3918	;# 
  1162   000F4F                     CANCON_RO1      equ	3919	;# 
  1163   000F50                     RXB1CON         equ	3920	;# 
  1164   000F51                     RXB1SIDH        equ	3921	;# 
  1165   000F52                     RXB1SIDL        equ	3922	;# 
  1166   000F53                     RXB1EIDH        equ	3923	;# 
  1167   000F54                     RXB1EIDL        equ	3924	;# 
  1168   000F55                     RXB1DLC         equ	3925	;# 
  1169   000F56                     RXB1D0          equ	3926	;# 
  1170   000F57                     RXB1D1          equ	3927	;# 
  1171   000F58                     RXB1D2          equ	3928	;# 
  1172   000F59                     RXB1D3          equ	3929	;# 
  1173   000F5A                     RXB1D4          equ	3930	;# 
  1174   000F5B                     RXB1D5          equ	3931	;# 
  1175   000F5C                     RXB1D6          equ	3932	;# 
  1176   000F5D                     RXB1D7          equ	3933	;# 
  1177   000F5E                     CANSTAT_RO0     equ	3934	;# 
  1178   000F5F                     CANCON_RO0      equ	3935	;# 
  1179   000F60                     RXB0CON         equ	3936	;# 
  1180   000F61                     RXB0SIDH        equ	3937	;# 
  1181   000F62                     RXB0SIDL        equ	3938	;# 
  1182   000F63                     RXB0EIDH        equ	3939	;# 
  1183   000F64                     RXB0EIDL        equ	3940	;# 
  1184   000F65                     RXB0DLC         equ	3941	;# 
  1185   000F66                     RXB0D0          equ	3942	;# 
  1186   000F67                     RXB0D1          equ	3943	;# 
  1187   000F68                     RXB0D2          equ	3944	;# 
  1188   000F69                     RXB0D3          equ	3945	;# 
  1189   000F6A                     RXB0D4          equ	3946	;# 
  1190   000F6B                     RXB0D5          equ	3947	;# 
  1191   000F6C                     RXB0D6          equ	3948	;# 
  1192   000F6D                     RXB0D7          equ	3949	;# 
  1193   000F6E                     CANSTAT         equ	3950	;# 
  1194   000F6F                     CANCON          equ	3951	;# 
  1195   000F70                     BRGCON1         equ	3952	;# 
  1196   000F71                     BRGCON2         equ	3953	;# 
  1197   000F72                     BRGCON3         equ	3954	;# 
  1198   000F73                     CIOCON          equ	3955	;# 
  1199   000F74                     COMSTAT         equ	3956	;# 
  1200   000F75                     RXERRCNT        equ	3957	;# 
  1201   000F76                     TXERRCNT        equ	3958	;# 
  1202   000F77                     ECANCON         equ	3959	;# 
  1203   000F80                     PORTA           equ	3968	;# 
  1204   000F81                     PORTB           equ	3969	;# 
  1205   000F82                     PORTC           equ	3970	;# 
  1206   000F83                     PORTD           equ	3971	;# 
  1207   000F84                     PORTE           equ	3972	;# 
  1208   000F89                     LATA            equ	3977	;# 
  1209   000F8A                     LATB            equ	3978	;# 
  1210   000F8B                     LATC            equ	3979	;# 
  1211   000F8C                     LATD            equ	3980	;# 
  1212   000F8D                     LATE            equ	3981	;# 
  1213   000F92                     TRISA           equ	3986	;# 
  1214   000F92                     DDRA            equ	3986	;# 
  1215   000F93                     TRISB           equ	3987	;# 
  1216   000F93                     DDRB            equ	3987	;# 
  1217   000F94                     TRISC           equ	3988	;# 
  1218   000F94                     DDRC            equ	3988	;# 
  1219   000F95                     TRISD           equ	3989	;# 
  1220   000F95                     DDRD            equ	3989	;# 
  1221   000F96                     TRISE           equ	3990	;# 
  1222   000F96                     DDRE            equ	3990	;# 
  1223   000F9B                     OSCTUNE         equ	3995	;# 
  1224   000F9D                     PIE1            equ	3997	;# 
  1225   000F9E                     PIR1            equ	3998	;# 
  1226   000F9F                     IPR1            equ	3999	;# 
  1227   000FA0                     PIE2            equ	4000	;# 
  1228   000FA1                     PIR2            equ	4001	;# 
  1229   000FA2                     IPR2            equ	4002	;# 
  1230   000FA3                     PIE3            equ	4003	;# 
  1231   000FA4                     PIR3            equ	4004	;# 
  1232   000FA5                     IPR3            equ	4005	;# 
  1233   000FA6                     EECON1          equ	4006	;# 
  1234   000FA7                     EECON2          equ	4007	;# 
  1235   000FA8                     EEDATA          equ	4008	;# 
  1236   000FA9                     EEADR           equ	4009	;# 
  1237   000FAB                     RCSTA           equ	4011	;# 
  1238   000FAB                     RCSTA1          equ	4011	;# 
  1239   000FAC                     TXSTA           equ	4012	;# 
  1240   000FAC                     TXSTA1          equ	4012	;# 
  1241   000FAD                     TXREG           equ	4013	;# 
  1242   000FAD                     TXREG1          equ	4013	;# 
  1243   000FAE                     RCREG           equ	4014	;# 
  1244   000FAE                     RCREG1          equ	4014	;# 
  1245   000FAF                     SPBRG           equ	4015	;# 
  1246   000FAF                     SPBRG1          equ	4015	;# 
  1247   000FB0                     SPBRGH          equ	4016	;# 
  1248   000FB1                     T3CON           equ	4017	;# 
  1249   000FB2                     TMR3            equ	4018	;# 
  1250   000FB2                     TMR3L           equ	4018	;# 
  1251   000FB3                     TMR3H           equ	4019	;# 
  1252   000FB4                     CMCON           equ	4020	;# 
  1253   000FB5                     CVRCON          equ	4021	;# 
  1254   000FB6                     ECCP1AS         equ	4022	;# 
  1255   000FB7                     ECCP1DEL        equ	4023	;# 
  1256   000FB8                     BAUDCON         equ	4024	;# 
  1257   000FB8                     BAUDCTL         equ	4024	;# 
  1258   000FBA                     ECCP1CON        equ	4026	;# 
  1259   000FBB                     ECCPR1          equ	4027	;# 
  1260   000FBB                     ECCPR1L         equ	4027	;# 
  1261   000FBC                     ECCPR1H         equ	4028	;# 
  1262   000FBD                     CCP1CON         equ	4029	;# 
  1263   000FBE                     CCPR1           equ	4030	;# 
  1264   000FBE                     CCPR1L          equ	4030	;# 
  1265   000FBF                     CCPR1H          equ	4031	;# 
  1266   000FC0                     ADCON2          equ	4032	;# 
  1267   000FC1                     ADCON1          equ	4033	;# 
  1268   000FC2                     ADCON0          equ	4034	;# 
  1269   000FC3                     ADRES           equ	4035	;# 
  1270   000FC3                     ADRESL          equ	4035	;# 
  1271   000FC4                     ADRESH          equ	4036	;# 
  1272   000FC5                     SSPCON2         equ	4037	;# 
  1273   000FC6                     SSPCON1         equ	4038	;# 
  1274   000FC7                     SSPSTAT         equ	4039	;# 
  1275   000FC8                     SSPADD          equ	4040	;# 
  1276   000FC9                     SSPBUF          equ	4041	;# 
  1277   000FCA                     T2CON           equ	4042	;# 
  1278   000FCB                     PR2             equ	4043	;# 
  1279   000FCB                     MEMCON          equ	4043	;# 
  1280   000FCC                     TMR2            equ	4044	;# 
  1281   000FCD                     T1CON           equ	4045	;# 
  1282   000FCE                     TMR1            equ	4046	;# 
  1283   000FCE                     TMR1L           equ	4046	;# 
  1284   000FCF                     TMR1H           equ	4047	;# 
  1285   000FD0                     RCON            equ	4048	;# 
  1286   000FD1                     WDTCON          equ	4049	;# 
  1287   000FD2                     HLVDCON         equ	4050	;# 
  1288   000FD2                     LVDCON          equ	4050	;# 
  1289   000FD3                     OSCCON          equ	4051	;# 
  1290   000FD5                     T0CON           equ	4053	;# 
  1291   000FD6                     TMR0            equ	4054	;# 
  1292   000FD6                     TMR0L           equ	4054	;# 
  1293   000FD7                     TMR0H           equ	4055	;# 
  1294   000FD8                     STATUS          equ	4056	;# 
  1295   000FD9                     FSR2            equ	4057	;# 
  1296   000FD9                     FSR2L           equ	4057	;# 
  1297   000FDA                     FSR2H           equ	4058	;# 
  1298   000FDB                     PLUSW2          equ	4059	;# 
  1299   000FDC                     PREINC2         equ	4060	;# 
  1300   000FDD                     POSTDEC2        equ	4061	;# 
  1301   000FDE                     POSTINC2        equ	4062	;# 
  1302   000FDF                     INDF2           equ	4063	;# 
  1303   000FE0                     BSR             equ	4064	;# 
  1304   000FE1                     FSR1            equ	4065	;# 
  1305   000FE1                     FSR1L           equ	4065	;# 
  1306   000FE2                     FSR1H           equ	4066	;# 
  1307   000FE3                     PLUSW1          equ	4067	;# 
  1308   000FE4                     PREINC1         equ	4068	;# 
  1309   000FE5                     POSTDEC1        equ	4069	;# 
  1310   000FE6                     POSTINC1        equ	4070	;# 
  1311   000FE7                     INDF1           equ	4071	;# 
  1312   000FE8                     WREG            equ	4072	;# 
  1313   000FE9                     FSR0            equ	4073	;# 
  1314   000FE9                     FSR0L           equ	4073	;# 
  1315   000FEA                     FSR0H           equ	4074	;# 
  1316   000FEB                     PLUSW0          equ	4075	;# 
  1317   000FEC                     PREINC0         equ	4076	;# 
  1318   000FED                     POSTDEC0        equ	4077	;# 
  1319   000FEE                     POSTINC0        equ	4078	;# 
  1320   000FEF                     INDF0           equ	4079	;# 
  1321   000FF0                     INTCON3         equ	4080	;# 
  1322   000FF1                     INTCON2         equ	4081	;# 
  1323   000FF2                     INTCON          equ	4082	;# 
  1324   000FF3                     PROD            equ	4083	;# 
  1325   000FF3                     PRODL           equ	4083	;# 
  1326   000FF4                     PRODH           equ	4084	;# 
  1327   000FF5                     TABLAT          equ	4085	;# 
  1328   000FF6                     TBLPTR          equ	4086	;# 
  1329   000FF6                     TBLPTRL         equ	4086	;# 
  1330   000FF7                     TBLPTRH         equ	4087	;# 
  1331   000FF8                     TBLPTRU         equ	4088	;# 
  1332   000FF9                     PCLAT           equ	4089	;# 
  1333   000FF9                     PC              equ	4089	;# 
  1334   000FF9                     PCL             equ	4089	;# 
  1335   000FFA                     PCLATH          equ	4090	;# 
  1336   000FFB                     PCLATU          equ	4091	;# 
  1337   000FFC                     STKPTR          equ	4092	;# 
  1338   000FFD                     TOS             equ	4093	;# 
  1339   000FFD                     TOSL            equ	4093	;# 
  1340   000FFE                     TOSH            equ	4094	;# 
  1341   000FFF                     TOSU            equ	4095	;# 
  1342                           
  1343                           	psect	idataCOMRAM
  1344   002720                     __pidataCOMRAM:
  1345                           	callstack 0
  1346                           
  1347                           ;initializer for _str
  1348   002720  E1                 	db	low STR_1
  1349   002721  2F                 	db	high STR_1
  1350   002722  E6                 	db	low STR_2
  1351   002723  2F                 	db	high STR_2
  1352   002724  F5                 	db	low STR_3
  1353   002725  2F                 	db	high STR_3
  1354   002726  DC                 	db	low STR_4
  1355   002727  2F                 	db	high STR_4
  1356   000DD4                     _RXFCON0        set	3540
  1357   000F45                     _TXB0DLC        set	3909
  1358   000F44                     _TXB0EIDL       set	3908
  1359   000F43                     _TXB0EIDH       set	3907
  1360   000F41                     _TXB0SIDH       set	3905
  1361   000F42                     _TXB0SIDL       set	3906
  1362   000F46                     _TXB0D0         set	3910
  1363   007A03                     _TXB0REQ        set	31235
  1364   000F65                     _RXB0DLC        set	3941
  1365   000F61                     _RXB0SIDH       set	3937
  1366   000F62                     _RXB0SIDL       set	3938
  1367   000F60                     _RXB0CONbits    set	3936
  1368   000F60                     _RXB0CON        set	3936
  1369   000F72                     _BRGCON3        set	3954
  1370   000F71                     _BRGCON2        set	3953
  1371   000F70                     _BRGCON1        set	3952
  1372   000F77                     _ECANCON        set	3959
  1373   000F6E                     _CANSTAT        set	3950
  1374   000F6F                     _CANCON         set	3951
  1375   000F94                     _TRISC          set	3988
  1376   000F95                     _TRISD          set	3989
  1377   000F83                     _PORTD          set	3971
  1378   000F81                     _PORTB          set	3969
  1379   000F93                     _TRISB          set	3987
  1380   000F66                     _RXB0D0         set	3942
  1381   007D20                     _RXB0IF         set	32032
  1382   007B07                     _RXB0FUL        set	31495
  1383   007C9B                     _TRISB3         set	31899
  1384   007C9A                     _TRISB2         set	31898
  1385   007C1F                     _RD7            set	31775
  1386   007C10                     _RC0            set	31760
  1387   007CAF                     _TRISD7         set	31919
  1388   007C12                     _RC2            set	31762
  1389   007C11                     _RC1            set	31761
  1390                           
  1391                           	psect	mediumconst
  1392   002FCE                     __pmediumconst:
  1393                           	callstack 0
  1394   002FCE  00                 	db	0
  1395   002FCF                     STR_6:
  1396   002FCF  53                 	db	83	;'S'
  1397   002FD0  50                 	db	80	;'P'
  1398   002FD1  45                 	db	69	;'E'
  1399   002FD2  45                 	db	69	;'E'
  1400   002FD3  44                 	db	68	;'D'
  1401   002FD4  3A                 	db	58	;':'
  1402   002FD5  00                 	db	0
  1403   002FD6                     STR_7:
  1404   002FD6  47                 	db	71	;'G'
  1405   002FD7  45                 	db	69	;'E'
  1406   002FD8  41                 	db	65	;'A'
  1407   002FD9  52                 	db	82	;'R'
  1408   002FDA  3A                 	db	58	;':'
  1409   002FDB  00                 	db	0
  1410   002FDC                     STR_4:
  1411   002FDC  20                 	db	32
  1412   002FDD  20                 	db	32
  1413   002FDE  20                 	db	32
  1414   002FDF  20                 	db	32
  1415   002FE0  00                 	db	0
  1416   002FE1                     STR_1:
  1417   002FE1  3C                 	db	60	;'<'
  1418   002FE2  2D                 	db	45
  1419   002FE3  20                 	db	32
  1420   002FE4  20                 	db	32
  1421   002FE5  00                 	db	0
  1422   002FE6                     STR_2:
  1423   002FE6  2D                 	db	45
  1424   002FE7  3E                 	db	62	;'>'
  1425   002FE8  20                 	db	32
  1426   002FE9  20                 	db	32
  1427   002FEA  00                 	db	0
  1428   002FEB                     STR_8:
  1429   002FEB  49                 	db	73	;'I'
  1430   002FEC  4E                 	db	78	;'N'
  1431   002FED  44                 	db	68	;'D'
  1432   002FEE  3A                 	db	58	;':'
  1433   002FEF  00                 	db	0
  1434   002FF0                     STR_5:
  1435   002FF0  52                 	db	82	;'R'
  1436   002FF1  50                 	db	80	;'P'
  1437   002FF2  4D                 	db	77	;'M'
  1438   002FF3  3A                 	db	58	;':'
  1439   002FF4  00                 	db	0
  1440   002FF5                     STR_3:
  1441   002FF5  3C                 	db	60	;'<'
  1442   002FF6  2D                 	db	45
  1443   002FF7  2D                 	db	45
  1444   002FF8  3E                 	db	62	;'>'
  1445   002FF9  00                 	db	0
  1446   002FFA  00                 	db	0	; dummy byte at the end
  1447   002FCE                     __smallconst    set	__pmediumconst
  1448   002FCE                     __mediumconst   set	__pmediumconst
  1449   000002                     __activetblptr  equ	2
  1450                           
  1451                           ; #config settings
  1452                           
  1453                           	psect	cinit
  1454   00274E                     __pcinit:
  1455                           	callstack 0
  1456   00274E                     start_initialization:
  1457                           	callstack 0
  1458   00274E                     __initialization:
  1459                           	callstack 0
  1460                           
  1461                           ; Initialize objects allocated to COMRAM (8 bytes)
  1462                           ; load TBLPTR registers with __pidataCOMRAM
  1463   00274E  0E20               	movlw	low __pidataCOMRAM
  1464   002750  6EF6               	movwf	tblptrl,c
  1465   002752  0E27               	movlw	high __pidataCOMRAM
  1466   002754  6EF7               	movwf	tblptrh,c
  1467   002756  0E00               	movlw	low (__pidataCOMRAM shr (0+16))
  1468   002758  6EF8               	movwf	tblptru,c
  1469   00275A  EE00  F03A         	lfsr	0,__pdataCOMRAM
  1470   00275E  EE10 F008          	lfsr	1,8
  1471   002762                     copy_data0:
  1472   002762  0009               	tblrd		*+
  1473   002764  CFF5 FFEE          	movff	tablat,postinc0
  1474   002768  50E5               	movf	postdec1,w,c
  1475   00276A  50E1               	movf	fsr1l,w,c
  1476   00276C  E1FA               	bnz	copy_data0
  1477                           
  1478                           ; Clear objects allocated to COMRAM (9 bytes)
  1479   00276E  EE00  F031         	lfsr	0,__pbssCOMRAM
  1480   002772  0E09               	movlw	9
  1481   002774                     clear_0:
  1482   002774  6AEE               	clrf	postinc0,c
  1483   002776  06E8               	decf	wreg,f,c
  1484   002778  E1FD               	bnz	clear_0
  1485   00277A                     end_of_initialization:
  1486                           	callstack 0
  1487   00277A                     __end_of__initialization:
  1488                           	callstack 0
  1489   00277A  0E00               	movlw	low (__Lmediumconst shr (0+16))
  1490   00277C  6EF8               	movwf	tblptru,c
  1491   00277E  0100               	movlb	0
  1492   002780  EF28  F016         	goto	_main	;jump to C main() function
  1493                           
  1494                           	psect	bssCOMRAM
  1495   000031                     __pbssCOMRAM:
  1496                           	callstack 0
  1497   000031                     	ds	5
  1498   000036                     	ds	4
  1499                           
  1500                           	psect	dataCOMRAM
  1501   00003A                     __pdataCOMRAM:
  1502                           	callstack 0
  1503   00003A                     _str:
  1504                           	callstack 0
  1505   00003A                     	ds	8
  1506                           
  1507                           	psect	cstackCOMRAM
  1508   000001                     __pcstackCOMRAM:
  1509                           	callstack 0
  1510   000001                     ?_get_msg_id_std:
  1511                           	callstack 0
  1512   000001                     ?___awdiv:
  1513                           	callstack 0
  1514   000001                     ?___awmod:
  1515                           	callstack 0
  1516   000001                     clcd_write@control_bit:
  1517                           	callstack 0
  1518   000001                     ___awdiv@dividend:
  1519                           	callstack 0
  1520   000001                     ___awmod@dividend:
  1521                           	callstack 0
  1522   000001                     
  1523                           ; 1 bytes @ 0x0
  1524   000001                     	ds	1
  1525   000002                     clcd_write@byte:
  1526                           	callstack 0
  1527   000002                     
  1528                           ; 1 bytes @ 0x1
  1529   000002                     	ds	1
  1530   000003                     clcd_putch@addr:
  1531                           	callstack 0
  1532   000003                     clcd_print@data:
  1533                           	callstack 0
  1534   000003                     ___awdiv@divisor:
  1535                           	callstack 0
  1536   000003                     ___awmod@divisor:
  1537                           	callstack 0
  1538   000003                     ??_init_clcd:
  1539   000003                     ??_get_msg_id_std:
  1540                           
  1541                           ; 1 bytes @ 0x2
  1542   000003                     	ds	1
  1543   000004                     clcd_putch@data:
  1544                           	callstack 0
  1545   000004                     
  1546                           ; 1 bytes @ 0x3
  1547   000004                     	ds	1
  1548   000005                     clcd_print@addr:
  1549                           	callstack 0
  1550   000005                     ___awdiv@counter:
  1551                           	callstack 0
  1552   000005                     ___awmod@counter:
  1553                           	callstack 0
  1554   000005                     
  1555                           ; 1 bytes @ 0x4
  1556   000005                     	ds	1
  1557   000006                     ___awdiv@sign:
  1558                           	callstack 0
  1559   000006                     ___awmod@sign:
  1560                           	callstack 0
  1561   000006                     
  1562                           ; 1 bytes @ 0x5
  1563   000006                     	ds	1
  1564   000007                     get_msg_id_std@id:
  1565                           	callstack 0
  1566   000007                     ___awdiv@quotient:
  1567                           	callstack 0
  1568                           
  1569                           ; 2 bytes @ 0x6
  1570   000007                     	ds	2
  1571   000009                     can_receive@msg_id:
  1572                           	callstack 0
  1573   000009                     itoa@value:
  1574                           	callstack 0
  1575                           
  1576                           ; 2 bytes @ 0x8
  1577   000009                     	ds	1
  1578   00000A                     can_receive@data:
  1579                           	callstack 0
  1580                           
  1581                           ; 1 bytes @ 0x9
  1582   00000A                     	ds	1
  1583   00000B                     itoa@str:
  1584                           	callstack 0
  1585   00000B                     can_receive@len:
  1586                           	callstack 0
  1587                           
  1588                           ; 1 bytes @ 0xA
  1589   00000B                     	ds	1
  1590   00000C                     ??_can_receive:
  1591   00000C                     ??_itoa:
  1592                           
  1593                           ; 1 bytes @ 0xB
  1594   00000C                     	ds	1
  1595   00000D                     itoa@temp:
  1596                           	callstack 0
  1597                           
  1598                           ; 2 bytes @ 0xC
  1599   00000D                     	ds	2
  1600   00000F                     itoa@index:
  1601                           	callstack 0
  1602   00000F                     can_receive@ptr:
  1603                           	callstack 0
  1604                           
  1605                           ; 2 bytes @ 0xE
  1606   00000F                     	ds	2
  1607   000011                     itoa@i:
  1608                           	callstack 0
  1609   000011                     can_receive@i:
  1610                           	callstack 0
  1611                           
  1612                           ; 2 bytes @ 0x10
  1613   000011                     	ds	2
  1614   000013                     ??_main:
  1615                           
  1616                           ; 1 bytes @ 0x12
  1617   000013                     	ds	2
  1618   000015                     main@data:
  1619                           	callstack 0
  1620                           
  1621                           ; 8 bytes @ 0x14
  1622   000015                     	ds	8
  1623   00001D                     main@prev_ind:
  1624                           	callstack 0
  1625                           
  1626                           ; 1 bytes @ 0x1C
  1627   00001D                     	ds	1
  1628   00001E                     main@buff_87:
  1629                           	callstack 0
  1630                           
  1631                           ; 4 bytes @ 0x1D
  1632   00001E                     	ds	4
  1633   000022                     main@length:
  1634                           	callstack 0
  1635                           
  1636                           ; 1 bytes @ 0x21
  1637   000022                     	ds	1
  1638   000023                     main@buff:
  1639                           	callstack 0
  1640                           
  1641                           ; 5 bytes @ 0x22
  1642   000023                     	ds	5
  1643   000028                     main@delay:
  1644                           	callstack 0
  1645                           
  1646                           ; 2 bytes @ 0x27
  1647   000028                     	ds	2
  1648   00002A                     main@speed:
  1649                           	callstack 0
  1650                           
  1651                           ; 2 bytes @ 0x29
  1652   00002A                     	ds	2
  1653   00002C                     main@msg_id:
  1654                           	callstack 0
  1655                           
  1656                           ; 2 bytes @ 0x2B
  1657   00002C                     	ds	2
  1658   00002E                     main@rpm:
  1659                           	callstack 0
  1660                           
  1661                           ; 2 bytes @ 0x2D
  1662   00002E                     	ds	2
  1663   000030                     main@button:
  1664                           	callstack 0
  1665                           
  1666                           ; 1 bytes @ 0x2F
  1667   000030                     	ds	1
  1668                           
  1669 ;;
  1670 ;;Main: autosize = 0, tempsize = 2, incstack = 0, save=0
  1671 ;;
  1672 ;; *************** function _main *****************
  1673 ;; Defined at:
  1674 ;;		line 63 in file "main.c"
  1675 ;; Parameters:    Size  Location     Type
  1676 ;;		None
  1677 ;; Auto vars:     Size  Location     Type
  1678 ;;  buff            4   29[COMRAM] unsigned char [4]
  1679 ;;  speed           2   41[COMRAM] int 
  1680 ;;  buff            5   34[COMRAM] unsigned char [5]
  1681 ;;  rpm             2   45[COMRAM] short 
  1682 ;;  data            8   20[COMRAM] unsigned char [8]
  1683 ;;  msg_id          2   43[COMRAM] unsigned short 
  1684 ;;  delay           2   39[COMRAM] int 
  1685 ;;  button          1   47[COMRAM] unsigned char 
  1686 ;;  length          1   33[COMRAM] unsigned char 
  1687 ;;  prev_ind        1   28[COMRAM] unsigned char 
  1688 ;; Return value:  Size  Location     Type
  1689 ;;                  1    wreg      void 
  1690 ;; Registers used:
  1691 ;;		wreg, fsr1l, fsr1h, fsr2l, fsr2h, status,2, status,0, tblptrl, tblptrh, tblptru, prodl, prodh, cstack
  1692 ;; Tracked objects:
  1693 ;;		On entry : 0/0
  1694 ;;		On exit  : 0/0
  1695 ;;		Unchanged: 0/0
  1696 ;; Data sizes:     COMRAM   BANK0   BANK1   BANK2   BANK3   BANK4   BANK5
  1697 ;;      Params:         0       0       0       0       0       0       0
  1698 ;;      Locals:        28       0       0       0       0       0       0
  1699 ;;      Temps:          2       0       0       0       0       0       0
  1700 ;;      Totals:        30       0       0       0       0       0       0
  1701 ;;Total ram usage:       30 bytes
  1702 ;; Hardware stack levels required when called: 3
  1703 ;; This function calls:
  1704 ;;		_can_receive
  1705 ;;		_clcd_print
  1706 ;;		_clcd_putch
  1707 ;;		_init_config
  1708 ;;		_itoa
  1709 ;; This function is called by:
  1710 ;;		Startup code after reset
  1711 ;; This function uses a non-reentrant model
  1712 ;;
  1713                           
  1714                           	psect	text0
  1715   002C50                     __ptext0:
  1716                           	callstack 0
  1717   002C50                     _main:
  1718                           	callstack 28
  1719   002C50                     
  1720                           ;main.c: 65:     init_config();
  1721   002C50  EC94  F013         	call	_init_config	;wreg free
  1722   002C54                     
  1723                           ;main.c: 66:     char button = 3, prev_ind;
  1724   002C54  0E03               	movlw	3
  1725   002C56  6E30               	movwf	main@button^0,c
  1726   002C58                     
  1727                           ;main.c: 67:     int delay = 0;
  1728   002C58  0E00               	movlw	0
  1729   002C5A  6E29               	movwf	(main@delay+1)^0,c
  1730   002C5C  0E00               	movlw	0
  1731   002C5E  6E28               	movwf	main@delay^0,c
  1732   002C60                     
  1733                           ;main.c: 68:     uint16_t msg_id;;main.c: 69:     uint8_t data[8], length;;main.c: 71:  
      +                             clcd_print("RPM:", (0xC0 + (0)));
  1734   002C60  0EF0               	movlw	low STR_5
  1735   002C62  6E03               	movwf	clcd_print@data^0,c
  1736   002C64  0E2F               	movlw	high STR_5
  1737   002C66  6E04               	movwf	(clcd_print@data+1)^0,c
  1738   002C68  0EC0               	movlw	192
  1739   002C6A  6E05               	movwf	clcd_print@addr^0,c
  1740   002C6C  EC1A  F014         	call	_clcd_print	;wreg free
  1741   002C70                     
  1742                           ;main.c: 72:     clcd_print("SPEED:", (0x80 + (0)));
  1743   002C70  0ECF               	movlw	low STR_6
  1744   002C72  6E03               	movwf	clcd_print@data^0,c
  1745   002C74  0E2F               	movlw	high STR_6
  1746   002C76  6E04               	movwf	(clcd_print@data+1)^0,c
  1747   002C78  0E80               	movlw	128
  1748   002C7A  6E05               	movwf	clcd_print@addr^0,c
  1749   002C7C  EC1A  F014         	call	_clcd_print	;wreg free
  1750   002C80                     
  1751                           ;main.c: 73:     clcd_print("GEAR:", (0x80 + (10)));
  1752   002C80  0ED6               	movlw	low STR_7
  1753   002C82  6E03               	movwf	clcd_print@data^0,c
  1754   002C84  0E2F               	movlw	high STR_7
  1755   002C86  6E04               	movwf	(clcd_print@data+1)^0,c
  1756   002C88  0E8A               	movlw	138
  1757   002C8A  6E05               	movwf	clcd_print@addr^0,c
  1758   002C8C  EC1A  F014         	call	_clcd_print	;wreg free
  1759   002C90                     
  1760                           ;main.c: 74:     clcd_print("IND:", (0xC0 + (8)));
  1761   002C90  0EEB               	movlw	low STR_8
  1762   002C92  6E03               	movwf	clcd_print@data^0,c
  1763   002C94  0E2F               	movlw	high STR_8
  1764   002C96  6E04               	movwf	(clcd_print@data+1)^0,c
  1765   002C98  0EC8               	movlw	200
  1766   002C9A  6E05               	movwf	clcd_print@addr^0,c
  1767   002C9C  EC1A  F014         	call	_clcd_print	;wreg free
  1768   002CA0                     l1442:
  1769                           
  1770                           ;main.c: 77:     {;main.c: 78:         can_receive(&msg_id, data, &length);
  1771   002CA0  0E2C               	movlw	low main@msg_id
  1772   002CA2  6E09               	movwf	can_receive@msg_id^0,c
  1773   002CA4  0E15               	movlw	low main@data
  1774   002CA6  6E0A               	movwf	can_receive@data^0,c
  1775   002CA8  0E22               	movlw	low main@length
  1776   002CAA  6E0B               	movwf	can_receive@len^0,c
  1777   002CAC  EC50  F014         	call	_can_receive	;wreg free
  1778   002CB0                     
  1779                           ;main.c: 80:         if(msg_id == 0x00)
  1780   002CB0  502C               	movf	main@msg_id^0,w,c
  1781   002CB2  102D               	iorwf	(main@msg_id+1)^0,w,c
  1782   002CB4  A4D8               	btfss	status,2,c
  1783   002CB6  EF5F  F016         	goto	u751
  1784   002CBA  EF61  F016         	goto	u750
  1785   002CBE                     u751:
  1786   002CBE  EFDB  F016         	goto	l1472
  1787   002CC2                     u750:
  1788   002CC2                     
  1789                           ;main.c: 81:         {;main.c: 82:             short rpm = ((unsigned int)data[1] << 8) 
      +                          | (unsigned int)data[0];
  1790   002CC2  5016               	movf	(main@data+1)^0,w,c
  1791   002CC4  6E13               	movwf	??_main^0,c
  1792   002CC6  5015               	movf	main@data^0,w,c
  1793   002CC8  6E2E               	movwf	main@rpm^0,c
  1794   002CCA  C013  F02F         	movff	??_main,main@rpm+1
  1795   002CCE                     
  1796                           ;main.c: 84:             char buff[5] = {0};
  1797   002CCE  EE20  F023         	lfsr	2,main@buff
  1798   002CD2  0E04               	movlw	4
  1799   002CD4                     u761:
  1800   002CD4  6ADE               	clrf	postinc2,c
  1801   002CD6  06E8               	decf	wreg,f,c
  1802   002CD8  E2FD               	bc	u761
  1803   002CDA                     
  1804                           ;main.c: 85:             itoa(rpm,buff);
  1805   002CDA  C02E  F009         	movff	main@rpm,itoa@value
  1806   002CDE  C02F  F00A         	movff	main@rpm+1,itoa@value+1
  1807   002CE2  0E23               	movlw	low main@buff
  1808   002CE4  6E0B               	movwf	itoa@str^0,c
  1809   002CE6  ECA4  F015         	call	_itoa	;wreg free
  1810   002CEA                     
  1811                           ;main.c: 87:             if(rpm < 1000 && rpm >100)
  1812   002CEA  BE2F               	btfsc	(main@rpm+1)^0,7,c
  1813   002CEC  EF83  F016         	goto	u770
  1814   002CF0  0EE8               	movlw	232
  1815   002CF2  5C2E               	subwf	main@rpm^0,w,c
  1816   002CF4  0E03               	movlw	3
  1817   002CF6  582F               	subwfb	(main@rpm+1)^0,w,c
  1818   002CF8  B0D8               	btfsc	status,0,c
  1819   002CFA  EF81  F016         	goto	u771
  1820   002CFE  EF83  F016         	goto	u770
  1821   002D02                     u771:
  1822   002D02  EF95  F016         	goto	l1458
  1823   002D06                     u770:
  1824   002D06  BE2F               	btfsc	(main@rpm+1)^0,7,c
  1825   002D08  EF8F  F016         	goto	u781
  1826   002D0C  502F               	movf	(main@rpm+1)^0,w,c
  1827   002D0E  E109               	bnz	u780
  1828   002D10  0E65               	movlw	101
  1829   002D12  5C2E               	subwf	main@rpm^0,w,c
  1830   002D14  A0D8               	btfss	status,0,c
  1831   002D16  EF8F  F016         	goto	u781
  1832   002D1A  EF91  F016         	goto	u780
  1833   002D1E                     u781:
  1834   002D1E  EF95  F016         	goto	l1458
  1835   002D22                     u780:
  1836   002D22                     
  1837                           ;main.c: 88:             {;main.c: 89:              buff[3] = ' ';
  1838   002D22  0E20               	movlw	32
  1839   002D24  6E26               	movwf	(main@buff+3)^0,c
  1840                           
  1841                           ;main.c: 90:             }
  1842   002D26  EFD2  F016         	goto	l1470
  1843   002D2A                     l1458:
  1844   002D2A  BE2F               	btfsc	(main@rpm+1)^0,7,c
  1845   002D2C  EFA1  F016         	goto	u791
  1846   002D30  502F               	movf	(main@rpm+1)^0,w,c
  1847   002D32  E109               	bnz	u790
  1848   002D34  0E0B               	movlw	11
  1849   002D36  5C2E               	subwf	main@rpm^0,w,c
  1850   002D38  A0D8               	btfss	status,0,c
  1851   002D3A  EFA1  F016         	goto	u791
  1852   002D3E  EFA3  F016         	goto	u790
  1853   002D42                     u791:
  1854   002D42  EFB7  F016         	goto	l1464
  1855   002D46                     u790:
  1856   002D46  BE2F               	btfsc	(main@rpm+1)^0,7,c
  1857   002D48  EFB1  F016         	goto	u800
  1858   002D4C  502F               	movf	(main@rpm+1)^0,w,c
  1859   002D4E  E107               	bnz	u801
  1860   002D50  0E64               	movlw	100
  1861   002D52  5C2E               	subwf	main@rpm^0,w,c
  1862   002D54  B0D8               	btfsc	status,0,c
  1863   002D56  EFAF  F016         	goto	u801
  1864   002D5A  EFB1  F016         	goto	u800
  1865   002D5E                     u801:
  1866   002D5E  EFB7  F016         	goto	l1464
  1867   002D62                     u800:
  1868   002D62                     
  1869                           ;main.c: 92:             {;main.c: 93:              buff[2] = ' ';
  1870   002D62  0E20               	movlw	32
  1871   002D64  6E25               	movwf	(main@buff+2)^0,c
  1872                           
  1873                           ;main.c: 94:              buff[3] = ' ';
  1874   002D66  0E20               	movlw	32
  1875   002D68  6E26               	movwf	(main@buff+3)^0,c
  1876                           
  1877                           ;main.c: 95:             }
  1878   002D6A  EFD2  F016         	goto	l1470
  1879   002D6E                     l1464:
  1880   002D6E  BE2F               	btfsc	(main@rpm+1)^0,7,c
  1881   002D70  EFBC  F016         	goto	u811
  1882   002D74  EFBE  F016         	goto	u810
  1883   002D78                     u811:
  1884   002D78  EFD2  F016         	goto	l1470
  1885   002D7C                     u810:
  1886   002D7C  BE2F               	btfsc	(main@rpm+1)^0,7,c
  1887   002D7E  EFCC  F016         	goto	u820
  1888   002D82  502F               	movf	(main@rpm+1)^0,w,c
  1889   002D84  E107               	bnz	u821
  1890   002D86  0E0A               	movlw	10
  1891   002D88  5C2E               	subwf	main@rpm^0,w,c
  1892   002D8A  B0D8               	btfsc	status,0,c
  1893   002D8C  EFCA  F016         	goto	u821
  1894   002D90  EFCC  F016         	goto	u820
  1895   002D94                     u821:
  1896   002D94  EFD2  F016         	goto	l1470
  1897   002D98                     u820:
  1898   002D98                     
  1899                           ;main.c: 97:             {;main.c: 98:              buff[1] = ' ';
  1900   002D98  0E20               	movlw	32
  1901   002D9A  6E24               	movwf	(main@buff+1)^0,c
  1902                           
  1903                           ;main.c: 99:              buff[2] = ' ';
  1904   002D9C  0E20               	movlw	32
  1905   002D9E  6E25               	movwf	(main@buff+2)^0,c
  1906                           
  1907                           ;main.c: 100:              buff[3] = ' ';
  1908   002DA0  0E20               	movlw	32
  1909   002DA2  6E26               	movwf	(main@buff+3)^0,c
  1910   002DA4                     l1470:
  1911                           
  1912                           ;main.c: 102:             clcd_print(buff, (0xC0 + (4)));
  1913   002DA4  0E23               	movlw	low main@buff
  1914   002DA6  6E03               	movwf	clcd_print@data^0,c
  1915   002DA8  6A04               	clrf	(clcd_print@data+1)^0,c
  1916   002DAA  0EC4               	movlw	196
  1917   002DAC  6E05               	movwf	clcd_print@addr^0,c
  1918   002DAE  EC1A  F014         	call	_clcd_print	;wreg free
  1919                           
  1920                           ;main.c: 103:         }
  1921   002DB2  EF75  F017         	goto	l1510
  1922   002DB6                     l1472:
  1923   002DB6  042C               	decf	main@msg_id^0,w,c
  1924   002DB8  102D               	iorwf	(main@msg_id+1)^0,w,c
  1925   002DBA  A4D8               	btfss	status,2,c
  1926   002DBC  EFE2  F016         	goto	u831
  1927   002DC0  EFE4  F016         	goto	u830
  1928   002DC4                     u831:
  1929   002DC4  EFF6  F016         	goto	l1478
  1930   002DC8                     u830:
  1931   002DC8                     
  1932                           ;main.c: 105:         {;main.c: 106:             button = data[0];
  1933   002DC8  C015  F030         	movff	main@data,main@button
  1934   002DCC                     
  1935                           ;main.c: 107:             clcd_print(str[button], (0xC0 + (12)));
  1936   002DCC  5030               	movf	main@button^0,w,c
  1937   002DCE  0D02               	mullw	2
  1938   002DD0  50F3               	movf	243,w,c
  1939   002DD2  0F3A               	addlw	low _str
  1940   002DD4  6ED9               	movwf	fsr2l,c
  1941   002DD6  6ADA               	clrf	fsr2h,c
  1942   002DD8  CFDE F003          	movff	postinc2,clcd_print@data
  1943   002DDC  CFDD F004          	movff	postdec2,clcd_print@data+1
  1944   002DE0  0ECC               	movlw	204
  1945   002DE2  6E05               	movwf	clcd_print@addr^0,c
  1946   002DE4  EC1A  F014         	call	_clcd_print	;wreg free
  1947                           
  1948                           ;main.c: 108:         }
  1949   002DE8  EF75  F017         	goto	l1510
  1950   002DEC                     l1478:
  1951   002DEC  0E02               	movlw	2
  1952   002DEE  182C               	xorwf	main@msg_id^0,w,c
  1953   002DF0  102D               	iorwf	(main@msg_id+1)^0,w,c
  1954   002DF2  A4D8               	btfss	status,2,c
  1955   002DF4  EFFE  F016         	goto	u841
  1956   002DF8  EF00  F017         	goto	u840
  1957   002DFC                     u841:
  1958   002DFC  EF55  F017         	goto	l1500
  1959   002E00                     u840:
  1960   002E00                     
  1961                           ;main.c: 110:         {;main.c: 111:           int speed = (int)data[0];
  1962   002E00  C015  F02A         	movff	main@data,main@speed
  1963   002E04  6A2B               	clrf	(main@speed+1)^0,c
  1964   002E06                     
  1965                           ;main.c: 113:          char buff[4] = {0};
  1966   002E06  0E00               	movlw	0
  1967   002E08  6E1E               	movwf	main@buff_87^0,c
  1968   002E0A  0E00               	movlw	0
  1969   002E0C  6E1F               	movwf	(main@buff_87+1)^0,c
  1970   002E0E  0E00               	movlw	0
  1971   002E10  6E20               	movwf	(main@buff_87+2)^0,c
  1972   002E12  0E00               	movlw	0
  1973   002E14  6E21               	movwf	(main@buff_87+3)^0,c
  1974   002E16                     
  1975                           ;main.c: 114:          itoa(speed,buff);
  1976   002E16  C02A  F009         	movff	main@speed,itoa@value
  1977   002E1A  C02B  F00A         	movff	main@speed+1,itoa@value+1
  1978   002E1E  0E1E               	movlw	low main@buff_87
  1979   002E20  6E0B               	movwf	itoa@str^0,c
  1980   002E22  ECA4  F015         	call	_itoa	;wreg free
  1981   002E26                     
  1982                           ;main.c: 116:          if(speed < 100 && speed > 9)
  1983   002E26  BE2B               	btfsc	(main@speed+1)^0,7,c
  1984   002E28  EF21  F017         	goto	u850
  1985   002E2C  502B               	movf	(main@speed+1)^0,w,c
  1986   002E2E  E107               	bnz	u851
  1987   002E30  0E64               	movlw	100
  1988   002E32  5C2A               	subwf	main@speed^0,w,c
  1989   002E34  B0D8               	btfsc	status,0,c
  1990   002E36  EF1F  F017         	goto	u851
  1991   002E3A  EF21  F017         	goto	u850
  1992   002E3E                     u851:
  1993   002E3E  EF33  F017         	goto	l1492
  1994   002E42                     u850:
  1995   002E42  BE2B               	btfsc	(main@speed+1)^0,7,c
  1996   002E44  EF2D  F017         	goto	u861
  1997   002E48  502B               	movf	(main@speed+1)^0,w,c
  1998   002E4A  E109               	bnz	u860
  1999   002E4C  0E0A               	movlw	10
  2000   002E4E  5C2A               	subwf	main@speed^0,w,c
  2001   002E50  A0D8               	btfss	status,0,c
  2002   002E52  EF2D  F017         	goto	u861
  2003   002E56  EF2F  F017         	goto	u860
  2004   002E5A                     u861:
  2005   002E5A  EF33  F017         	goto	l1492
  2006   002E5E                     u860:
  2007   002E5E                     
  2008                           ;main.c: 117:          {;main.c: 118:           buff[2] = ' ';
  2009   002E5E  0E20               	movlw	32
  2010   002E60  6E20               	movwf	(main@buff_87+2)^0,c
  2011                           
  2012                           ;main.c: 119:          }
  2013   002E62  EF4C  F017         	goto	l1498
  2014   002E66                     l1492:
  2015   002E66  BE2B               	btfsc	(main@speed+1)^0,7,c
  2016   002E68  EF38  F017         	goto	u871
  2017   002E6C  EF3A  F017         	goto	u870
  2018   002E70                     u871:
  2019   002E70  EF4C  F017         	goto	l1498
  2020   002E74                     u870:
  2021   002E74  BE2B               	btfsc	(main@speed+1)^0,7,c
  2022   002E76  EF48  F017         	goto	u880
  2023   002E7A  502B               	movf	(main@speed+1)^0,w,c
  2024   002E7C  E107               	bnz	u881
  2025   002E7E  0E0A               	movlw	10
  2026   002E80  5C2A               	subwf	main@speed^0,w,c
  2027   002E82  B0D8               	btfsc	status,0,c
  2028   002E84  EF46  F017         	goto	u881
  2029   002E88  EF48  F017         	goto	u880
  2030   002E8C                     u881:
  2031   002E8C  EF4C  F017         	goto	l1498
  2032   002E90                     u880:
  2033   002E90                     
  2034                           ;main.c: 121:          {;main.c: 122:           buff[1] = ' ';
  2035   002E90  0E20               	movlw	32
  2036   002E92  6E1F               	movwf	(main@buff_87+1)^0,c
  2037                           
  2038                           ;main.c: 123:           buff[2] = ' ';
  2039   002E94  0E20               	movlw	32
  2040   002E96  6E20               	movwf	(main@buff_87+2)^0,c
  2041   002E98                     l1498:
  2042                           
  2043                           ;main.c: 125:          clcd_print(buff, (0x80 + (6)));
  2044   002E98  0E1E               	movlw	low main@buff_87
  2045   002E9A  6E03               	movwf	clcd_print@data^0,c
  2046   002E9C  6A04               	clrf	(clcd_print@data+1)^0,c
  2047   002E9E  0E86               	movlw	134
  2048   002EA0  6E05               	movwf	clcd_print@addr^0,c
  2049   002EA2  EC1A  F014         	call	_clcd_print	;wreg free
  2050                           
  2051                           ;main.c: 126:         }
  2052   002EA6  EF75  F017         	goto	l1510
  2053   002EAA                     l1500:
  2054   002EAA  0E03               	movlw	3
  2055   002EAC  182C               	xorwf	main@msg_id^0,w,c
  2056   002EAE  102D               	iorwf	(main@msg_id+1)^0,w,c
  2057   002EB0  A4D8               	btfss	status,2,c
  2058   002EB2  EF5D  F017         	goto	u891
  2059   002EB6  EF5F  F017         	goto	u890
  2060   002EBA                     u891:
  2061   002EBA  EF75  F017         	goto	l45
  2062   002EBE                     u890:
  2063   002EBE                     
  2064                           ;main.c: 128:         {;main.c: 129:           if((char)data[0] == 'C')
  2065   002EBE  0E43               	movlw	67
  2066   002EC0  1815               	xorwf	main@data^0,w,c
  2067   002EC2  A4D8               	btfss	status,2,c
  2068   002EC4  EF66  F017         	goto	u901
  2069   002EC8  EF68  F017         	goto	u900
  2070   002ECC                     u901:
  2071   002ECC  EF6C  F017         	goto	l1506
  2072   002ED0                     u900:
  2073   002ED0                     
  2074                           ;main.c: 130:           {;main.c: 131:               PORTB |= 0x18;
  2075   002ED0  0E18               	movlw	24
  2076   002ED2  1281               	iorwf	129,f,c	;volatile
  2077                           
  2078                           ;main.c: 134:           }
  2079   002ED4  EF6E  F017         	goto	l1508
  2080   002ED8                     l1506:
  2081                           
  2082                           ;main.c: 136:           {;main.c: 137:                 PORTB &= 0xE7;
  2083   002ED8  0EE7               	movlw	231
  2084   002EDA  1681               	andwf	129,f,c	;volatile
  2085   002EDC                     l1508:
  2086                           
  2087                           ;main.c: 141:           clcd_putch((char)data[0], (0x80 + (15)));
  2088   002EDC  0E8F               	movlw	143
  2089   002EDE  6E03               	movwf	clcd_putch@addr^0,c
  2090   002EE0  5015               	movf	main@data^0,w,c
  2091   002EE2  EC9B  F013         	call	_clcd_putch
  2092   002EE6  EF75  F017         	goto	l1510
  2093   002EEA                     l45:
  2094   002EEA                     l1510:
  2095                           
  2096                           ;main.c: 144:         if(button == 3 || prev_ind != button)
  2097   002EEA  0E03               	movlw	3
  2098   002EEC  1830               	xorwf	main@button^0,w,c
  2099   002EEE  B4D8               	btfsc	status,2,c
  2100   002EF0  EF7C  F017         	goto	u911
  2101   002EF4  EF7E  F017         	goto	u910
  2102   002EF8                     u911:
  2103   002EF8  EF87  F017         	goto	l58
  2104   002EFC                     u910:
  2105   002EFC  5030               	movf	main@button^0,w,c
  2106   002EFE  181D               	xorwf	main@prev_ind^0,w,c
  2107   002F00  B4D8               	btfsc	status,2,c
  2108   002F02  EF85  F017         	goto	u921
  2109   002F06  EF87  F017         	goto	u920
  2110   002F0A                     u921:
  2111   002F0A  EF88  F017         	goto	l56
  2112   002F0E                     u920:
  2113   002F0E                     l58:
  2114                           
  2115                           ;main.c: 145:         {;main.c: 146:             PORTB = 0x00;
  2116   002F0E  6A81               	clrf	129,c	;volatile
  2117   002F10                     l56:
  2118                           
  2119                           ;main.c: 149:         prev_ind = button;
  2120   002F10  C030  F01D         	movff	main@button,main@prev_ind
  2121   002F14                     
  2122                           ;main.c: 151:         if(delay++ == 200 && button == 0)
  2123   002F14  4A28               	infsnz	main@delay^0,f,c
  2124   002F16  2A29               	incf	(main@delay+1)^0,f,c
  2125   002F18  0EC9               	movlw	201
  2126   002F1A  1828               	xorwf	main@delay^0,w,c
  2127   002F1C  1029               	iorwf	(main@delay+1)^0,w,c
  2128   002F1E  A4D8               	btfss	status,2,c
  2129   002F20  EF94  F017         	goto	u931
  2130   002F24  EF96  F017         	goto	u930
  2131   002F28                     u931:
  2132   002F28  EFA2  F017         	goto	l1520
  2133   002F2C                     u930:
  2134   002F2C  5030               	movf	main@button^0,w,c
  2135   002F2E  A4D8               	btfss	status,2,c
  2136   002F30  EF9C  F017         	goto	u941
  2137   002F34  EF9E  F017         	goto	u940
  2138   002F38                     u941:
  2139   002F38  EFA2  F017         	goto	l1520
  2140   002F3C                     u940:
  2141   002F3C                     
  2142                           ;main.c: 152:         {;main.c: 154:             PORTB ^= 0x03;
  2143   002F3C  0E03               	movlw	3
  2144   002F3E  1A81               	xorwf	129,f,c	;volatile
  2145                           
  2146                           ;main.c: 155:         }
  2147   002F40  EF50  F016         	goto	l1442
  2148   002F44                     l1520:
  2149   002F44  0EC8               	movlw	200
  2150   002F46  1828               	xorwf	main@delay^0,w,c
  2151   002F48  1029               	iorwf	(main@delay+1)^0,w,c
  2152   002F4A  A4D8               	btfss	status,2,c
  2153   002F4C  EFAA  F017         	goto	u951
  2154   002F50  EFAC  F017         	goto	u950
  2155   002F54                     u951:
  2156   002F54  EFB8  F017         	goto	l1526
  2157   002F58                     u950:
  2158   002F58  0430               	decf	main@button^0,w,c
  2159   002F5A  A4D8               	btfss	status,2,c
  2160   002F5C  EFB2  F017         	goto	u961
  2161   002F60  EFB4  F017         	goto	u960
  2162   002F64                     u961:
  2163   002F64  EFB8  F017         	goto	l1526
  2164   002F68                     u960:
  2165   002F68                     
  2166                           ;main.c: 157:         {;main.c: 159:             PORTB ^= 0xC0;
  2167   002F68  0EC0               	movlw	192
  2168   002F6A  1A81               	xorwf	129,f,c	;volatile
  2169                           
  2170                           ;main.c: 160:         }
  2171   002F6C  EF50  F016         	goto	l1442
  2172   002F70                     l1526:
  2173   002F70  0EC8               	movlw	200
  2174   002F72  1828               	xorwf	main@delay^0,w,c
  2175   002F74  1029               	iorwf	(main@delay+1)^0,w,c
  2176   002F76  A4D8               	btfss	status,2,c
  2177   002F78  EFC0  F017         	goto	u971
  2178   002F7C  EFC2  F017         	goto	u970
  2179   002F80                     u971:
  2180   002F80  EFCF  F017         	goto	l1532
  2181   002F84                     u970:
  2182   002F84  0E02               	movlw	2
  2183   002F86  1830               	xorwf	main@button^0,w,c
  2184   002F88  A4D8               	btfss	status,2,c
  2185   002F8A  EFC9  F017         	goto	u981
  2186   002F8E  EFCB  F017         	goto	u980
  2187   002F92                     u981:
  2188   002F92  EFCF  F017         	goto	l1532
  2189   002F96                     u980:
  2190   002F96                     
  2191                           ;main.c: 162:         {;main.c: 164:             PORTB ^= 0xC3;
  2192   002F96  0EC3               	movlw	195
  2193   002F98  1A81               	xorwf	129,f,c	;volatile
  2194                           
  2195                           ;main.c: 165:         }
  2196   002F9A  EF50  F016         	goto	l1442
  2197   002F9E                     l1532:
  2198   002F9E  BE29               	btfsc	(main@delay+1)^0,7,c
  2199   002FA0  EFDB  F017         	goto	u991
  2200   002FA4  5029               	movf	(main@delay+1)^0,w,c
  2201   002FA6  E109               	bnz	u990
  2202   002FA8  0EC9               	movlw	201
  2203   002FAA  5C28               	subwf	main@delay^0,w,c
  2204   002FAC  A0D8               	btfss	status,0,c
  2205   002FAE  EFDB  F017         	goto	u991
  2206   002FB2  EFDD  F017         	goto	u990
  2207   002FB6                     u991:
  2208   002FB6  EFE3  F017         	goto	l60
  2209   002FBA                     u990:
  2210   002FBA                     
  2211                           ;main.c: 167:             delay = 0;
  2212   002FBA  0E00               	movlw	0
  2213   002FBC  6E29               	movwf	(main@delay+1)^0,c
  2214   002FBE  0E00               	movlw	0
  2215   002FC0  6E28               	movwf	main@delay^0,c
  2216   002FC2  EF50  F016         	goto	l1442
  2217   002FC6                     l60:
  2218   002FC6  EF50  F016         	goto	l1442
  2219   002FCA  EFFE  F017         	goto	start
  2220   002FCE                     __end_of_main:
  2221                           	callstack 0
  2222                           
  2223 ;; *************** function _itoa *****************
  2224 ;; Defined at:
  2225 ;;		line 22 in file "main.c"
  2226 ;; Parameters:    Size  Location     Type
  2227 ;;  value           2    8[COMRAM] int 
  2228 ;;  str             1   10[COMRAM] PTR unsigned char 
  2229 ;;		 -> main@buff_87(4), main@buff(5), 
  2230 ;; Auto vars:     Size  Location     Type
  2231 ;;  temp            2   12[COMRAM] int 
  2232 ;;  i               2   16[COMRAM] int 
  2233 ;;  index           2   14[COMRAM] int 
  2234 ;; Return value:  Size  Location     Type
  2235 ;;                  1    wreg      void 
  2236 ;; Registers used:
  2237 ;;		wreg, fsr1l, fsr1h, fsr2l, fsr2h, status,2, status,0, cstack
  2238 ;; Tracked objects:
  2239 ;;		On entry : 0/0
  2240 ;;		On exit  : 0/0
  2241 ;;		Unchanged: 0/0
  2242 ;; Data sizes:     COMRAM   BANK0   BANK1   BANK2   BANK3   BANK4   BANK5
  2243 ;;      Params:         3       0       0       0       0       0       0
  2244 ;;      Locals:         6       0       0       0       0       0       0
  2245 ;;      Temps:          1       0       0       0       0       0       0
  2246 ;;      Totals:        10       0       0       0       0       0       0
  2247 ;;Total ram usage:       10 bytes
  2248 ;; Hardware stack levels used: 1
  2249 ;; Hardware stack levels required when called: 1
  2250 ;; This function calls:
  2251 ;;		___awdiv
  2252 ;;		___awmod
  2253 ;; This function is called by:
  2254 ;;		_main
  2255 ;; This function uses a non-reentrant model
  2256 ;;
  2257                           
  2258                           	psect	text1
  2259   002B48                     __ptext1:
  2260                           	callstack 0
  2261   002B48                     _itoa:
  2262                           	callstack 29
  2263   002B48                     
  2264                           ;main.c: 22: void itoa(int value,char* str);main.c: 23: {;main.c: 24:     int i = 0;
  2265   002B48  0E00               	movlw	0
  2266   002B4A  6E12               	movwf	(itoa@i+1)^0,c
  2267   002B4C  0E00               	movlw	0
  2268   002B4E  6E11               	movwf	itoa@i^0,c
  2269   002B50                     
  2270                           ;main.c: 26:     if(value == 0)
  2271   002B50  5009               	movf	itoa@value^0,w,c
  2272   002B52  100A               	iorwf	(itoa@value+1)^0,w,c
  2273   002B54  A4D8               	btfss	status,2,c
  2274   002B56  EFAF  F015         	goto	u671
  2275   002B5A  EFB1  F015         	goto	u670
  2276   002B5E                     u671:
  2277   002B5E  EFE0  F015         	goto	l1376
  2278   002B62                     u670:
  2279   002B62                     
  2280                           ;main.c: 27:     {;main.c: 28:         str[i++] = 48;
  2281   002B62  500B               	movf	itoa@str^0,w,c
  2282   002B64  6ED9               	movwf	fsr2l,c
  2283   002B66  6ADA               	clrf	fsr2h,c
  2284   002B68  0E30               	movlw	48
  2285   002B6A  6EDF               	movwf	indf2,c
  2286   002B6C  4A11               	infsnz	itoa@i^0,f,c
  2287   002B6E  2A12               	incf	(itoa@i+1)^0,f,c
  2288   002B70                     
  2289                           ;main.c: 29:         str[i] = '\0';
  2290   002B70  500B               	movf	itoa@str^0,w,c
  2291   002B72  2411               	addwf	itoa@i^0,w,c
  2292   002B74  6ED9               	movwf	fsr2l,c
  2293   002B76  6ADA               	clrf	fsr2h,c
  2294   002B78  6ADF               	clrf	indf2,c
  2295   002B7A  EF27  F016         	goto	l20
  2296   002B7E                     l1370:
  2297                           
  2298                           ;main.c: 34:     {;main.c: 35:         str[i++] = (value % 10) + 48;
  2299   002B7E  500B               	movf	itoa@str^0,w,c
  2300   002B80  2411               	addwf	itoa@i^0,w,c
  2301   002B82  6ED9               	movwf	fsr2l,c
  2302   002B84  6ADA               	clrf	fsr2h,c
  2303   002B86  C009  F001         	movff	itoa@value,___awmod@dividend
  2304   002B8A  C00A  F002         	movff	itoa@value+1,___awmod@dividend+1
  2305   002B8E  0E00               	movlw	0
  2306   002B90  6E04               	movwf	(___awmod@divisor+1)^0,c
  2307   002B92  0E0A               	movlw	10
  2308   002B94  6E03               	movwf	___awmod@divisor^0,c
  2309   002B96  ECEC  F014         	call	___awmod	;wreg free
  2310   002B9A  5001               	movf	?___awmod^0,w,c
  2311   002B9C  0F30               	addlw	48
  2312   002B9E  6EDF               	movwf	indf2,c
  2313   002BA0  4A11               	infsnz	itoa@i^0,f,c
  2314   002BA2  2A12               	incf	(itoa@i+1)^0,f,c
  2315   002BA4                     
  2316                           ;main.c: 36:         value /= 10;
  2317   002BA4  C009  F001         	movff	itoa@value,___awdiv@dividend
  2318   002BA8  C00A  F002         	movff	itoa@value+1,___awdiv@dividend+1
  2319   002BAC  0E00               	movlw	0
  2320   002BAE  6E04               	movwf	(___awdiv@divisor+1)^0,c
  2321   002BB0  0E0A               	movlw	10
  2322   002BB2  6E03               	movwf	___awdiv@divisor^0,c
  2323   002BB4  EC43  F015         	call	___awdiv	;wreg free
  2324   002BB8  C001  F009         	movff	?___awdiv,itoa@value
  2325   002BBC  C002  F00A         	movff	?___awdiv+1,itoa@value+1
  2326   002BC0                     l1376:
  2327                           
  2328                           ;main.c: 33:     while(value != 0)
  2329   002BC0  5009               	movf	itoa@value^0,w,c
  2330   002BC2  100A               	iorwf	(itoa@value+1)^0,w,c
  2331   002BC4  A4D8               	btfss	status,2,c
  2332   002BC6  EFE7  F015         	goto	u681
  2333   002BCA  EFE9  F015         	goto	u680
  2334   002BCE                     u681:
  2335   002BCE  EFBF  F015         	goto	l1370
  2336   002BD2                     u680:
  2337   002BD2                     
  2338                           ;main.c: 38:     str[i] = '\0';
  2339   002BD2  500B               	movf	itoa@str^0,w,c
  2340   002BD4  2411               	addwf	itoa@i^0,w,c
  2341   002BD6  6ED9               	movwf	fsr2l,c
  2342   002BD8  6ADA               	clrf	fsr2h,c
  2343   002BDA  6ADF               	clrf	indf2,c
  2344   002BDC                     
  2345                           ;main.c: 40:     int index = i-1;
  2346   002BDC  0EFF               	movlw	255
  2347   002BDE  2411               	addwf	itoa@i^0,w,c
  2348   002BE0  6E0F               	movwf	itoa@index^0,c
  2349   002BE2  0EFF               	movlw	255
  2350   002BE4  2012               	addwfc	(itoa@i+1)^0,w,c
  2351   002BE6  6E10               	movwf	(itoa@index+1)^0,c
  2352   002BE8                     
  2353                           ;main.c: 41:     i=0;
  2354   002BE8  0E00               	movlw	0
  2355   002BEA  6E12               	movwf	(itoa@i+1)^0,c
  2356   002BEC  0E00               	movlw	0
  2357   002BEE  6E11               	movwf	itoa@i^0,c
  2358                           
  2359                           ;main.c: 43:     while(i < index)
  2360   002BF0  EF18  F016         	goto	l1394
  2361   002BF4                     l1384:
  2362                           
  2363                           ;main.c: 44:     {;main.c: 45:         int temp = str[i];
  2364   002BF4  500B               	movf	itoa@str^0,w,c
  2365   002BF6  2411               	addwf	itoa@i^0,w,c
  2366   002BF8  6ED9               	movwf	fsr2l,c
  2367   002BFA  6ADA               	clrf	fsr2h,c
  2368   002BFC  50DF               	movf	indf2,w,c
  2369   002BFE  6E0C               	movwf	??_itoa^0,c
  2370   002C00  500C               	movf	??_itoa^0,w,c
  2371   002C02  6E0D               	movwf	itoa@temp^0,c
  2372   002C04  6A0E               	clrf	(itoa@temp+1)^0,c
  2373   002C06                     
  2374                           ;main.c: 46:         str[i] = str[index];
  2375   002C06  500B               	movf	itoa@str^0,w,c
  2376   002C08  240F               	addwf	itoa@index^0,w,c
  2377   002C0A  6ED9               	movwf	fsr2l,c
  2378   002C0C  6ADA               	clrf	fsr2h,c
  2379   002C0E  500B               	movf	itoa@str^0,w,c
  2380   002C10  2411               	addwf	itoa@i^0,w,c
  2381   002C12  6EE1               	movwf	fsr1l,c
  2382   002C14  6AE2               	clrf	fsr1h,c
  2383   002C16  CFDF FFE7          	movff	indf2,indf1
  2384   002C1A                     
  2385                           ;main.c: 47:         str[index] = temp;
  2386   002C1A  500B               	movf	itoa@str^0,w,c
  2387   002C1C  240F               	addwf	itoa@index^0,w,c
  2388   002C1E  6ED9               	movwf	fsr2l,c
  2389   002C20  6ADA               	clrf	fsr2h,c
  2390   002C22  C00D  FFDF         	movff	itoa@temp,indf2
  2391   002C26                     
  2392                           ;main.c: 48:         i++;
  2393   002C26  4A11               	infsnz	itoa@i^0,f,c
  2394   002C28  2A12               	incf	(itoa@i+1)^0,f,c
  2395   002C2A                     
  2396                           ;main.c: 49:         index--;
  2397   002C2A  060F               	decf	itoa@index^0,f,c
  2398   002C2C  A0D8               	btfss	status,0,c
  2399   002C2E  0610               	decf	(itoa@index+1)^0,f,c
  2400   002C30                     l1394:
  2401                           
  2402                           ;main.c: 43:     while(i < index)
  2403   002C30  500F               	movf	itoa@index^0,w,c
  2404   002C32  5C11               	subwf	itoa@i^0,w,c
  2405   002C34  5012               	movf	(itoa@i+1)^0,w,c
  2406   002C36  0A80               	xorlw	128
  2407   002C38  6E0C               	movwf	??_itoa^0,c
  2408   002C3A  5010               	movf	(itoa@index+1)^0,w,c
  2409   002C3C  0A80               	xorlw	128
  2410   002C3E  580C               	subwfb	??_itoa^0,w,c
  2411   002C40  A0D8               	btfss	status,0,c
  2412   002C42  EF25  F016         	goto	u691
  2413   002C46  EF27  F016         	goto	u690
  2414   002C4A                     u691:
  2415   002C4A  EFFA  F015         	goto	l1384
  2416   002C4E                     u690:
  2417   002C4E                     l20:
  2418   002C4E  0012               	return		;funcret
  2419   002C50                     __end_of_itoa:
  2420                           	callstack 0
  2421                           
  2422 ;; *************** function ___awmod *****************
  2423 ;; Defined at:
  2424 ;;		line 7 in file "C:\Program Files\Microchip\xc8\v3.00\pic\sources\c99\common\awmod.c"
  2425 ;; Parameters:    Size  Location     Type
  2426 ;;  dividend        2    0[COMRAM] int 
  2427 ;;  divisor         2    2[COMRAM] int 
  2428 ;; Auto vars:     Size  Location     Type
  2429 ;;  sign            1    5[COMRAM] unsigned char 
  2430 ;;  counter         1    4[COMRAM] unsigned char 
  2431 ;; Return value:  Size  Location     Type
  2432 ;;                  2    0[COMRAM] int 
  2433 ;; Registers used:
  2434 ;;		wreg, status,2, status,0
  2435 ;; Tracked objects:
  2436 ;;		On entry : 0/0
  2437 ;;		On exit  : 0/0
  2438 ;;		Unchanged: 0/0
  2439 ;; Data sizes:     COMRAM   BANK0   BANK1   BANK2   BANK3   BANK4   BANK5
  2440 ;;      Params:         4       0       0       0       0       0       0
  2441 ;;      Locals:         2       0       0       0       0       0       0
  2442 ;;      Temps:          0       0       0       0       0       0       0
  2443 ;;      Totals:         6       0       0       0       0       0       0
  2444 ;;Total ram usage:        6 bytes
  2445 ;; Hardware stack levels used: 1
  2446 ;; This function calls:
  2447 ;;		Nothing
  2448 ;; This function is called by:
  2449 ;;		_itoa
  2450 ;; This function uses a non-reentrant model
  2451 ;;
  2452                           
  2453                           	psect	text2
  2454   0029D8                     __ptext2:
  2455                           	callstack 0
  2456   0029D8                     ___awmod:
  2457                           	callstack 29
  2458   0029D8  6A06               	clrf	___awmod@sign^0,c
  2459   0029DA  BE02               	btfsc	(___awmod@dividend+1)^0,7,c
  2460   0029DC  EFF4  F014         	goto	u610
  2461   0029E0  EFF2  F014         	goto	u611
  2462   0029E4                     u611:
  2463   0029E4  EFFA  F014         	goto	l1330
  2464   0029E8                     u610:
  2465   0029E8  6C01               	negf	___awmod@dividend^0,c
  2466   0029EA  1E02               	comf	(___awmod@dividend+1)^0,f,c
  2467   0029EC  B0D8               	btfsc	status,0,c
  2468   0029EE  2A02               	incf	(___awmod@dividend+1)^0,f,c
  2469   0029F0  0E01               	movlw	1
  2470   0029F2  6E06               	movwf	___awmod@sign^0,c
  2471   0029F4                     l1330:
  2472   0029F4  BE04               	btfsc	(___awmod@divisor+1)^0,7,c
  2473   0029F6  EF01  F015         	goto	u620
  2474   0029FA  EFFF  F014         	goto	u621
  2475   0029FE                     u621:
  2476   0029FE  EF05  F015         	goto	l1334
  2477   002A02                     u620:
  2478   002A02  6C03               	negf	___awmod@divisor^0,c
  2479   002A04  1E04               	comf	(___awmod@divisor+1)^0,f,c
  2480   002A06  B0D8               	btfsc	status,0,c
  2481   002A08  2A04               	incf	(___awmod@divisor+1)^0,f,c
  2482   002A0A                     l1334:
  2483   002A0A  5003               	movf	___awmod@divisor^0,w,c
  2484   002A0C  1004               	iorwf	(___awmod@divisor+1)^0,w,c
  2485   002A0E  B4D8               	btfsc	status,2,c
  2486   002A10  EF0C  F015         	goto	u631
  2487   002A14  EF0E  F015         	goto	u630
  2488   002A18                     u631:
  2489   002A18  EF32  F015         	goto	l1350
  2490   002A1C                     u630:
  2491   002A1C  0E01               	movlw	1
  2492   002A1E  6E05               	movwf	___awmod@counter^0,c
  2493   002A20  EF16  F015         	goto	l1340
  2494   002A24                     l1338:
  2495   002A24  90D8               	bcf	status,0,c
  2496   002A26  3603               	rlcf	___awmod@divisor^0,f,c
  2497   002A28  3604               	rlcf	(___awmod@divisor+1)^0,f,c
  2498   002A2A  2A05               	incf	___awmod@counter^0,f,c
  2499   002A2C                     l1340:
  2500   002A2C  AE04               	btfss	(___awmod@divisor+1)^0,7,c
  2501   002A2E  EF1B  F015         	goto	u641
  2502   002A32  EF1D  F015         	goto	u640
  2503   002A36                     u641:
  2504   002A36  EF12  F015         	goto	l1338
  2505   002A3A                     u640:
  2506   002A3A                     l1342:
  2507   002A3A  5003               	movf	___awmod@divisor^0,w,c
  2508   002A3C  5C01               	subwf	___awmod@dividend^0,w,c
  2509   002A3E  5004               	movf	(___awmod@divisor+1)^0,w,c
  2510   002A40  5802               	subwfb	(___awmod@dividend+1)^0,w,c
  2511   002A42  A0D8               	btfss	status,0,c
  2512   002A44  EF26  F015         	goto	u651
  2513   002A48  EF28  F015         	goto	u650
  2514   002A4C                     u651:
  2515   002A4C  EF2C  F015         	goto	l1346
  2516   002A50                     u650:
  2517   002A50  5003               	movf	___awmod@divisor^0,w,c
  2518   002A52  5E01               	subwf	___awmod@dividend^0,f,c
  2519   002A54  5004               	movf	(___awmod@divisor+1)^0,w,c
  2520   002A56  5A02               	subwfb	(___awmod@dividend+1)^0,f,c
  2521   002A58                     l1346:
  2522   002A58  90D8               	bcf	status,0,c
  2523   002A5A  3204               	rrcf	(___awmod@divisor+1)^0,f,c
  2524   002A5C  3203               	rrcf	___awmod@divisor^0,f,c
  2525   002A5E  2E05               	decfsz	___awmod@counter^0,f,c
  2526   002A60  EF1D  F015         	goto	l1342
  2527   002A64                     l1350:
  2528   002A64  5006               	movf	___awmod@sign^0,w,c
  2529   002A66  B4D8               	btfsc	status,2,c
  2530   002A68  EF38  F015         	goto	u661
  2531   002A6C  EF3A  F015         	goto	u660
  2532   002A70                     u661:
  2533   002A70  EF3E  F015         	goto	l1354
  2534   002A74                     u660:
  2535   002A74  6C01               	negf	___awmod@dividend^0,c
  2536   002A76  1E02               	comf	(___awmod@dividend+1)^0,f,c
  2537   002A78  B0D8               	btfsc	status,0,c
  2538   002A7A  2A02               	incf	(___awmod@dividend+1)^0,f,c
  2539   002A7C                     l1354:
  2540   002A7C  C001  F001         	movff	___awmod@dividend,?___awmod
  2541   002A80  C002  F002         	movff	___awmod@dividend+1,?___awmod+1
  2542   002A84  0012               	return		;funcret
  2543   002A86                     __end_of___awmod:
  2544                           	callstack 0
  2545                           
  2546 ;; *************** function ___awdiv *****************
  2547 ;; Defined at:
  2548 ;;		line 7 in file "C:\Program Files\Microchip\xc8\v3.00\pic\sources\c99\common\awdiv.c"
  2549 ;; Parameters:    Size  Location     Type
  2550 ;;  dividend        2    0[COMRAM] int 
  2551 ;;  divisor         2    2[COMRAM] int 
  2552 ;; Auto vars:     Size  Location     Type
  2553 ;;  quotient        2    6[COMRAM] int 
  2554 ;;  sign            1    5[COMRAM] unsigned char 
  2555 ;;  counter         1    4[COMRAM] unsigned char 
  2556 ;; Return value:  Size  Location     Type
  2557 ;;                  2    0[COMRAM] int 
  2558 ;; Registers used:
  2559 ;;		wreg, status,2, status,0
  2560 ;; Tracked objects:
  2561 ;;		On entry : 0/0
  2562 ;;		On exit  : 0/0
  2563 ;;		Unchanged: 0/0
  2564 ;; Data sizes:     COMRAM   BANK0   BANK1   BANK2   BANK3   BANK4   BANK5
  2565 ;;      Params:         4       0       0       0       0       0       0
  2566 ;;      Locals:         4       0       0       0       0       0       0
  2567 ;;      Temps:          0       0       0       0       0       0       0
  2568 ;;      Totals:         8       0       0       0       0       0       0
  2569 ;;Total ram usage:        8 bytes
  2570 ;; Hardware stack levels used: 1
  2571 ;; This function calls:
  2572 ;;		Nothing
  2573 ;; This function is called by:
  2574 ;;		_itoa
  2575 ;; This function uses a non-reentrant model
  2576 ;;
  2577                           
  2578                           	psect	text3
  2579   002A86                     __ptext3:
  2580                           	callstack 0
  2581   002A86                     ___awdiv:
  2582                           	callstack 29
  2583   002A86  6A06               	clrf	___awdiv@sign^0,c
  2584   002A88  BE04               	btfsc	(___awdiv@divisor+1)^0,7,c
  2585   002A8A  EF4B  F015         	goto	u550
  2586   002A8E  EF49  F015         	goto	u551
  2587   002A92                     u551:
  2588   002A92  EF51  F015         	goto	l1286
  2589   002A96                     u550:
  2590   002A96  6C03               	negf	___awdiv@divisor^0,c
  2591   002A98  1E04               	comf	(___awdiv@divisor+1)^0,f,c
  2592   002A9A  B0D8               	btfsc	status,0,c
  2593   002A9C  2A04               	incf	(___awdiv@divisor+1)^0,f,c
  2594   002A9E  0E01               	movlw	1
  2595   002AA0  6E06               	movwf	___awdiv@sign^0,c
  2596   002AA2                     l1286:
  2597   002AA2  BE02               	btfsc	(___awdiv@dividend+1)^0,7,c
  2598   002AA4  EF58  F015         	goto	u560
  2599   002AA8  EF56  F015         	goto	u561
  2600   002AAC                     u561:
  2601   002AAC  EF5E  F015         	goto	l1292
  2602   002AB0                     u560:
  2603   002AB0  6C01               	negf	___awdiv@dividend^0,c
  2604   002AB2  1E02               	comf	(___awdiv@dividend+1)^0,f,c
  2605   002AB4  B0D8               	btfsc	status,0,c
  2606   002AB6  2A02               	incf	(___awdiv@dividend+1)^0,f,c
  2607   002AB8  0E01               	movlw	1
  2608   002ABA  1A06               	xorwf	___awdiv@sign^0,f,c
  2609   002ABC                     l1292:
  2610   002ABC  0E00               	movlw	0
  2611   002ABE  6E08               	movwf	(___awdiv@quotient+1)^0,c
  2612   002AC0  0E00               	movlw	0
  2613   002AC2  6E07               	movwf	___awdiv@quotient^0,c
  2614   002AC4  5003               	movf	___awdiv@divisor^0,w,c
  2615   002AC6  1004               	iorwf	(___awdiv@divisor+1)^0,w,c
  2616   002AC8  B4D8               	btfsc	status,2,c
  2617   002ACA  EF69  F015         	goto	u571
  2618   002ACE  EF6B  F015         	goto	u570
  2619   002AD2                     u571:
  2620   002AD2  EF93  F015         	goto	l1314
  2621   002AD6                     u570:
  2622   002AD6  0E01               	movlw	1
  2623   002AD8  6E05               	movwf	___awdiv@counter^0,c
  2624   002ADA  EF73  F015         	goto	l1300
  2625   002ADE                     l1298:
  2626   002ADE  90D8               	bcf	status,0,c
  2627   002AE0  3603               	rlcf	___awdiv@divisor^0,f,c
  2628   002AE2  3604               	rlcf	(___awdiv@divisor+1)^0,f,c
  2629   002AE4  2A05               	incf	___awdiv@counter^0,f,c
  2630   002AE6                     l1300:
  2631   002AE6  AE04               	btfss	(___awdiv@divisor+1)^0,7,c
  2632   002AE8  EF78  F015         	goto	u581
  2633   002AEC  EF7A  F015         	goto	u580
  2634   002AF0                     u581:
  2635   002AF0  EF6F  F015         	goto	l1298
  2636   002AF4                     u580:
  2637   002AF4                     l1302:
  2638   002AF4  90D8               	bcf	status,0,c
  2639   002AF6  3607               	rlcf	___awdiv@quotient^0,f,c
  2640   002AF8  3608               	rlcf	(___awdiv@quotient+1)^0,f,c
  2641   002AFA  5003               	movf	___awdiv@divisor^0,w,c
  2642   002AFC  5C01               	subwf	___awdiv@dividend^0,w,c
  2643   002AFE  5004               	movf	(___awdiv@divisor+1)^0,w,c
  2644   002B00  5802               	subwfb	(___awdiv@dividend+1)^0,w,c
  2645   002B02  A0D8               	btfss	status,0,c
  2646   002B04  EF86  F015         	goto	u591
  2647   002B08  EF88  F015         	goto	u590
  2648   002B0C                     u591:
  2649   002B0C  EF8D  F015         	goto	l1310
  2650   002B10                     u590:
  2651   002B10  5003               	movf	___awdiv@divisor^0,w,c
  2652   002B12  5E01               	subwf	___awdiv@dividend^0,f,c
  2653   002B14  5004               	movf	(___awdiv@divisor+1)^0,w,c
  2654   002B16  5A02               	subwfb	(___awdiv@dividend+1)^0,f,c
  2655   002B18  8007               	bsf	___awdiv@quotient^0,0,c
  2656   002B1A                     l1310:
  2657   002B1A  90D8               	bcf	status,0,c
  2658   002B1C  3204               	rrcf	(___awdiv@divisor+1)^0,f,c
  2659   002B1E  3203               	rrcf	___awdiv@divisor^0,f,c
  2660   002B20  2E05               	decfsz	___awdiv@counter^0,f,c
  2661   002B22  EF7A  F015         	goto	l1302
  2662   002B26                     l1314:
  2663   002B26  5006               	movf	___awdiv@sign^0,w,c
  2664   002B28  B4D8               	btfsc	status,2,c
  2665   002B2A  EF99  F015         	goto	u601
  2666   002B2E  EF9B  F015         	goto	u600
  2667   002B32                     u601:
  2668   002B32  EF9F  F015         	goto	l1318
  2669   002B36                     u600:
  2670   002B36  6C07               	negf	___awdiv@quotient^0,c
  2671   002B38  1E08               	comf	(___awdiv@quotient+1)^0,f,c
  2672   002B3A  B0D8               	btfsc	status,0,c
  2673   002B3C  2A08               	incf	(___awdiv@quotient+1)^0,f,c
  2674   002B3E                     l1318:
  2675   002B3E  C007  F001         	movff	___awdiv@quotient,?___awdiv
  2676   002B42  C008  F002         	movff	___awdiv@quotient+1,?___awdiv+1
  2677   002B46  0012               	return		;funcret
  2678   002B48                     __end_of___awdiv:
  2679                           	callstack 0
  2680                           
  2681 ;; *************** function _init_config *****************
  2682 ;; Defined at:
  2683 ;;		line 54 in file "main.c"
  2684 ;; Parameters:    Size  Location     Type
  2685 ;;		None
  2686 ;; Auto vars:     Size  Location     Type
  2687 ;;		None
  2688 ;; Return value:  Size  Location     Type
  2689 ;;                  1    wreg      void 
  2690 ;; Registers used:
  2691 ;;		wreg, status,2, status,0, cstack
  2692 ;; Tracked objects:
  2693 ;;		On entry : 0/0
  2694 ;;		On exit  : 0/0
  2695 ;;		Unchanged: 0/0
  2696 ;; Data sizes:     COMRAM   BANK0   BANK1   BANK2   BANK3   BANK4   BANK5
  2697 ;;      Params:         0       0       0       0       0       0       0
  2698 ;;      Locals:         0       0       0       0       0       0       0
  2699 ;;      Temps:          0       0       0       0       0       0       0
  2700 ;;      Totals:         0       0       0       0       0       0       0
  2701 ;;Total ram usage:        0 bytes
  2702 ;; Hardware stack levels used: 1
  2703 ;; Hardware stack levels required when called: 2
  2704 ;; This function calls:
  2705 ;;		_init_can
  2706 ;;		_init_clcd
  2707 ;; This function is called by:
  2708 ;;		_main
  2709 ;; This function uses a non-reentrant model
  2710 ;;
  2711                           
  2712                           	psect	text4
  2713   002728                     __ptext4:
  2714                           	callstack 0
  2715   002728                     _init_config:
  2716                           	callstack 28
  2717   002728                     
  2718                           ;main.c: 56:     TRISB = 0x00;
  2719   002728  6A93               	clrf	147,c	;volatile
  2720                           
  2721                           ;main.c: 57:     PORTB = 0x00;
  2722   00272A  6A81               	clrf	129,c	;volatile
  2723   00272C                     
  2724                           ;main.c: 59:     init_clcd();
  2725   00272C  EC99  F014         	call	_init_clcd	;wreg free
  2726                           
  2727                           ;main.c: 60:     init_can();
  2728   002730  ECFC  F013         	call	_init_can	;wreg free
  2729   002734  0012               	return		;funcret
  2730   002736                     __end_of_init_config:
  2731                           	callstack 0
  2732                           
  2733 ;; *************** function _init_clcd *****************
  2734 ;; Defined at:
  2735 ;;		line 34 in file "clcd.c"
  2736 ;; Parameters:    Size  Location     Type
  2737 ;;		None
  2738 ;; Auto vars:     Size  Location     Type
  2739 ;;		None
  2740 ;; Return value:  Size  Location     Type
  2741 ;;                  1    wreg      void 
  2742 ;; Registers used:
  2743 ;;		wreg, status,2, status,0, cstack
  2744 ;; Tracked objects:
  2745 ;;		On entry : 0/0
  2746 ;;		On exit  : 0/0
  2747 ;;		Unchanged: 0/0
  2748 ;; Data sizes:     COMRAM   BANK0   BANK1   BANK2   BANK3   BANK4   BANK5
  2749 ;;      Params:         0       0       0       0       0       0       0
  2750 ;;      Locals:         0       0       0       0       0       0       0
  2751 ;;      Temps:          1       0       0       0       0       0       0
  2752 ;;      Totals:         1       0       0       0       0       0       0
  2753 ;;Total ram usage:        1 bytes
  2754 ;; Hardware stack levels used: 1
  2755 ;; Hardware stack levels required when called: 1
  2756 ;; This function calls:
  2757 ;;		_clcd_write
  2758 ;; This function is called by:
  2759 ;;		_init_config
  2760 ;; This function uses a non-reentrant model
  2761 ;;
  2762                           
  2763                           	psect	text5
  2764   002932                     __ptext5:
  2765                           	callstack 0
  2766   002932                     _init_clcd:
  2767                           	callstack 28
  2768   002932                     
  2769                           ;clcd.c: 37:  TRISD = 0x00;
  2770   002932  6A95               	clrf	149,c	;volatile
  2771   002934                     
  2772                           ;clcd.c: 39:  TRISC = TRISC & 0xF8;
  2773   002934  5094               	movf	148,w,c	;volatile
  2774   002936  0BF8               	andlw	248
  2775   002938  6E94               	movwf	148,c	;volatile
  2776   00293A                     
  2777                           ;clcd.c: 41:  RC0 = 0;
  2778   00293A  9082               	bcf	3970,0,c	;volatile
  2779   00293C                     
  2780                           ;clcd.c: 45:     _delay((unsigned long)((30)*(20000000/4000.0)));
  2781   00293C  0EC3               	movlw	195
  2782   00293E  6E03               	movwf	??_init_clcd^0,c
  2783   002940  0ECD               	movlw	205
  2784   002942                     u1007:
  2785   002942  2EE8               	decfsz	wreg,f,c
  2786   002944  D7FE               	bra	u1007
  2787   002946  2E03               	decfsz	??_init_clcd^0,f,c
  2788   002948  D7FC               	bra	u1007
  2789   00294A  0000               	nop	
  2790   00294C                     
  2791                           ;clcd.c: 48:     clcd_write(0x33, 0 );
  2792   00294C  0E00               	movlw	0
  2793   00294E  6E01               	movwf	clcd_write@control_bit^0,c
  2794   002950  0E33               	movlw	51
  2795   002952  ECDF  F013         	call	_clcd_write
  2796   002956                     
  2797                           ;clcd.c: 49:     _delay((unsigned long)((4100)*(20000000/4000000.0)));
  2798   002956  0E1B               	movlw	27
  2799   002958  6E03               	movwf	??_init_clcd^0,c
  2800   00295A  0E9E               	movlw	158
  2801   00295C                     u1017:
  2802   00295C  2EE8               	decfsz	wreg,f,c
  2803   00295E  D7FE               	bra	u1017
  2804   002960  2E03               	decfsz	??_init_clcd^0,f,c
  2805   002962  D7FC               	bra	u1017
  2806   002964  D000               	nop2	
  2807   002966                     
  2808                           ;clcd.c: 50:     clcd_write(0x33, 0 );
  2809   002966  0E00               	movlw	0
  2810   002968  6E01               	movwf	clcd_write@control_bit^0,c
  2811   00296A  0E33               	movlw	51
  2812   00296C  ECDF  F013         	call	_clcd_write
  2813   002970                     
  2814                           ;clcd.c: 51:     _delay((unsigned long)((100)*(20000000/4000000.0)));
  2815   002970  0EA6               	movlw	166
  2816   002972                     u1027:
  2817   002972  2EE8               	decfsz	wreg,f,c
  2818   002974  D7FE               	bra	u1027
  2819   002976  D000               	nop2	
  2820   002978                     
  2821                           ;clcd.c: 52:     clcd_write(0x33, 0 );
  2822   002978  0E00               	movlw	0
  2823   00297A  6E01               	movwf	clcd_write@control_bit^0,c
  2824   00297C  0E33               	movlw	51
  2825   00297E  ECDF  F013         	call	_clcd_write
  2826   002982                     
  2827                           ;clcd.c: 53:     _delay((unsigned long)((1)*(20000000/4000000.0)));
  2828   002982  D000               	nop2		;2 cycle nop
  2829   002984  D000               	nop2		;2 cycle nop
  2830   002986  0000               	nop	
  2831   002988                     
  2832                           ;clcd.c: 55:     clcd_write(0x02, 0);
  2833   002988  0E00               	movlw	0
  2834   00298A  6E01               	movwf	clcd_write@control_bit^0,c
  2835   00298C  0E02               	movlw	2
  2836   00298E  ECDF  F013         	call	_clcd_write
  2837   002992                     
  2838                           ;clcd.c: 56:     _delay((unsigned long)((100)*(20000000/4000000.0)));
  2839   002992  0EA6               	movlw	166
  2840   002994                     u1037:
  2841   002994  2EE8               	decfsz	wreg,f,c
  2842   002996  D7FE               	bra	u1037
  2843   002998  D000               	nop2	
  2844   00299A                     
  2845                           ;clcd.c: 57:     clcd_write(0x38, 0);
  2846   00299A  0E00               	movlw	0
  2847   00299C  6E01               	movwf	clcd_write@control_bit^0,c
  2848   00299E  0E38               	movlw	56
  2849   0029A0  ECDF  F013         	call	_clcd_write
  2850   0029A4                     
  2851                           ;clcd.c: 58:     _delay((unsigned long)((100)*(20000000/4000000.0)));
  2852   0029A4  0EA6               	movlw	166
  2853   0029A6                     u1047:
  2854   0029A6  2EE8               	decfsz	wreg,f,c
  2855   0029A8  D7FE               	bra	u1047
  2856   0029AA  D000               	nop2	
  2857   0029AC                     
  2858                           ;clcd.c: 59:     clcd_write(0x01, 0);
  2859   0029AC  0E00               	movlw	0
  2860   0029AE  6E01               	movwf	clcd_write@control_bit^0,c
  2861   0029B0  0E01               	movlw	1
  2862   0029B2  ECDF  F013         	call	_clcd_write
  2863   0029B6                     
  2864                           ;clcd.c: 60:     _delay((unsigned long)((500)*(20000000/4000000.0)));
  2865   0029B6  0E04               	movlw	4
  2866   0029B8  6E03               	movwf	??_init_clcd^0,c
  2867   0029BA  0E3E               	movlw	62
  2868   0029BC                     u1057:
  2869   0029BC  2EE8               	decfsz	wreg,f,c
  2870   0029BE  D7FE               	bra	u1057
  2871   0029C0  2E03               	decfsz	??_init_clcd^0,f,c
  2872   0029C2  D7FC               	bra	u1057
  2873   0029C4                     
  2874                           ;clcd.c: 61:     clcd_write(0x0C, 0);
  2875   0029C4  0E00               	movlw	0
  2876   0029C6  6E01               	movwf	clcd_write@control_bit^0,c
  2877   0029C8  0E0C               	movlw	12
  2878   0029CA  ECDF  F013         	call	_clcd_write
  2879   0029CE                     
  2880                           ;clcd.c: 62:     _delay((unsigned long)((100)*(20000000/4000000.0)));
  2881   0029CE  0EA6               	movlw	166
  2882   0029D0                     u1067:
  2883   0029D0  2EE8               	decfsz	wreg,f,c
  2884   0029D2  D7FE               	bra	u1067
  2885   0029D4  D000               	nop2	
  2886   0029D6  0012               	return		;funcret
  2887   0029D8                     __end_of_init_clcd:
  2888                           	callstack 0
  2889                           
  2890 ;; *************** function _init_can *****************
  2891 ;; Defined at:
  2892 ;;		line 22 in file "can.c"
  2893 ;; Parameters:    Size  Location     Type
  2894 ;;		None
  2895 ;; Auto vars:     Size  Location     Type
  2896 ;;		None
  2897 ;; Return value:  Size  Location     Type
  2898 ;;                  1    wreg      void 
  2899 ;; Registers used:
  2900 ;;		wreg, status,2, status,0
  2901 ;; Tracked objects:
  2902 ;;		On entry : 0/0
  2903 ;;		On exit  : 0/0
  2904 ;;		Unchanged: 0/0
  2905 ;; Data sizes:     COMRAM   BANK0   BANK1   BANK2   BANK3   BANK4   BANK5
  2906 ;;      Params:         0       0       0       0       0       0       0
  2907 ;;      Locals:         0       0       0       0       0       0       0
  2908 ;;      Temps:          0       0       0       0       0       0       0
  2909 ;;      Totals:         0       0       0       0       0       0       0
  2910 ;;Total ram usage:        0 bytes
  2911 ;; Hardware stack levels used: 1
  2912 ;; This function calls:
  2913 ;;		Nothing
  2914 ;; This function is called by:
  2915 ;;		_init_config
  2916 ;; This function uses a non-reentrant model
  2917 ;;
  2918                           
  2919                           	psect	text6
  2920   0027F8                     __ptext6:
  2921                           	callstack 0
  2922   0027F8                     _init_can:
  2923                           	callstack 29
  2924   0027F8                     
  2925                           ;can.c: 24:     TRISB2 = 0;
  2926   0027F8  9493               	bcf	3987,2,c	;volatile
  2927                           
  2928                           ;can.c: 25:     TRISB3 = 1;
  2929   0027FA  8693               	bsf	3987,3,c	;volatile
  2930   0027FC                     
  2931                           ;can.c: 29:     { CANCON &= 0x1F; CANCON |= e_can_op_mode_config; };
  2932   0027FC  0E1F               	movlw	31
  2933   0027FE  166F               	andwf	111,f,c	;volatile
  2934   002800  8E6F               	bsf	111,7,c	;volatile
  2935   002802                     l914:
  2936   002802  0E80               	movlw	128
  2937   002804  186E               	xorwf	110,w,c	;volatile
  2938   002806  A4D8               	btfss	status,2,c
  2939   002808  EF08  F014         	goto	u41
  2940   00280C  EF0A  F014         	goto	u40
  2941   002810                     u41:
  2942   002810  EF01  F014         	goto	l914
  2943   002814                     u40:
  2944   002814                     
  2945                           ;can.c: 35:     ECANCON = 0x00;
  2946   002814  6A77               	clrf	119,c	;volatile
  2947   002816                     
  2948                           ;can.c: 38:     BRGCON1 = 0xE1;
  2949   002816  0EE1               	movlw	225
  2950   002818  6E70               	movwf	112,c	;volatile
  2951                           
  2952                           ;can.c: 39:     BRGCON2 = 0x1B;
  2953   00281A  0E1B               	movlw	27
  2954   00281C  6E71               	movwf	113,c	;volatile
  2955                           
  2956                           ;can.c: 40:     BRGCON3 = 0x03;
  2957   00281E  0E03               	movlw	3
  2958   002820  6E72               	movwf	114,c	;volatile
  2959   002822                     
  2960                           ;can.c: 46:     RXFCON0 = 0x00;
  2961   002822  010D               	movlb	13	; () banked
  2962   002824  6BD4               	clrf	212,b	;volatile
  2963   002826                     
  2964                           ; BSR set to: 13
  2965                           ;can.c: 48:     { CANCON &= 0x1F; CANCON |= e_can_op_mode_normal; };
  2966   002826  0E1F               	movlw	31
  2967   002828  166F               	andwf	111,f,c	;volatile
  2968   00282A                     
  2969                           ; BSR set to: 13
  2970   00282A  506F               	movf	111,w,c	;volatile
  2971   00282C                     
  2972                           ; BSR set to: 13
  2973                           ;can.c: 52:     RXB0CON = 0x00;
  2974   00282C  6A60               	clrf	96,c	;volatile
  2975   00282E                     
  2976                           ; BSR set to: 13
  2977                           ;can.c: 53:     RXB0CONbits.RXM0 = 1;
  2978   00282E  8A60               	bsf	96,5,c	;volatile
  2979   002830                     
  2980                           ; BSR set to: 13
  2981                           ;can.c: 54:     RXB0CONbits.RXM1 = 1;
  2982   002830  8C60               	bsf	96,6,c	;volatile
  2983   002832                     
  2984                           ; BSR set to: 13
  2985   002832  0012               	return		;funcret
  2986   002834                     __end_of_init_can:
  2987                           	callstack 0
  2988                           
  2989 ;; *************** function _clcd_putch *****************
  2990 ;; Defined at:
  2991 ;;		line 74 in file "clcd.c"
  2992 ;; Parameters:    Size  Location     Type
  2993 ;;  data            1    wreg     const unsigned char 
  2994 ;;  addr            1    2[COMRAM] unsigned char 
  2995 ;; Auto vars:     Size  Location     Type
  2996 ;;  data            1    3[COMRAM] const unsigned char 
  2997 ;; Return value:  Size  Location     Type
  2998 ;;                  1    wreg      void 
  2999 ;; Registers used:
  3000 ;;		wreg, status,2, cstack
  3001 ;; Tracked objects:
  3002 ;;		On entry : 0/0
  3003 ;;		On exit  : 0/0
  3004 ;;		Unchanged: 0/0
  3005 ;; Data sizes:     COMRAM   BANK0   BANK1   BANK2   BANK3   BANK4   BANK5
  3006 ;;      Params:         1       0       0       0       0       0       0
  3007 ;;      Locals:         1       0       0       0       0       0       0
  3008 ;;      Temps:          0       0       0       0       0       0       0
  3009 ;;      Totals:         2       0       0       0       0       0       0
  3010 ;;Total ram usage:        2 bytes
  3011 ;; Hardware stack levels used: 1
  3012 ;; Hardware stack levels required when called: 1
  3013 ;; This function calls:
  3014 ;;		_clcd_write
  3015 ;; This function is called by:
  3016 ;;		_main
  3017 ;; This function uses a non-reentrant model
  3018 ;;
  3019                           
  3020                           	psect	text7
  3021   002736                     __ptext7:
  3022                           	callstack 0
  3023   002736                     _clcd_putch:
  3024                           	callstack 29
  3025                           
  3026                           ; BSR set to: 13
  3027                           ;incstack = 0
  3028                           ;clcd_putch@data stored from wreg
  3029   002736  6E04               	movwf	clcd_putch@data^0,c
  3030   002738                     
  3031                           ;clcd.c: 74: void clcd_putch(const unsigned char data, unsigned char addr);clcd.c: 75: {
      +                          ;clcd.c: 76:  clcd_write(addr, 0);
  3032   002738  0E00               	movlw	0
  3033   00273A  6E01               	movwf	clcd_write@control_bit^0,c
  3034   00273C  5003               	movf	clcd_putch@addr^0,w,c
  3035   00273E  ECDF  F013         	call	_clcd_write
  3036                           
  3037                           ;clcd.c: 77:  clcd_write(data, 1);
  3038   002742  0E01               	movlw	1
  3039   002744  6E01               	movwf	clcd_write@control_bit^0,c
  3040   002746  5004               	movf	clcd_putch@data^0,w,c
  3041   002748  ECDF  F013         	call	_clcd_write
  3042   00274C  0012               	return		;funcret
  3043   00274E                     __end_of_clcd_putch:
  3044                           	callstack 0
  3045                           
  3046 ;; *************** function _clcd_print *****************
  3047 ;; Defined at:
  3048 ;;		line 65 in file "clcd.c"
  3049 ;; Parameters:    Size  Location     Type
  3050 ;;  data            2    2[COMRAM] PTR const unsigned char 
  3051 ;;		 -> main@buff_87(4), main@buff(5), STR_8(5), STR_7(6), 
  3052 ;;		 -> STR_6(7), STR_5(5), STR_4(5), STR_3(5), 
  3053 ;;		 -> STR_2(5), STR_1(5), 
  3054 ;;  addr            1    4[COMRAM] unsigned char 
  3055 ;; Auto vars:     Size  Location     Type
  3056 ;;		None
  3057 ;; Return value:  Size  Location     Type
  3058 ;;                  1    wreg      void 
  3059 ;; Registers used:
  3060 ;;		wreg, fsr1l, fsr1h, status,2, status,0, tblptrl, tblptrh, tblptru, cstack
  3061 ;; Tracked objects:
  3062 ;;		On entry : 0/0
  3063 ;;		On exit  : 0/0
  3064 ;;		Unchanged: 0/0
  3065 ;; Data sizes:     COMRAM   BANK0   BANK1   BANK2   BANK3   BANK4   BANK5
  3066 ;;      Params:         3       0       0       0       0       0       0
  3067 ;;      Locals:         0       0       0       0       0       0       0
  3068 ;;      Temps:          0       0       0       0       0       0       0
  3069 ;;      Totals:         3       0       0       0       0       0       0
  3070 ;;Total ram usage:        3 bytes
  3071 ;; Hardware stack levels used: 1
  3072 ;; Hardware stack levels required when called: 1
  3073 ;; This function calls:
  3074 ;;		_clcd_write
  3075 ;; This function is called by:
  3076 ;;		_main
  3077 ;; This function uses a non-reentrant model
  3078 ;;
  3079                           
  3080                           	psect	text8
  3081   002834                     __ptext8:
  3082                           	callstack 0
  3083   002834                     _clcd_print:
  3084                           	callstack 29
  3085   002834                     
  3086                           ;clcd.c: 65: void clcd_print(const unsigned char *data, unsigned char addr);clcd.c: 66: 
      +                          {;clcd.c: 67:  clcd_write(addr, 0);
  3087   002834  0E00               	movlw	0
  3088   002836  6E01               	movwf	clcd_write@control_bit^0,c
  3089   002838  5005               	movf	clcd_print@addr^0,w,c
  3090   00283A  ECDF  F013         	call	_clcd_write
  3091                           
  3092                           ;clcd.c: 68:  while (*data != '\0')
  3093   00283E  EF37  F014         	goto	l1406
  3094   002842                     l1402:
  3095                           
  3096                           ;clcd.c: 69:  {;clcd.c: 70:   clcd_write(*data++, 1);
  3097   002842  0E01               	movlw	1
  3098   002844  6E01               	movwf	clcd_write@control_bit^0,c
  3099   002846  C003  FFF6         	movff	clcd_print@data,tblptrl
  3100   00284A  C004  FFF7         	movff	clcd_print@data+1,tblptrh
  3101   00284E  6AF8               	clrf	tblptru,c
  3102   002850  0E05               	movlw	(high __ramtop+-1)
  3103   002852  64F7               	cpfsgt	tblptrh,c
  3104   002854  D003               	bra	u707
  3105   002856  0008               	tblrd		*
  3106   002858  50F5               	movf	tablat,w,c
  3107   00285A  D005               	bra	u700
  3108   00285C                     u707:
  3109   00285C  CFF6 FFE1          	movff	tblptrl,fsr1l
  3110   002860  CFF7 FFE2          	movff	tblptrh,fsr1h
  3111   002864  50E7               	movf	indf1,w,c
  3112   002866                     u700:
  3113   002866  ECDF  F013         	call	_clcd_write
  3114   00286A  4A03               	infsnz	clcd_print@data^0,f,c
  3115   00286C  2A04               	incf	(clcd_print@data+1)^0,f,c
  3116   00286E                     l1406:
  3117                           
  3118                           ;clcd.c: 68:  while (*data != '\0')
  3119   00286E  C003  FFF6         	movff	clcd_print@data,tblptrl
  3120   002872  C004  FFF7         	movff	clcd_print@data+1,tblptrh
  3121   002876  6AF8               	clrf	tblptru,c
  3122   002878  0E05               	movlw	(high __ramtop+-1)
  3123   00287A  64F7               	cpfsgt	tblptrh,c
  3124   00287C  D003               	bra	u717
  3125   00287E  0008               	tblrd		*
  3126   002880  50F5               	movf	tablat,w,c
  3127   002882  D005               	bra	u710
  3128   002884                     u717:
  3129   002884  CFF6 FFE1          	movff	tblptrl,fsr1l
  3130   002888  CFF7 FFE2          	movff	tblptrh,fsr1h
  3131   00288C  50E7               	movf	indf1,w,c
  3132   00288E                     u710:
  3133   00288E  0900               	iorlw	0
  3134   002890  A4D8               	btfss	status,2,c
  3135   002892  EF4D  F014         	goto	u721
  3136   002896  EF4F  F014         	goto	u720
  3137   00289A                     u721:
  3138   00289A  EF21  F014         	goto	l1402
  3139   00289E                     u720:
  3140   00289E  0012               	return		;funcret
  3141   0028A0                     __end_of_clcd_print:
  3142                           	callstack 0
  3143                           
  3144 ;; *************** function _clcd_write *****************
  3145 ;; Defined at:
  3146 ;;		line 11 in file "clcd.c"
  3147 ;; Parameters:    Size  Location     Type
  3148 ;;  byte            1    wreg     unsigned char 
  3149 ;;  control_bit     1    0[COMRAM] unsigned char 
  3150 ;; Auto vars:     Size  Location     Type
  3151 ;;  byte            1    1[COMRAM] unsigned char 
  3152 ;; Return value:  Size  Location     Type
  3153 ;;                  1    wreg      void 
  3154 ;; Registers used:
  3155 ;;		wreg
  3156 ;; Tracked objects:
  3157 ;;		On entry : 0/0
  3158 ;;		On exit  : 0/0
  3159 ;;		Unchanged: 0/0
  3160 ;; Data sizes:     COMRAM   BANK0   BANK1   BANK2   BANK3   BANK4   BANK5
  3161 ;;      Params:         1       0       0       0       0       0       0
  3162 ;;      Locals:         1       0       0       0       0       0       0
  3163 ;;      Temps:          0       0       0       0       0       0       0
  3164 ;;      Totals:         2       0       0       0       0       0       0
  3165 ;;Total ram usage:        2 bytes
  3166 ;; Hardware stack levels used: 1
  3167 ;; This function calls:
  3168 ;;		Nothing
  3169 ;; This function is called by:
  3170 ;;		_init_clcd
  3171 ;;		_clcd_print
  3172 ;;		_clcd_putch
  3173 ;; This function uses a non-reentrant model
  3174 ;;
  3175                           
  3176                           	psect	text9
  3177   0027BE                     __ptext9:
  3178                           	callstack 0
  3179   0027BE                     _clcd_write:
  3180                           	callstack 28
  3181                           
  3182                           ;incstack = 0
  3183                           ;clcd_write@byte stored from wreg
  3184   0027BE  6E02               	movwf	clcd_write@byte^0,c
  3185   0027C0                     
  3186                           ;clcd.c: 11: void clcd_write(unsigned char byte, unsigned char control_bit);clcd.c: 12: 
      +                          {;clcd.c: 13:  RC1 = control_bit;
  3187   0027C0  B001               	btfsc	clcd_write@control_bit^0,0,c
  3188   0027C2  EFE5  F013         	goto	u521
  3189   0027C6  EFE8  F013         	goto	u520
  3190   0027CA                     u521:
  3191   0027CA  8282               	bsf	3970,1,c	;volatile
  3192   0027CC  EFE9  F013         	goto	u535
  3193   0027D0                     u520:
  3194   0027D0  9282               	bcf	3970,1,c	;volatile
  3195   0027D2                     u535:
  3196   0027D2                     
  3197                           ;clcd.c: 14:  PORTD = byte;
  3198   0027D2  C002  FF83         	movff	clcd_write@byte,3971	;volatile
  3199   0027D6                     
  3200                           ;clcd.c: 17:  RC2 = 1;
  3201   0027D6  8482               	bsf	3970,2,c	;volatile
  3202   0027D8                     
  3203                           ;clcd.c: 18:  RC2 = 0;
  3204   0027D8  9482               	bcf	3970,2,c	;volatile
  3205   0027DA                     
  3206                           ;clcd.c: 20:  TRISD7 = 0xFF;
  3207   0027DA  8E95               	bsf	3989,7,c	;volatile
  3208   0027DC                     
  3209                           ;clcd.c: 21:  RC0 = 1;
  3210   0027DC  8082               	bsf	3970,0,c	;volatile
  3211   0027DE                     
  3212                           ;clcd.c: 22:  RC1 = 0;
  3213   0027DE  9282               	bcf	3970,1,c	;volatile
  3214   0027E0                     l1228:
  3215                           
  3216                           ;clcd.c: 25:  {;clcd.c: 26:   RC2 = 1;
  3217   0027E0  8482               	bsf	3970,2,c	;volatile
  3218   0027E2                     
  3219                           ;clcd.c: 27:   RC2 = 0;
  3220   0027E2  9482               	bcf	3970,2,c	;volatile
  3221   0027E4                     
  3222                           ;clcd.c: 28:  } while (RD7);
  3223   0027E4  BE83               	btfsc	3971,7,c	;volatile
  3224   0027E6  EFF7  F013         	goto	u541
  3225   0027EA  EFF9  F013         	goto	u540
  3226   0027EE                     u541:
  3227   0027EE  EFF0  F013         	goto	l1228
  3228   0027F2                     u540:
  3229   0027F2                     
  3230                           ;clcd.c: 30:  RC0 = 0;
  3231   0027F2  9082               	bcf	3970,0,c	;volatile
  3232                           
  3233                           ;clcd.c: 31:  TRISD7 = 0x00;
  3234   0027F4  9E95               	bcf	3989,7,c	;volatile
  3235   0027F6  0012               	return		;funcret
  3236   0027F8                     __end_of_clcd_write:
  3237                           	callstack 0
  3238                           
  3239 ;; *************** function _can_receive *****************
  3240 ;; Defined at:
  3241 ;;		line 96 in file "can.c"
  3242 ;; Parameters:    Size  Location     Type
  3243 ;;  msg_id          1    8[COMRAM] PTR unsigned short 
  3244 ;;		 -> main@msg_id(2), 
  3245 ;;  data            1    9[COMRAM] PTR unsigned char 
  3246 ;;		 -> main@data(8), 
  3247 ;;  len             1   10[COMRAM] PTR unsigned char 
  3248 ;;		 -> main@length(1), 
  3249 ;; Auto vars:     Size  Location     Type
  3250 ;;  i               2   16[COMRAM] int 
  3251 ;;  ptr             2   14[COMRAM] PTR unsigned char 
  3252 ;;		 -> RXB0D0(1), 
  3253 ;; Return value:  Size  Location     Type
  3254 ;;                  1    wreg      void 
  3255 ;; Registers used:
  3256 ;;		wreg, fsr1l, fsr1h, fsr2l, fsr2h, status,2, status,0, cstack
  3257 ;; Tracked objects:
  3258 ;;		On entry : 0/0
  3259 ;;		On exit  : 0/0
  3260 ;;		Unchanged: 0/0
  3261 ;; Data sizes:     COMRAM   BANK0   BANK1   BANK2   BANK3   BANK4   BANK5
  3262 ;;      Params:         3       0       0       0       0       0       0
  3263 ;;      Locals:         4       0       0       0       0       0       0
  3264 ;;      Temps:          3       0       0       0       0       0       0
  3265 ;;      Totals:        10       0       0       0       0       0       0
  3266 ;;Total ram usage:       10 bytes
  3267 ;; Hardware stack levels used: 1
  3268 ;; Hardware stack levels required when called: 1
  3269 ;; This function calls:
  3270 ;;		_get_msg_id_std
  3271 ;; This function is called by:
  3272 ;;		_main
  3273 ;; This function uses a non-reentrant model
  3274 ;;
  3275                           
  3276                           	psect	text10
  3277   0028A0                     __ptext10:
  3278                           	callstack 0
  3279   0028A0                     _can_receive:
  3280                           	callstack 29
  3281   0028A0                     
  3282                           ;can.c: 97:     uint8_t *ptr;;can.c: 99:     if (RXB0FUL) {
  3283   0028A0  AE60               	btfss	3936,7,c	;volatile
  3284   0028A2  EF55  F014         	goto	u731
  3285   0028A6  EF57  F014         	goto	u730
  3286   0028AA                     u731:
  3287   0028AA  EF94  F014         	goto	l1424
  3288   0028AE                     u730:
  3289   0028AE                     
  3290                           ;can.c: 101:         *msg_id = get_msg_id_std();
  3291   0028AE  ECC2  F013         	call	_get_msg_id_std	;wreg free
  3292   0028B2  5009               	movf	can_receive@msg_id^0,w,c
  3293   0028B4  6ED9               	movwf	fsr2l,c
  3294   0028B6  6ADA               	clrf	fsr2h,c
  3295   0028B8  C001  FFDE         	movff	?_get_msg_id_std,postinc2
  3296   0028BC  C002  FFDD         	movff	?_get_msg_id_std+1,postdec2
  3297   0028C0                     
  3298                           ;can.c: 103:         *len = RXB0DLC;
  3299   0028C0  500B               	movf	can_receive@len^0,w,c
  3300   0028C2  6ED9               	movwf	fsr2l,c
  3301   0028C4  6ADA               	clrf	fsr2h,c
  3302   0028C6  CF65 FFDF          	movff	3941,indf2	;volatile
  3303   0028CA                     
  3304                           ;can.c: 105:         ptr = (uint8_t *) & RXB0D0;
  3305   0028CA  0E66               	movlw	102
  3306   0028CC  6E0F               	movwf	can_receive@ptr^0,c
  3307   0028CE  0E0F               	movlw	15
  3308   0028D0  6E10               	movwf	(can_receive@ptr+1)^0,c
  3309   0028D2                     
  3310                           ;can.c: 107:         for (int i = 0; i < *len; i++) {
  3311   0028D2  0E00               	movlw	0
  3312   0028D4  6E12               	movwf	(can_receive@i+1)^0,c
  3313   0028D6  0E00               	movlw	0
  3314   0028D8  6E11               	movwf	can_receive@i^0,c
  3315   0028DA  EF7D  F014         	goto	l1422
  3316   0028DE                     l1418:
  3317                           
  3318                           ;can.c: 108:             data[i] = ptr[i];
  3319   0028DE  5011               	movf	can_receive@i^0,w,c
  3320   0028E0  240F               	addwf	can_receive@ptr^0,w,c
  3321   0028E2  6ED9               	movwf	fsr2l,c
  3322   0028E4  5012               	movf	(can_receive@i+1)^0,w,c
  3323   0028E6  2010               	addwfc	(can_receive@ptr+1)^0,w,c
  3324   0028E8  6EDA               	movwf	fsr2h,c
  3325   0028EA  500A               	movf	can_receive@data^0,w,c
  3326   0028EC  2411               	addwf	can_receive@i^0,w,c
  3327   0028EE  6EE1               	movwf	fsr1l,c
  3328   0028F0  6AE2               	clrf	fsr1h,c
  3329   0028F2  CFDF FFE7          	movff	indf2,indf1
  3330   0028F6                     
  3331                           ;can.c: 109:         }
  3332   0028F6  4A11               	infsnz	can_receive@i^0,f,c
  3333   0028F8  2A12               	incf	(can_receive@i+1)^0,f,c
  3334   0028FA                     l1422:
  3335   0028FA  500B               	movf	can_receive@len^0,w,c
  3336   0028FC  6ED9               	movwf	fsr2l,c
  3337   0028FE  6ADA               	clrf	fsr2h,c
  3338   002900  50DF               	movf	indf2,w,c
  3339   002902  6E0C               	movwf	??_can_receive^0,c
  3340   002904  6A0D               	clrf	(??_can_receive+1)^0,c
  3341   002906  500C               	movf	??_can_receive^0,w,c
  3342   002908  5C11               	subwf	can_receive@i^0,w,c
  3343   00290A  5012               	movf	(can_receive@i+1)^0,w,c
  3344   00290C  0A80               	xorlw	128
  3345   00290E  6E0E               	movwf	(??_can_receive+2)^0,c
  3346   002910  500D               	movf	(??_can_receive+1)^0,w,c
  3347   002912  0A80               	xorlw	128
  3348   002914  580E               	subwfb	(??_can_receive+2)^0,w,c
  3349   002916  A0D8               	btfss	status,0,c
  3350   002918  EF90  F014         	goto	u741
  3351   00291C  EF92  F014         	goto	u740
  3352   002920                     u741:
  3353   002920  EF6F  F014         	goto	l1418
  3354   002924                     u740:
  3355   002924                     
  3356                           ;can.c: 111:         RXB0FUL = 0;
  3357   002924  9E60               	bcf	3936,7,c	;volatile
  3358                           
  3359                           ;can.c: 112:         RXB0IF = 0;
  3360   002926  90A4               	bcf	4004,0,c	;volatile
  3361   002928                     l1424:
  3362                           
  3363                           ;can.c: 116:     *len = 0;
  3364   002928  500B               	movf	can_receive@len^0,w,c
  3365   00292A  6ED9               	movwf	fsr2l,c
  3366   00292C  6ADA               	clrf	fsr2h,c
  3367   00292E  6ADF               	clrf	indf2,c
  3368   002930  0012               	return		;funcret
  3369   002932                     __end_of_can_receive:
  3370                           	callstack 0
  3371                           
  3372 ;; *************** function _get_msg_id_std *****************
  3373 ;; Defined at:
  3374 ;;		line 57 in file "can.c"
  3375 ;; Parameters:    Size  Location     Type
  3376 ;;		None
  3377 ;; Auto vars:     Size  Location     Type
  3378 ;;  id              2    6[COMRAM] unsigned short 
  3379 ;; Return value:  Size  Location     Type
  3380 ;;                  2    0[COMRAM] unsigned short 
  3381 ;; Registers used:
  3382 ;;		wreg, status,2, status,0
  3383 ;; Tracked objects:
  3384 ;;		On entry : 0/0
  3385 ;;		On exit  : 0/0
  3386 ;;		Unchanged: 0/0
  3387 ;; Data sizes:     COMRAM   BANK0   BANK1   BANK2   BANK3   BANK4   BANK5
  3388 ;;      Params:         2       0       0       0       0       0       0
  3389 ;;      Locals:         2       0       0       0       0       0       0
  3390 ;;      Temps:          4       0       0       0       0       0       0
  3391 ;;      Totals:         8       0       0       0       0       0       0
  3392 ;;Total ram usage:        8 bytes
  3393 ;; Hardware stack levels used: 1
  3394 ;; This function calls:
  3395 ;;		Nothing
  3396 ;; This function is called by:
  3397 ;;		_can_receive
  3398 ;; This function uses a non-reentrant model
  3399 ;;
  3400                           
  3401                           	psect	text11
  3402   002784                     __ptext11:
  3403                           	callstack 0
  3404   002784                     _get_msg_id_std:
  3405                           	callstack 29
  3406   002784                     
  3407                           ;can.c: 59:     id = ((RXB0SIDL >> 5) & 0x7) | (RXB0SIDH << 3);
  3408   002784  5061               	movf	97,w,c	;volatile
  3409   002786  6E03               	movwf	??_get_msg_id_std^0,c
  3410   002788  6A04               	clrf	(??_get_msg_id_std+1)^0,c
  3411   00278A  90D8               	bcf	status,0,c
  3412   00278C  3603               	rlcf	??_get_msg_id_std^0,f,c
  3413   00278E  3604               	rlcf	(??_get_msg_id_std+1)^0,f,c
  3414   002790  90D8               	bcf	status,0,c
  3415   002792  3603               	rlcf	??_get_msg_id_std^0,f,c
  3416   002794  3604               	rlcf	(??_get_msg_id_std+1)^0,f,c
  3417   002796  90D8               	bcf	status,0,c
  3418   002798  3603               	rlcf	??_get_msg_id_std^0,f,c
  3419   00279A  3604               	rlcf	(??_get_msg_id_std+1)^0,f,c
  3420   00279C  3862               	swapf	98,w,c	;volatile
  3421   00279E  42E8               	rrncf	wreg,f,c
  3422   0027A0  0B07               	andlw	7
  3423   0027A2  0B07               	andlw	7
  3424   0027A4  6E05               	movwf	(??_get_msg_id_std+2)^0,c
  3425   0027A6  6A06               	clrf	(??_get_msg_id_std+3)^0,c
  3426   0027A8  5003               	movf	??_get_msg_id_std^0,w,c
  3427   0027AA  1005               	iorwf	(??_get_msg_id_std+2)^0,w,c
  3428   0027AC  6E07               	movwf	get_msg_id_std@id^0,c
  3429   0027AE  5004               	movf	(??_get_msg_id_std+1)^0,w,c
  3430   0027B0  1006               	iorwf	(??_get_msg_id_std+3)^0,w,c
  3431   0027B2  6E08               	movwf	(get_msg_id_std@id+1)^0,c
  3432   0027B4                     
  3433                           ;can.c: 60:     return id;
  3434   0027B4  C007  F001         	movff	get_msg_id_std@id,?_get_msg_id_std
  3435   0027B8  C008  F002         	movff	get_msg_id_std@id+1,?_get_msg_id_std+1
  3436   0027BC  0012               	return		;funcret
  3437   0027BE                     __end_of_get_msg_id_std:
  3438                           	callstack 0
  3439                           
  3440                           	psect	rparam
  3441   000001                     ___rparam_used  equ	1
  3442   000000                     ___param_bank   equ	0
  3443   000000                     __Lparam        equ	__Lrparam
  3444   000000                     __Hparam        equ	__Hrparam
  3445                           
  3446                           	psect	idloc
  3447                           
  3448                           ;Config register IDLOC0 @ 0x200000
  3449                           ;	unspecified, using default values
  3450   200000                     	org	2097152
  3451   200000  FF                 	db	255
  3452                           
  3453                           ;Config register IDLOC1 @ 0x200001
  3454                           ;	unspecified, using default values
  3455   200001                     	org	2097153
  3456   200001  FF                 	db	255
  3457                           
  3458                           ;Config register IDLOC2 @ 0x200002
  3459                           ;	unspecified, using default values
  3460   200002                     	org	2097154
  3461   200002  FF                 	db	255
  3462                           
  3463                           ;Config register IDLOC3 @ 0x200003
  3464                           ;	unspecified, using default values
  3465   200003                     	org	2097155
  3466   200003  FF                 	db	255
  3467                           
  3468                           ;Config register IDLOC4 @ 0x200004
  3469                           ;	unspecified, using default values
  3470   200004                     	org	2097156
  3471   200004  FF                 	db	255
  3472                           
  3473                           ;Config register IDLOC5 @ 0x200005
  3474                           ;	unspecified, using default values
  3475   200005                     	org	2097157
  3476   200005  FF                 	db	255
  3477                           
  3478                           ;Config register IDLOC6 @ 0x200006
  3479                           ;	unspecified, using default values
  3480   200006                     	org	2097158
  3481   200006  FF                 	db	255
  3482                           
  3483                           ;Config register IDLOC7 @ 0x200007
  3484                           ;	unspecified, using default values
  3485   200007                     	org	2097159
  3486   200007  FF                 	db	255
  3487                           
  3488                           	psect	config
  3489                           
  3490                           ; Padding undefined space
  3491   300000                     	org	3145728
  3492   300000  FF                 	db	255
  3493                           
  3494                           ;Config register CONFIG1H @ 0x300001
  3495                           ;	unspecified, using default values
  3496                           ;	Oscillator Selection bits
  3497                           ;	OSC = 0x7, unprogrammed default
  3498                           ;	Fail-Safe Clock Monitor Enable bit
  3499                           ;	FCMEN = 0x0, unprogrammed default
  3500                           ;	Internal/External Oscillator Switchover bit
  3501                           ;	IESO = 0x0, unprogrammed default
  3502   300001                     	org	3145729
  3503   300001  07                 	db	7
  3504                           
  3505                           ;Config register CONFIG2L @ 0x300002
  3506                           ;	unspecified, using default values
  3507                           ;	Power-up Timer Enable bit
  3508                           ;	PWRT = 0x1, unprogrammed default
  3509                           ;	Brown-out Reset Enable bits
  3510                           ;	BOREN = 0x3, unprogrammed default
  3511                           ;	Brown-out Reset Voltage bits
  3512                           ;	BORV = 0x3, unprogrammed default
  3513   300002                     	org	3145730
  3514   300002  1F                 	db	31
  3515                           
  3516                           ;Config register CONFIG2H @ 0x300003
  3517                           ;	unspecified, using default values
  3518                           ;	Watchdog Timer Enable bit
  3519                           ;	WDT = 0x1, unprogrammed default
  3520                           ;	Watchdog Timer Postscale Select bits
  3521                           ;	WDTPS = 0xF, unprogrammed default
  3522   300003                     	org	3145731
  3523   300003  1F                 	db	31
  3524                           
  3525                           ; Padding undefined space
  3526   300004                     	org	3145732
  3527   300004  FF                 	db	255
  3528                           
  3529                           ;Config register CONFIG3H @ 0x300005
  3530                           ;	unspecified, using default values
  3531                           ;	PORTB A/D Enable bit
  3532                           ;	PBADEN = 0x1, unprogrammed default
  3533                           ;	Low-Power Timer 1 Oscillator Enable bit
  3534                           ;	LPT1OSC = 0x0, unprogrammed default
  3535                           ;	MCLR Pin Enable bit
  3536                           ;	MCLRE = 0x1, unprogrammed default
  3537   300005                     	org	3145733
  3538   300005  82                 	db	130
  3539                           
  3540                           ;Config register CONFIG4L @ 0x300006
  3541                           ;	unspecified, using default values
  3542                           ;	Stack Full/Underflow Reset Enable bit
  3543                           ;	STVREN = 0x1, unprogrammed default
  3544                           ;	Single-Supply ICSP Enable bit
  3545                           ;	LVP = 0x1, unprogrammed default
  3546                           ;	Boot Block Size Select bit
  3547                           ;	BBSIZ = 0x0, unprogrammed default
  3548                           ;	Extended Instruction Set Enable bit
  3549                           ;	XINST = 0x0, unprogrammed default
  3550                           ;	Background Debugger Enable bit
  3551                           ;	DEBUG = 0x1, unprogrammed default
  3552   300006                     	org	3145734
  3553   300006  85                 	db	133
  3554                           
  3555                           ; Padding undefined space
  3556   300007                     	org	3145735
  3557   300007  FF                 	db	255
  3558                           
  3559                           ;Config register CONFIG5L @ 0x300008
  3560                           ;	unspecified, using default values
  3561                           ;	Code Protection bit
  3562                           ;	CP0 = 0x1, unprogrammed default
  3563                           ;	Code Protection bit
  3564                           ;	CP1 = 0x1, unprogrammed default
  3565                           ;	Code Protection bit
  3566                           ;	CP2 = 0x1, unprogrammed default
  3567                           ;	Code Protection bit
  3568                           ;	CP3 = 0x1, unprogrammed default
  3569   300008                     	org	3145736
  3570   300008  0F                 	db	15
  3571                           
  3572                           ;Config register CONFIG5H @ 0x300009
  3573                           ;	unspecified, using default values
  3574                           ;	Boot Block Code Protection bit
  3575                           ;	CPB = 0x1, unprogrammed default
  3576                           ;	Data EEPROM Code Protection bit
  3577                           ;	CPD = 0x1, unprogrammed default
  3578   300009                     	org	3145737
  3579   300009  C0                 	db	192
  3580                           
  3581                           ;Config register CONFIG6L @ 0x30000A
  3582                           ;	unspecified, using default values
  3583                           ;	Write Protection bit
  3584                           ;	WRT0 = 0x1, unprogrammed default
  3585                           ;	Write Protection bit
  3586                           ;	WRT1 = 0x1, unprogrammed default
  3587                           ;	Write Protection bit
  3588                           ;	WRT2 = 0x1, unprogrammed default
  3589                           ;	Write Protection bit
  3590                           ;	WRT3 = 0x1, unprogrammed default
  3591   30000A                     	org	3145738
  3592   30000A  0F                 	db	15
  3593                           
  3594                           ;Config register CONFIG6H @ 0x30000B
  3595                           ;	unspecified, using default values
  3596                           ;	Configuration Register Write Protection bit
  3597                           ;	WRTC = 0x1, unprogrammed default
  3598                           ;	Boot Block Write Protection bit
  3599                           ;	WRTB = 0x1, unprogrammed default
  3600                           ;	Data EEPROM Write Protection bit
  3601                           ;	WRTD = 0x1, unprogrammed default
  3602   30000B                     	org	3145739
  3603   30000B  E0                 	db	224
  3604                           
  3605                           ;Config register CONFIG7L @ 0x30000C
  3606                           ;	unspecified, using default values
  3607                           ;	Table Read Protection bit
  3608                           ;	EBTR0 = 0x1, unprogrammed default
  3609                           ;	Table Read Protection bit
  3610                           ;	EBTR1 = 0x1, unprogrammed default
  3611                           ;	Table Read Protection bit
  3612                           ;	EBTR2 = 0x1, unprogrammed default
  3613                           ;	Table Read Protection bit
  3614                           ;	EBTR3 = 0x1, unprogrammed default
  3615   30000C                     	org	3145740
  3616   30000C  0F                 	db	15
  3617                           
  3618                           ;Config register CONFIG7H @ 0x30000D
  3619                           ;	unspecified, using default values
  3620                           ;	Boot Block Table Read Protection bit
  3621                           ;	EBTRB = 0x1, unprogrammed default
  3622   30000D                     	org	3145741
  3623   30000D  40                 	db	64
  3624                           tosu	equ	0xFFF
  3625                           tosh	equ	0xFFE
  3626                           tosl	equ	0xFFD
  3627                           stkptr	equ	0xFFC
  3628                           pclatu	equ	0xFFB
  3629                           pclath	equ	0xFFA
  3630                           pcl	equ	0xFF9
  3631                           tblptru	equ	0xFF8
  3632                           tblptrh	equ	0xFF7
  3633                           tblptrl	equ	0xFF6
  3634                           tablat	equ	0xFF5
  3635                           prodh	equ	0xFF4
  3636                           prodl	equ	0xFF3
  3637                           indf0	equ	0xFEF
  3638                           postinc0	equ	0xFEE
  3639                           postdec0	equ	0xFED
  3640                           preinc0	equ	0xFEC
  3641                           plusw0	equ	0xFEB
  3642                           fsr0h	equ	0xFEA
  3643                           fsr0l	equ	0xFE9
  3644                           wreg	equ	0xFE8
  3645                           indf1	equ	0xFE7
  3646                           postinc1	equ	0xFE6
  3647                           postdec1	equ	0xFE5
  3648                           preinc1	equ	0xFE4
  3649                           plusw1	equ	0xFE3
  3650                           fsr1h	equ	0xFE2
  3651                           fsr1l	equ	0xFE1
  3652                           bsr	equ	0xFE0
  3653                           indf2	equ	0xFDF
  3654                           postinc2	equ	0xFDE
  3655                           postdec2	equ	0xFDD
  3656                           preinc2	equ	0xFDC
  3657                           plusw2	equ	0xFDB
  3658                           fsr2h	equ	0xFDA
  3659                           fsr2l	equ	0xFD9
  3660                           status	equ	0xFD8

Data Sizes:
    Strings     43
    Constant    0
    Data        8
    BSS         9
    Persistent  0
    Stack       0

Auto Spaces:
    Space          Size  Autos    Used
    COMRAM           95     48      65
    BANK0           160      0       0
    BANK1           256      0       0
    BANK2           256      0       0
    BANK3           256      0       0
    BANK4           256      0       0
    BANK5           256      0       0

Pointer List with Targets:

    can_receive@data	PTR unsigned char  size(1) Largest target is 8
		 -> main@data(COMRAM[8]), 

    can_receive@len	PTR unsigned char  size(1) Largest target is 1
		 -> main@length(COMRAM[1]), 

    can_receive@msg_id	PTR unsigned short  size(1) Largest target is 2
		 -> main@msg_id(COMRAM[2]), 

    can_receive@ptr	PTR unsigned char  size(2) Largest target is 1
		 -> RXB0D0(SFR_3[1]), 

    clcd_print@data	PTR const unsigned char  size(2) Largest target is 7
		 -> main@buff(COMRAM[5]), main@buff_87(COMRAM[4]), STR_1(CODE[5]), STR_2(CODE[5]), 
		 -> STR_3(CODE[5]), STR_4(CODE[5]), STR_5(CODE[5]), STR_6(CODE[7]), 
		 -> STR_7(CODE[6]), STR_8(CODE[5]), 

    itoa@str	PTR unsigned char  size(1) Largest target is 5
		 -> main@buff(COMRAM[5]), main@buff_87(COMRAM[4]), 

    str	PTR unsigned char [4] size(2) Largest target is 5
		 -> STR_1(CODE[5]), STR_2(CODE[5]), STR_3(CODE[5]), STR_4(CODE[5]), 


Critical Paths under _main in COMRAM

    _main->_can_receive
    _main->_itoa
    _itoa->___awdiv
    _init_config->_init_clcd
    _init_clcd->_clcd_write
    _clcd_putch->_clcd_write
    _clcd_print->_clcd_write
    _can_receive->_get_msg_id_std

Critical Paths under _main in BANK0

    None.

Critical Paths under _main in BANK1

    None.

Critical Paths under _main in BANK2

    None.

Critical Paths under _main in BANK3

    None.

Critical Paths under _main in BANK4

    None.

Critical Paths under _main in BANK5

    None.

Call Graph Tables:

 ---------------------------------------------------------------------------------
 (Depth) Function   	        Calls       Base Space   Used Autos Params    Refs
 ---------------------------------------------------------------------------------
 (0) _main                                                30    30      0    2857
                                             18 COMRAM    30    30      0
                        _can_receive
                         _clcd_print
                         _clcd_putch
                        _init_config
                               _itoa
 ---------------------------------------------------------------------------------
 (1) _itoa                                                10     7      3    1141
                                              8 COMRAM    10     7      3
                            ___awdiv
                            ___awmod
 ---------------------------------------------------------------------------------
 (2) ___awmod                                              6     2      4     298
                                              0 COMRAM     6     2      4
 ---------------------------------------------------------------------------------
 (2) ___awdiv                                              8     4      4     302
                                              0 COMRAM     8     4      4
 ---------------------------------------------------------------------------------
 (1) _init_config                                          0     0      0      62
                           _init_can
                          _init_clcd
 ---------------------------------------------------------------------------------
 (2) _init_clcd                                            1     1      0      62
                                              2 COMRAM     1     1      0
                         _clcd_write
 ---------------------------------------------------------------------------------
 (2) _init_can                                             0     0      0       0
 ---------------------------------------------------------------------------------
 (1) _clcd_putch                                           2     1      1     114
                                              2 COMRAM     2     1      1
                         _clcd_write
 ---------------------------------------------------------------------------------
 (1) _clcd_print                                           3     0      3     143
                                              2 COMRAM     3     0      3
                         _clcd_write
 ---------------------------------------------------------------------------------
 (3) _clcd_write                                           2     1      1      62
                                              0 COMRAM     2     1      1
 ---------------------------------------------------------------------------------
 (1) _can_receive                                         10     7      3     228
                                              8 COMRAM    10     7      3
                     _get_msg_id_std
 ---------------------------------------------------------------------------------
 (2) _get_msg_id_std                                       8     6      2      24
                                              0 COMRAM     8     6      2
 ---------------------------------------------------------------------------------
 Estimated maximum stack depth 3
 ---------------------------------------------------------------------------------

 Call Graph Graphs:

 _main (ROOT)
   _can_receive
     _get_msg_id_std
   _clcd_print
     _clcd_write
   _clcd_putch
     _clcd_write
   _init_config
     _init_can
     _init_clcd
       _clcd_write
   _itoa
     ___awdiv
     ___awmod

Address spaces:
Name               Size   Autos  Total    Usage
BIGRAM            1535      0       0      0.0%
BITBIGSFRlh        410      0       0      0.0%
BITBANK5           256      0       0      0.0%
BANK5              256      0       0      0.0%
BITBANK4           256      0       0      0.0%
BANK4              256      0       0      0.0%
BITBANK3           256      0       0      0.0%
BANK3              256      0       0      0.0%
BITBANK2           256      0       0      0.0%
BANK2              256      0       0      0.0%
BITBANK1           256      0       0      0.0%
BANK1              256      0       0      0.0%
BITBIGSFRll        212      0       0      0.0%
BITBANK0           160      0       0      0.0%
BANK0              160      0       0      0.0%
BITBIGSFRh         144      0       0      0.0%
BITCOMRAM           95      0       0      0.0%
COMRAM              95     48      65     68.4%
STACK                0      0       0      0.0%
DATA                 0      0      65      0.0%


Microchip Technology PIC18 Macro Assembler V3.00 build 20241204225717 
Symbol Table                                                                                   Mon Nov 24 12:25:45 2025

         clcd_print@addr 0005           clcd_print@data 0003                       l20 2C4E  
                     l60 2FC6                       l29 2734                       l45 2EEA  
                     l56 2F10                       l90 27F2                       l58 2F0E  
                     l91 27F6                       l94 29D6                       u40 2814  
                     u41 2810             ___awdiv@sign 0006          ?_get_msg_id_std 0001  
                    l100 289E                      l103 274C                      l160 27BC  
                    l410 2B46                      l156 2814                      l157 2832  
                    l175 2924                      l423 2A84                      l176 2930  
                    l910 27FC                      l920 2826                      l912 2800  
                    l922 282A                      l914 2802                      l924 282C  
                    l916 2816                      l908 27F8                      l926 282E  
                    l918 2822                      l928 2830                      _RC0 7C10  
                    _RC1 7C11                      _RC2 7C12                      _RD7 7C1F  
                    u520 27D0                      u600 2B36                      u521 27CA  
                    u601 2B32                      u610 29E8                      u611 29E4  
                    u540 27F2                      u700 2866                      u620 2A02  
                    u541 27EE                      u621 29FE                      u710 288E  
                    u550 2A96                      u630 2A1C                      u535 27D2  
                    u551 2A92                      u631 2A18                      u720 289E  
                    u560 2AB0                      u640 2A3A                      u800 2D62  
                    u721 289A                      u561 2AAC                      u641 2A36  
                    u801 2D5E                      u730 28AE                      u570 2AD6  
                    u650 2A50                      u810 2D7C                      u731 28AA  
                    u707 285C                      u571 2AD2                      u651 2A4C  
                    u811 2D78                      u740 2924                      u580 2AF4  
                    u660 2A74                      u900 2ED0                      u820 2D98  
                    u741 2920                      u717 2884                      u581 2AF0  
                    u661 2A70                      u901 2ECC                      u821 2D94  
                    u590 2B10                      u670 2B62                      u910 2EFC  
                    u830 2DC8                      u750 2CC2                      u591 2B0C  
                    u671 2B5E                      u911 2EF8                      u831 2DC4  
                    u751 2CBE                      u680 2BD2                      u920 2F0E  
                    u840 2E00                      u681 2BCE                      u921 2F0A  
                    u841 2DFC                      u761 2CD4                      u690 2C4E  
                    u930 2F2C                      u850 2E42                      u770 2D06  
                    u691 2C4A                      u931 2F28                      u851 2E3E  
                    u771 2D02                      u940 2F3C                      u860 2E5E  
                    u780 2D22                      u941 2F38                      u861 2E5A  
                    u781 2D1E                      u950 2F58                      u870 2E74  
                    u790 2D46                      u951 2F54                      u871 2E70  
                    u791 2D42                      u960 2F68                      u880 2E90  
                    u961 2F64                      u881 2E8C                      u970 2F84  
                    u890 2EBE                      u971 2F80                      u891 2EBA  
                    u980 2F96                      u981 2F92                      u990 2FBA  
                    u991 2FB6           clcd_putch@addr 0003                      _str 003A  
         clcd_putch@data 0004             ___awmod@sign 0006        can_receive@msg_id 0009  
                    wreg 0FE8              main@buff_87 001E                     l1220 27D8  
                   l1300 2AE6                     l1230 27E2                     l1222 27DA  
                   l1214 27C0                     l1310 2B1A                     l1302 2AF4  
                   l1232 27E4                     l1224 27DC                     l1216 27D2  
                   l1400 2834                     l1240 293C                     l1312 2B20  
                   l1304 2AFA                     l1410 28AE                     l1226 27DE  
                   l1218 27D6                     l1402 2842                     l1250 2978  
                   l1242 294C                     l1234 2932                     l1306 2B10  
                   l1314 2B26                     l1330 29F4                     l1322 29D8  
                   l1420 28F6                     l1412 28C0                     l1228 27E0  
                   l1404 286A                     l1260 29A4                     l1252 2982  
                   l1244 2956                     l1236 2934                     l1316 2B36  
                   l1308 2B18                     l1340 2A2C                     l1332 2A02  
                   l1324 29DA                     l1500 2EAA                     l1270 2784  
                   l1422 28FA                     l1414 28CA                     l1406 286E  
                   l1262 29AC                     l1254 2988                     l1246 2966  
                   l1238 293A                     l1318 2B3E                     l1342 2A3A  
                   l1350 2A64                     l1334 2A0A                     l1326 29E8  
                   l1502 2EBE                     l1510 2EEA                     l1430 2C54  
                   l1272 2784                     l1416 28D2                     l1424 2928  
                   l1408 28A0                     l1264 29B6                     l1256 2992  
                   l1248 2970                     l1280 2A88                     l1352 2A74  
                   l1344 2A50                     l1336 2A1C                     l1328 29F0  
                   l1360 2B50                     l1520 2F44                     l1512 2EFC  
                   l1504 2ED0                     l1440 2C90                     l1432 2C58  
                   l1274 27B4                     l1418 28DE                     l1426 2738  
                   l1266 29C4                     l1258 299A                     l1290 2AB8  
                   l1282 2A96                     l1354 2A7C                     l1346 2A58  
                   l1338 2A24                     l1370 2B7E                     l1362 2B62  
                   l1530 2F96                     l1522 2F58                     l1514 2F14  
                   l1506 2ED8                     l1450 2CDA                     l1442 2CA0  
                   l1434 2C60                     l1268 29CE                     l1292 2ABC  
                   l1284 2A9E                     l1348 2A5E                     l1380 2BDC  
                   l1372 2BA0                     l1364 2B6C                     l1532 2F9E  
                   l1524 2F68                     l1516 2F2C                     l1508 2EDC  
                   l1460 2D46                     l1452 2CEA                     l1444 2CB0  
                   l1436 2C70                     l1428 2C50                     l1294 2AC4  
                   l1286 2AA2                     l1278 2A86                     l1390 2C26  
                   l1382 2BE8                     l1374 2BA4                     l1366 2B70  
                   l1358 2B48                     l1534 2FBA                     l1526 2F70  
                   l1518 2F3C                     l1462 2D62                     l1470 2DA4  
                   l1454 2D06                     l1446 2CC2                     l1438 2C80  
                   l1296 2AD6                     l1288 2AB0                     l1392 2C2A  
                   l1384 2BF4                     l1376 2BC0                     l1528 2F84  
                   l1480 2E00                     l1464 2D6E                     l1456 2D22  
                   l1448 2CCE                     l1472 2DB6                     l1298 2ADE  
                   l1386 2C06                     l1394 2C30                     l1378 2BD2  
                   l1490 2E5E                     l1482 2E06                     l1474 2DC8  
                   l1466 2D7C                     l1458 2D2A                     l1396 2728  
                   l1388 2C1A                     l1492 2E66                     l1484 2E16  
                   l1476 2DCC                     l1468 2D98                     l1398 272C  
                   l1494 2E74                     l1486 2E26                     l1478 2DEC  
                   l1496 2E90                     l1488 2E42                     l1498 2E98  
                   STR_1 2FE1                     STR_2 2FE6                     STR_3 2FF5  
                   STR_4 2FDC                     STR_5 2FF0                     STR_6 2FCF  
                   STR_7 2FD6                     STR_8 2FEB                     u1007 2942  
                   u1017 295C                     u1027 2972                     u1037 2994  
                   u1047 29A6                     u1057 29BC                     u1067 29D0  
                   _main 2C50                     _itoa 2B48                     fsr1h 0FE2  
                   fsr2h 0FDA                     indf1 0FE7                     indf2 0FDF  
                   fsr1l 0FE1                     fsr2l 0FD9                     prodl 0FF3  
                   start 2FFC             ___param_bank 0000           clcd_write@byte 0002  
                  ?_main 0001                    ?_itoa 0009          __end_of___awdiv 2B48  
        __end_of___awmod 2A86          ___awdiv@divisor 0003             ?_init_config 0001  
        ___awdiv@counter 0005                    _PORTB 0F81                    _PORTD 0F83  
                  _TRISB 0F93                    _TRISC 0F94                    _TRISD 0F95  
           main@prev_ind 001D                    itoa@i 0011                    tablat 0FF5  
                  status 0FD8          __initialization 274E             __end_of_main 2FCE  
           __end_of_itoa 2C50                   ??_main 0013                   ??_itoa 000C  
          __activetblptr 0002                   _CANCON 0F6F         ___awdiv@dividend 0001  
                 _RXB0D0 0F66                   _RXB0IF 7D20                   _TXB0D0 0F46  
                 _TRISB2 7C9A                   _TRISB3 7C9B                   _TRISD7 7CAF  
              ??___awdiv 0005                ??___awmod 0005         __end_of_init_can 2834  
                 clear_0 2774         ___awdiv@quotient 0007          ___awmod@divisor 0003  
                 isa$std 0001          ___awmod@counter 0005             __pdataCOMRAM 003A  
           __mediumconst 2FCE                   tblptrh 0FF7                   tblptrl 0FF6  
                 tblptru 0FF8               __accesstop 0060  __end_of__initialization 277A  
         can_receive@len 000B           can_receive@ptr 000F            ___rparam_used 0001  
       ??_get_msg_id_std 0003           __pcstackCOMRAM 0001         get_msg_id_std@id 0007  
             _clcd_print 2834               _clcd_putch 2736               _clcd_write 27BE  
                _ECANCON 0F77                  _CANSTAT 0F6E                  _BRGCON1 0F70  
                _BRGCON2 0F71                  _BRGCON3 0F72                  _RXB0DLC 0F65  
                _RXB0CON 0F60                  _RXB0FUL 7B07                  _TXB0DLC 0F45  
                _TXB0REQ 7A03                  _RXFCON0 0DD4                ?_init_can 0001  
                __Hparam 0000                  __Lparam 0000            ??_can_receive 000C  
                ___awdiv 2A86                  ___awmod 29D8                  __pcinit 274E  
                __ramtop 0600                  __ptext0 2C50                  __ptext1 2B48  
                __ptext2 29D8                  __ptext3 2A86                  __ptext4 2728  
                __ptext5 2932                  __ptext6 27F8                  __ptext7 2736  
                __ptext8 2834                  __ptext9 27BE        __end_of_init_clcd 29D8  
       ___awmod@dividend 0001                  main@rpm 002E     end_of_initialization 277A  
             ??_init_can 0001            __Lmediumconst 2FCE                  itoa@str 000B  
            ?_clcd_print 0003              ?_clcd_putch 0003              ?_clcd_write 0001  
                postdec1 0FE5                  postdec2 0FDD                  postinc0 0FEE  
                postinc2 0FDE               main@F10515 0031               main@F10518 0036  
    __end_of_can_receive 2932          can_receive@data 000A               main@length 0022  
             main@button 0030               main@msg_id 002C            __pidataCOMRAM 2720  
    start_initialization 274E             can_receive@i 0011              _can_receive 28A0  
          ??_init_config 0004              __pbssCOMRAM 0031            __pmediumconst 2FCE  
               ?___awdiv 0001                 ?___awmod 0001              __smallconst 2FCE  
              _init_clcd 2932      __end_of_init_config 2736             ??_clcd_print 0006  
           ??_clcd_putch 0004             ??_clcd_write 0002                 _RXB0SIDH 0F61  
               _RXB0SIDL 0F62                 _TXB0EIDH 0F43                 _TXB0EIDL 0F44  
               _TXB0SIDH 0F41                 _TXB0SIDL 0F42    clcd_write@control_bit 0001  
              main@delay 0028                main@speed 002A       __end_of_clcd_print 28A0  
     __end_of_clcd_putch 274E       __end_of_clcd_write 27F8               ?_init_clcd 0001  
              copy_data0 2762                 __Hrparam 0000                 __Lrparam 0000  
              itoa@index 000F                itoa@value 0009              _init_config 2728  
               __ptext10 28A0                 __ptext11 2784                 _init_can 27F8  
               isa$xinst 0000             ?_can_receive 0009                 main@data 0015  
               main@buff 0023           _get_msg_id_std 2784              _RXB0CONbits 0F60  
               itoa@temp 000D              ??_init_clcd 0003   __end_of_get_msg_id_std 27BE  
