

Microchip MPLAB XC8 Assembler V3.00 build 20241204225717 
                                                                                               Mon Nov 24 12:15:15 2025

Microchip MPLAB XC8 C Compiler v3.00 (Free license) build 20241204225717 Og1 
     1                           	processor	18F4580
     2                           	fnconf	rparam,??,?,0
     3                           	pagewidth 120
     4                           	opt	flic
     5                           	psect	idataCOMRAM,global,class=CODE,space=0,delta=1,noexec
     6                           	psect	cinit,global,reloc=2,class=CODE,space=0,delta=1
     7                           	psect	bssCOMRAM,global,class=COMRAM,space=1,delta=1,lowdata,noexec
     8                           	psect	dataCOMRAM,global,class=COMRAM,space=1,delta=1,lowdata,noexec
     9                           	psect	cstackCOMRAM,global,class=COMRAM,space=1,delta=1,lowdata,noexec
    10                           	psect	text0,global,reloc=2,class=CODE,space=0,delta=1
    11                           	psect	text1,global,reloc=2,class=CODE,space=0,delta=1
    12                           	psect	text2,global,reloc=2,class=CODE,space=0,delta=1
    13                           	psect	text3,global,reloc=2,class=CODE,space=0,delta=1
    14                           	psect	text4,global,reloc=2,class=CODE,space=0,delta=1,group=1
    15                           	psect	text5,global,reloc=2,class=CODE,space=0,delta=1,group=1
    16                           	psect	text6,global,reloc=2,class=CODE,space=0,delta=1,group=1
    17                           	psect	text7,global,reloc=2,class=CODE,space=0,delta=1
    18                           	psect	text8,global,reloc=2,class=CODE,space=0,delta=1
    19                           	psect	text9,global,reloc=2,class=CODE,space=0,delta=1
    20                           	psect	text10,global,reloc=2,class=CODE,space=0,delta=1
    21                           	psect	text11,global,reloc=2,class=CODE,space=0,delta=1
    22                           	psect	text12,global,reloc=2,class=CODE,space=0,delta=1
    23                           	psect	smallconst,global,reloc=2,class=SMALLCONST,space=0,delta=1,noexec
    24                           	psect	intsave_regs,global,class=BIGRAM,space=1,delta=1,noexec
    25                           	psect	rparam,global,class=COMRAM,space=1,delta=1,noexec
    26                           	psect	idloc,global,abs,ovrld,class=IDLOC,space=5,delta=1,noexec
    27                           	psect	config,global,abs,ovrld,class=CONFIG,space=4,delta=1,noexec
    28   000000                     
    29                           ; Version 2.20
    30                           ; Generated 12/02/2020 GMT
    31                           ; 
    32                           ; Copyright © 2020, Microchip Technology Inc. and its subsidiaries ("Microchip")
    33                           ; All rights reserved.
    34                           ; 
    35                           ; This software is developed by Microchip Technology Inc. and its subsidiaries ("Microch
      +                          ip").
    36                           ; 
    37                           ; Redistribution and use in source and binary forms, with or without modification, are
    38                           ; permitted provided that the following conditions are met:
    39                           ; 
    40                           ;     1. Redistributions of source code must retain the above copyright notice, this lis
      +                          t of
    41                           ;        conditions and the following disclaimer.
    42                           ; 
    43                           ;     2. Redistributions in binary form must reproduce the above copyright notice, this 
      +                          list
    44                           ;        of conditions and the following disclaimer in the documentation and/or other
    45                           ;        materials provided with the distribution.
    46                           ; 
    47                           ;     3. Microchip's name may not be used to endorse or promote products derived from th
      +                          is
    48                           ;        software without specific prior written permission.
    49                           ; 
    50                           ; THIS SOFTWARE IS PROVIDED BY MICROCHIP "AS IS" AND ANY EXPRESS OR IMPLIED WARRANTIES,
    51                           ; INCLUDING, BUT NOT LIMITED TO, THE IMPLIED WARRANTIES OF MERCHANTABILITY AND FITNESS F
      +                          OR
    52                           ; PURPOSE ARE DISCLAIMED.  IN NO EVENT SHALL MICROCHIP BE LIABLE FOR ANY DIRECT, INDIREC
      +                          T,
    53                           ; INCIDENTAL, SPECIAL, EXEMPLARY, OR CONSEQUENTIAL DAMAGES (INCLUDING BUT NOT LIMITED TO
    54                           ; PROCUREMENT OF SUBSTITUTE GOODS OR SERVICES; LOSS OF USE, DATA OR PROFITS; OR BUSINESS
    55                           ; INTERRUPTION) HOWSOEVER CAUSED AND ON ANY THEORY OF LIABILITY, WHETHER IN CONTRACT, ST
      +                          RICT
    56                           ; LIABILITY, OR TORT (INCLUDING NEGLIGENCE OR OTHERWISE) ARISING IN ANY WAY OUT OF THE U
      +                          SE OF
    57                           ; THIS SOFTWARE, EVEN IF ADVISED OF THE POSSIBILITY OF SUCH DAMAGE.
    58                           ; 
    59                           ; 
    60                           ; Code-generator required, PIC18F4580 Definitions
    61                           ; 
    62                           ; SFR Addresses
    63   000FE0                     bsr             equ	4064
    64   000FE9                     fsr0            equ	4073
    65   000FEA                     fsr0h           equ	4074
    66   000FE9                     fsr0l           equ	4073
    67   000FE1                     fsr1            equ	4065
    68   000FE2                     fsr1h           equ	4066
    69   000FE1                     fsr1l           equ	4065
    70   000FD9                     fsr2            equ	4057
    71   000FDA                     fsr2h           equ	4058
    72   000FD9                     fsr2l           equ	4057
    73   000FEF                     indf0           equ	4079
    74   000FE7                     indf1           equ	4071
    75   000FDF                     indf2           equ	4063
    76   000FF2                     intcon          equ	4082
    77   000000                     nvmcon          equ	0
    78   000FF9                     pcl             equ	4089
    79   000FFA                     pclath          equ	4090
    80   000FFB                     pclatu          equ	4091
    81   000FEB                     plusw0          equ	4075
    82   000FE3                     plusw1          equ	4067
    83   000FDB                     plusw2          equ	4059
    84   000FED                     postdec0        equ	4077
    85   000FE5                     postdec1        equ	4069
    86   000FDD                     postdec2        equ	4061
    87   000FEE                     postinc0        equ	4078
    88   000FE6                     postinc1        equ	4070
    89   000FDE                     postinc2        equ	4062
    90   000FEC                     preinc0         equ	4076
    91   000FE4                     preinc1         equ	4068
    92   000FDC                     preinc2         equ	4060
    93   000FF3                     prod            equ	4083
    94   000FF4                     prodh           equ	4084
    95   000FF3                     prodl           equ	4083
    96   000FD8                     status          equ	4056
    97   000FF5                     tablat          equ	4085
    98   000FF6                     tblptr          equ	4086
    99   000FF7                     tblptrh         equ	4087
   100   000FF6                     tblptrl         equ	4086
   101   000FF8                     tblptru         equ	4088
   102   000FFD                     tosl            equ	4093
   103   000FE8                     wreg            equ	4072
   104   000D60                     RXF6SIDH        equ	3424	;# 
   105   000D61                     RXF6SIDL        equ	3425	;# 
   106   000D62                     RXF6EIDH        equ	3426	;# 
   107   000D63                     RXF6EIDL        equ	3427	;# 
   108   000D64                     RXF7SIDH        equ	3428	;# 
   109   000D65                     RXF7SIDL        equ	3429	;# 
   110   000D66                     RXF7EIDH        equ	3430	;# 
   111   000D67                     RXF7EIDL        equ	3431	;# 
   112   000D68                     RXF8SIDH        equ	3432	;# 
   113   000D69                     RXF8SIDL        equ	3433	;# 
   114   000D6A                     RXF8EIDH        equ	3434	;# 
   115   000D6B                     RXF8EIDL        equ	3435	;# 
   116   000D70                     RXF9SIDH        equ	3440	;# 
   117   000D71                     RXF9SIDL        equ	3441	;# 
   118   000D72                     RXF9EIDH        equ	3442	;# 
   119   000D73                     RXF9EIDL        equ	3443	;# 
   120   000D74                     RXF10SIDH       equ	3444	;# 
   121   000D75                     RXF10SIDL       equ	3445	;# 
   122   000D76                     RXF10EIDH       equ	3446	;# 
   123   000D77                     RXF10EIDL       equ	3447	;# 
   124   000D78                     RXF11SIDH       equ	3448	;# 
   125   000D79                     RXF11SIDL       equ	3449	;# 
   126   000D7A                     RXF11EIDH       equ	3450	;# 
   127   000D7B                     RXF11EIDL       equ	3451	;# 
   128   000D80                     RXF12SIDH       equ	3456	;# 
   129   000D81                     RXF12SIDL       equ	3457	;# 
   130   000D82                     RXF12EIDH       equ	3458	;# 
   131   000D83                     RXF12EIDL       equ	3459	;# 
   132   000D84                     RXF13SIDH       equ	3460	;# 
   133   000D85                     RXF13SIDL       equ	3461	;# 
   134   000D86                     RXF13EIDH       equ	3462	;# 
   135   000D87                     RXF13EIDL       equ	3463	;# 
   136   000D88                     RXF14SIDH       equ	3464	;# 
   137   000D89                     RXF14SIDL       equ	3465	;# 
   138   000D8A                     RXF14EIDH       equ	3466	;# 
   139   000D8B                     RXF14EIDL       equ	3467	;# 
   140   000D90                     RXF15SIDH       equ	3472	;# 
   141   000D91                     RXF15SIDL       equ	3473	;# 
   142   000D92                     RXF15EIDH       equ	3474	;# 
   143   000D93                     RXF15EIDL       equ	3475	;# 
   144   000DD4                     RXFCON0         equ	3540	;# 
   145   000DD5                     RXFCON1         equ	3541	;# 
   146   000DD8                     SDFLC           equ	3544	;# 
   147   000DE0                     RXFBCON0        equ	3552	;# 
   148   000DE1                     RXFBCON1        equ	3553	;# 
   149   000DE2                     RXFBCON2        equ	3554	;# 
   150   000DE3                     RXFBCON3        equ	3555	;# 
   151   000DE4                     RXFBCON4        equ	3556	;# 
   152   000DE5                     RXFBCON5        equ	3557	;# 
   153   000DE6                     RXFBCON6        equ	3558	;# 
   154   000DE7                     RXFBCON7        equ	3559	;# 
   155   000DF0                     MSEL0           equ	3568	;# 
   156   000DF1                     MSEL1           equ	3569	;# 
   157   000DF2                     MSEL2           equ	3570	;# 
   158   000DF3                     MSEL3           equ	3571	;# 
   159   000DF8                     BSEL0           equ	3576	;# 
   160   000DFA                     BIE0            equ	3578	;# 
   161   000DFC                     TXBIE           equ	3580	;# 
   162   000E20                     B0CON           equ	3616	;# 
   163   000E21                     B0SIDH          equ	3617	;# 
   164   000E22                     B0SIDL          equ	3618	;# 
   165   000E23                     B0EIDH          equ	3619	;# 
   166   000E24                     B0EIDL          equ	3620	;# 
   167   000E25                     B0DLC           equ	3621	;# 
   168   000E26                     B0D0            equ	3622	;# 
   169   000E27                     B0D1            equ	3623	;# 
   170   000E28                     B0D2            equ	3624	;# 
   171   000E29                     B0D3            equ	3625	;# 
   172   000E2A                     B0D4            equ	3626	;# 
   173   000E2B                     B0D5            equ	3627	;# 
   174   000E2C                     B0D6            equ	3628	;# 
   175   000E2D                     B0D7            equ	3629	;# 
   176   000E2E                     CANSTAT_RO9     equ	3630	;# 
   177   000E2F                     CANCON_RO9      equ	3631	;# 
   178   000E30                     B1CON           equ	3632	;# 
   179   000E31                     B1SIDH          equ	3633	;# 
   180   000E32                     B1SIDL          equ	3634	;# 
   181   000E33                     B1EIDH          equ	3635	;# 
   182   000E34                     B1EIDL          equ	3636	;# 
   183   000E35                     B1DLC           equ	3637	;# 
   184   000E36                     B1D0            equ	3638	;# 
   185   000E37                     B1D1            equ	3639	;# 
   186   000E38                     B1D2            equ	3640	;# 
   187   000E39                     B1D3            equ	3641	;# 
   188   000E3A                     B1D4            equ	3642	;# 
   189   000E3B                     B1D5            equ	3643	;# 
   190   000E3C                     B1D6            equ	3644	;# 
   191   000E3D                     B1D7            equ	3645	;# 
   192   000E3E                     CANSTAT_RO8     equ	3646	;# 
   193   000E3F                     CANCON_RO8      equ	3647	;# 
   194   000E40                     B2CON           equ	3648	;# 
   195   000E41                     B2SIDH          equ	3649	;# 
   196   000E42                     B2SIDL          equ	3650	;# 
   197   000E43                     B2EIDH          equ	3651	;# 
   198   000E44                     B2EIDL          equ	3652	;# 
   199   000E45                     B2DLC           equ	3653	;# 
   200   000E46                     B2D0            equ	3654	;# 
   201   000E47                     B2D1            equ	3655	;# 
   202   000E48                     B2D2            equ	3656	;# 
   203   000E49                     B2D3            equ	3657	;# 
   204   000E4A                     B2D4            equ	3658	;# 
   205   000E4B                     B2D5            equ	3659	;# 
   206   000E4C                     B2D6            equ	3660	;# 
   207   000E4D                     B2D7            equ	3661	;# 
   208   000E4E                     CANSTAT_RO7     equ	3662	;# 
   209   000E4F                     CANCON_RO7      equ	3663	;# 
   210   000E50                     B3CON           equ	3664	;# 
   211   000E51                     B3SIDH          equ	3665	;# 
   212   000E52                     B3SIDL          equ	3666	;# 
   213   000E53                     B3EIDH          equ	3667	;# 
   214   000E54                     B3EIDL          equ	3668	;# 
   215   000E55                     B3DLC           equ	3669	;# 
   216   000E56                     B3D0            equ	3670	;# 
   217   000E57                     B3D1            equ	3671	;# 
   218   000E58                     B3D2            equ	3672	;# 
   219   000E59                     B3D3            equ	3673	;# 
   220   000E5A                     B3D4            equ	3674	;# 
   221   000E5B                     B3D5            equ	3675	;# 
   222   000E5C                     B3D6            equ	3676	;# 
   223   000E5D                     B3D7            equ	3677	;# 
   224   000E5E                     CANSTAT_RO6     equ	3678	;# 
   225   000E5F                     CANCON_RO6      equ	3679	;# 
   226   000E60                     B4CON           equ	3680	;# 
   227   000E61                     B4SIDH          equ	3681	;# 
   228   000E62                     B4SIDL          equ	3682	;# 
   229   000E63                     B4EIDH          equ	3683	;# 
   230   000E64                     B4EIDL          equ	3684	;# 
   231   000E65                     B4DLC           equ	3685	;# 
   232   000E66                     B4D0            equ	3686	;# 
   233   000E67                     B4D1            equ	3687	;# 
   234   000E68                     B4D2            equ	3688	;# 
   235   000E69                     B4D3            equ	3689	;# 
   236   000E6A                     B4D4            equ	3690	;# 
   237   000E6B                     B4D5            equ	3691	;# 
   238   000E6C                     B4D6            equ	3692	;# 
   239   000E6D                     B4D7            equ	3693	;# 
   240   000E6E                     CANSTAT_RO5     equ	3694	;# 
   241   000E6F                     CANCON_RO5      equ	3695	;# 
   242   000E70                     B5CON           equ	3696	;# 
   243   000E71                     B5SIDH          equ	3697	;# 
   244   000E72                     B5SIDL          equ	3698	;# 
   245   000E73                     B5EIDH          equ	3699	;# 
   246   000E74                     B5EIDL          equ	3700	;# 
   247   000E75                     B5DLC           equ	3701	;# 
   248   000E76                     B5D0            equ	3702	;# 
   249   000E77                     B5D1            equ	3703	;# 
   250   000E78                     B5D2            equ	3704	;# 
   251   000E79                     B5D3            equ	3705	;# 
   252   000E7A                     B5D4            equ	3706	;# 
   253   000E7B                     B5D5            equ	3707	;# 
   254   000E7C                     B5D6            equ	3708	;# 
   255   000E7D                     B5D7            equ	3709	;# 
   256   000E7E                     CANSTAT_RO4     equ	3710	;# 
   257   000E7F                     CANCON_RO4      equ	3711	;# 
   258   000F00                     RXF0SIDH        equ	3840	;# 
   259   000F01                     RXF0SIDL        equ	3841	;# 
   260   000F02                     RXF0EIDH        equ	3842	;# 
   261   000F03                     RXF0EIDL        equ	3843	;# 
   262   000F04                     RXF1SIDH        equ	3844	;# 
   263   000F05                     RXF1SIDL        equ	3845	;# 
   264   000F06                     RXF1EIDH        equ	3846	;# 
   265   000F07                     RXF1EIDL        equ	3847	;# 
   266   000F08                     RXF2SIDH        equ	3848	;# 
   267   000F09                     RXF2SIDL        equ	3849	;# 
   268   000F0A                     RXF2EIDH        equ	3850	;# 
   269   000F0B                     RXF2EIDL        equ	3851	;# 
   270   000F0C                     RXF3SIDH        equ	3852	;# 
   271   000F0D                     RXF3SIDL        equ	3853	;# 
   272   000F0E                     RXF3EIDH        equ	3854	;# 
   273   000F0F                     RXF3EIDL        equ	3855	;# 
   274   000F10                     RXF4SIDH        equ	3856	;# 
   275   000F11                     RXF4SIDL        equ	3857	;# 
   276   000F12                     RXF4EIDH        equ	3858	;# 
   277   000F13                     RXF4EIDL        equ	3859	;# 
   278   000F14                     RXF5SIDH        equ	3860	;# 
   279   000F15                     RXF5SIDL        equ	3861	;# 
   280   000F16                     RXF5EIDH        equ	3862	;# 
   281   000F17                     RXF5EIDL        equ	3863	;# 
   282   000F18                     RXM0SIDH        equ	3864	;# 
   283   000F19                     RXM0SIDL        equ	3865	;# 
   284   000F1A                     RXM0EIDH        equ	3866	;# 
   285   000F1B                     RXM0EIDL        equ	3867	;# 
   286   000F1C                     RXM1SIDH        equ	3868	;# 
   287   000F1D                     RXM1SIDL        equ	3869	;# 
   288   000F1E                     RXM1EIDH        equ	3870	;# 
   289   000F1F                     RXM1EIDL        equ	3871	;# 
   290   000F20                     TXB2CON         equ	3872	;# 
   291   000F21                     TXB2SIDH        equ	3873	;# 
   292   000F22                     TXB2SIDL        equ	3874	;# 
   293   000F23                     TXB2EIDH        equ	3875	;# 
   294   000F24                     TXB2EIDL        equ	3876	;# 
   295   000F25                     TXB2DLC         equ	3877	;# 
   296   000F26                     TXB2D0          equ	3878	;# 
   297   000F27                     TXB2D1          equ	3879	;# 
   298   000F28                     TXB2D2          equ	3880	;# 
   299   000F29                     TXB2D3          equ	3881	;# 
   300   000F2A                     TXB2D4          equ	3882	;# 
   301   000F2B                     TXB2D5          equ	3883	;# 
   302   000F2C                     TXB2D6          equ	3884	;# 
   303   000F2D                     TXB2D7          equ	3885	;# 
   304   000F2E                     CANSTAT_RO3     equ	3886	;# 
   305   000F2F                     CANCON_RO3      equ	3887	;# 
   306   000F30                     TXB1CON         equ	3888	;# 
   307   000F31                     TXB1SIDH        equ	3889	;# 
   308   000F32                     TXB1SIDL        equ	3890	;# 
   309   000F33                     TXB1EIDH        equ	3891	;# 
   310   000F34                     TXB1EIDL        equ	3892	;# 
   311   000F35                     TXB1DLC         equ	3893	;# 
   312   000F36                     TXB1D0          equ	3894	;# 
   313   000F37                     TXB1D1          equ	3895	;# 
   314   000F38                     TXB1D2          equ	3896	;# 
   315   000F39                     TXB1D3          equ	3897	;# 
   316   000F3A                     TXB1D4          equ	3898	;# 
   317   000F3B                     TXB1D5          equ	3899	;# 
   318   000F3C                     TXB1D6          equ	3900	;# 
   319   000F3D                     TXB1D7          equ	3901	;# 
   320   000F3E                     CANSTAT_RO2     equ	3902	;# 
   321   000F3F                     CANCON_RO2      equ	3903	;# 
   322   000F40                     TXB0CON         equ	3904	;# 
   323   000F41                     TXB0SIDH        equ	3905	;# 
   324   000F42                     TXB0SIDL        equ	3906	;# 
   325   000F43                     TXB0EIDH        equ	3907	;# 
   326   000F44                     TXB0EIDL        equ	3908	;# 
   327   000F45                     TXB0DLC         equ	3909	;# 
   328   000F46                     TXB0D0          equ	3910	;# 
   329   000F47                     TXB0D1          equ	3911	;# 
   330   000F48                     TXB0D2          equ	3912	;# 
   331   000F49                     TXB0D3          equ	3913	;# 
   332   000F4A                     TXB0D4          equ	3914	;# 
   333   000F4B                     TXB0D5          equ	3915	;# 
   334   000F4C                     TXB0D6          equ	3916	;# 
   335   000F4D                     TXB0D7          equ	3917	;# 
   336   000F4E                     CANSTAT_RO1     equ	3918	;# 
   337   000F4F                     CANCON_RO1      equ	3919	;# 
   338   000F50                     RXB1CON         equ	3920	;# 
   339   000F51                     RXB1SIDH        equ	3921	;# 
   340   000F52                     RXB1SIDL        equ	3922	;# 
   341   000F53                     RXB1EIDH        equ	3923	;# 
   342   000F54                     RXB1EIDL        equ	3924	;# 
   343   000F55                     RXB1DLC         equ	3925	;# 
   344   000F56                     RXB1D0          equ	3926	;# 
   345   000F57                     RXB1D1          equ	3927	;# 
   346   000F58                     RXB1D2          equ	3928	;# 
   347   000F59                     RXB1D3          equ	3929	;# 
   348   000F5A                     RXB1D4          equ	3930	;# 
   349   000F5B                     RXB1D5          equ	3931	;# 
   350   000F5C                     RXB1D6          equ	3932	;# 
   351   000F5D                     RXB1D7          equ	3933	;# 
   352   000F5E                     CANSTAT_RO0     equ	3934	;# 
   353   000F5F                     CANCON_RO0      equ	3935	;# 
   354   000F60                     RXB0CON         equ	3936	;# 
   355   000F61                     RXB0SIDH        equ	3937	;# 
   356   000F62                     RXB0SIDL        equ	3938	;# 
   357   000F63                     RXB0EIDH        equ	3939	;# 
   358   000F64                     RXB0EIDL        equ	3940	;# 
   359   000F65                     RXB0DLC         equ	3941	;# 
   360   000F66                     RXB0D0          equ	3942	;# 
   361   000F67                     RXB0D1          equ	3943	;# 
   362   000F68                     RXB0D2          equ	3944	;# 
   363   000F69                     RXB0D3          equ	3945	;# 
   364   000F6A                     RXB0D4          equ	3946	;# 
   365   000F6B                     RXB0D5          equ	3947	;# 
   366   000F6C                     RXB0D6          equ	3948	;# 
   367   000F6D                     RXB0D7          equ	3949	;# 
   368   000F6E                     CANSTAT         equ	3950	;# 
   369   000F6F                     CANCON          equ	3951	;# 
   370   000F70                     BRGCON1         equ	3952	;# 
   371   000F71                     BRGCON2         equ	3953	;# 
   372   000F72                     BRGCON3         equ	3954	;# 
   373   000F73                     CIOCON          equ	3955	;# 
   374   000F74                     COMSTAT         equ	3956	;# 
   375   000F75                     RXERRCNT        equ	3957	;# 
   376   000F76                     TXERRCNT        equ	3958	;# 
   377   000F77                     ECANCON         equ	3959	;# 
   378   000F80                     PORTA           equ	3968	;# 
   379   000F81                     PORTB           equ	3969	;# 
   380   000F82                     PORTC           equ	3970	;# 
   381   000F83                     PORTD           equ	3971	;# 
   382   000F84                     PORTE           equ	3972	;# 
   383   000F89                     LATA            equ	3977	;# 
   384   000F8A                     LATB            equ	3978	;# 
   385   000F8B                     LATC            equ	3979	;# 
   386   000F8C                     LATD            equ	3980	;# 
   387   000F8D                     LATE            equ	3981	;# 
   388   000F92                     TRISA           equ	3986	;# 
   389   000F92                     DDRA            equ	3986	;# 
   390   000F93                     TRISB           equ	3987	;# 
   391   000F93                     DDRB            equ	3987	;# 
   392   000F94                     TRISC           equ	3988	;# 
   393   000F94                     DDRC            equ	3988	;# 
   394   000F95                     TRISD           equ	3989	;# 
   395   000F95                     DDRD            equ	3989	;# 
   396   000F96                     TRISE           equ	3990	;# 
   397   000F96                     DDRE            equ	3990	;# 
   398   000F9B                     OSCTUNE         equ	3995	;# 
   399   000F9D                     PIE1            equ	3997	;# 
   400   000F9E                     PIR1            equ	3998	;# 
   401   000F9F                     IPR1            equ	3999	;# 
   402   000FA0                     PIE2            equ	4000	;# 
   403   000FA1                     PIR2            equ	4001	;# 
   404   000FA2                     IPR2            equ	4002	;# 
   405   000FA3                     PIE3            equ	4003	;# 
   406   000FA4                     PIR3            equ	4004	;# 
   407   000FA5                     IPR3            equ	4005	;# 
   408   000FA6                     EECON1          equ	4006	;# 
   409   000FA7                     EECON2          equ	4007	;# 
   410   000FA8                     EEDATA          equ	4008	;# 
   411   000FA9                     EEADR           equ	4009	;# 
   412   000FAB                     RCSTA           equ	4011	;# 
   413   000FAB                     RCSTA1          equ	4011	;# 
   414   000FAC                     TXSTA           equ	4012	;# 
   415   000FAC                     TXSTA1          equ	4012	;# 
   416   000FAD                     TXREG           equ	4013	;# 
   417   000FAD                     TXREG1          equ	4013	;# 
   418   000FAE                     RCREG           equ	4014	;# 
   419   000FAE                     RCREG1          equ	4014	;# 
   420   000FAF                     SPBRG           equ	4015	;# 
   421   000FAF                     SPBRG1          equ	4015	;# 
   422   000FB0                     SPBRGH          equ	4016	;# 
   423   000FB1                     T3CON           equ	4017	;# 
   424   000FB2                     TMR3            equ	4018	;# 
   425   000FB2                     TMR3L           equ	4018	;# 
   426   000FB3                     TMR3H           equ	4019	;# 
   427   000FB4                     CMCON           equ	4020	;# 
   428   000FB5                     CVRCON          equ	4021	;# 
   429   000FB6                     ECCP1AS         equ	4022	;# 
   430   000FB7                     ECCP1DEL        equ	4023	;# 
   431   000FB8                     BAUDCON         equ	4024	;# 
   432   000FB8                     BAUDCTL         equ	4024	;# 
   433   000FBA                     ECCP1CON        equ	4026	;# 
   434   000FBB                     ECCPR1          equ	4027	;# 
   435   000FBB                     ECCPR1L         equ	4027	;# 
   436   000FBC                     ECCPR1H         equ	4028	;# 
   437   000FBD                     CCP1CON         equ	4029	;# 
   438   000FBE                     CCPR1           equ	4030	;# 
   439   000FBE                     CCPR1L          equ	4030	;# 
   440   000FBF                     CCPR1H          equ	4031	;# 
   441   000FC0                     ADCON2          equ	4032	;# 
   442   000FC1                     ADCON1          equ	4033	;# 
   443   000FC2                     ADCON0          equ	4034	;# 
   444   000FC3                     ADRES           equ	4035	;# 
   445   000FC3                     ADRESL          equ	4035	;# 
   446   000FC4                     ADRESH          equ	4036	;# 
   447   000FC5                     SSPCON2         equ	4037	;# 
   448   000FC6                     SSPCON1         equ	4038	;# 
   449   000FC7                     SSPSTAT         equ	4039	;# 
   450   000FC8                     SSPADD          equ	4040	;# 
   451   000FC9                     SSPBUF          equ	4041	;# 
   452   000FCA                     T2CON           equ	4042	;# 
   453   000FCB                     PR2             equ	4043	;# 
   454   000FCB                     MEMCON          equ	4043	;# 
   455   000FCC                     TMR2            equ	4044	;# 
   456   000FCD                     T1CON           equ	4045	;# 
   457   000FCE                     TMR1            equ	4046	;# 
   458   000FCE                     TMR1L           equ	4046	;# 
   459   000FCF                     TMR1H           equ	4047	;# 
   460   000FD0                     RCON            equ	4048	;# 
   461   000FD1                     WDTCON          equ	4049	;# 
   462   000FD2                     HLVDCON         equ	4050	;# 
   463   000FD2                     LVDCON          equ	4050	;# 
   464   000FD3                     OSCCON          equ	4051	;# 
   465   000FD5                     T0CON           equ	4053	;# 
   466   000FD6                     TMR0            equ	4054	;# 
   467   000FD6                     TMR0L           equ	4054	;# 
   468   000FD7                     TMR0H           equ	4055	;# 
   469   000FD8                     STATUS          equ	4056	;# 
   470   000FD9                     FSR2            equ	4057	;# 
   471   000FD9                     FSR2L           equ	4057	;# 
   472   000FDA                     FSR2H           equ	4058	;# 
   473   000FDB                     PLUSW2          equ	4059	;# 
   474   000FDC                     PREINC2         equ	4060	;# 
   475   000FDD                     POSTDEC2        equ	4061	;# 
   476   000FDE                     POSTINC2        equ	4062	;# 
   477   000FDF                     INDF2           equ	4063	;# 
   478   000FE0                     BSR             equ	4064	;# 
   479   000FE1                     FSR1            equ	4065	;# 
   480   000FE1                     FSR1L           equ	4065	;# 
   481   000FE2                     FSR1H           equ	4066	;# 
   482   000FE3                     PLUSW1          equ	4067	;# 
   483   000FE4                     PREINC1         equ	4068	;# 
   484   000FE5                     POSTDEC1        equ	4069	;# 
   485   000FE6                     POSTINC1        equ	4070	;# 
   486   000FE7                     INDF1           equ	4071	;# 
   487   000FE8                     WREG            equ	4072	;# 
   488   000FE9                     FSR0            equ	4073	;# 
   489   000FE9                     FSR0L           equ	4073	;# 
   490   000FEA                     FSR0H           equ	4074	;# 
   491   000FEB                     PLUSW0          equ	4075	;# 
   492   000FEC                     PREINC0         equ	4076	;# 
   493   000FED                     POSTDEC0        equ	4077	;# 
   494   000FEE                     POSTINC0        equ	4078	;# 
   495   000FEF                     INDF0           equ	4079	;# 
   496   000FF0                     INTCON3         equ	4080	;# 
   497   000FF1                     INTCON2         equ	4081	;# 
   498   000FF2                     INTCON          equ	4082	;# 
   499   000FF3                     PROD            equ	4083	;# 
   500   000FF3                     PRODL           equ	4083	;# 
   501   000FF4                     PRODH           equ	4084	;# 
   502   000FF5                     TABLAT          equ	4085	;# 
   503   000FF6                     TBLPTR          equ	4086	;# 
   504   000FF6                     TBLPTRL         equ	4086	;# 
   505   000FF7                     TBLPTRH         equ	4087	;# 
   506   000FF8                     TBLPTRU         equ	4088	;# 
   507   000FF9                     PCLAT           equ	4089	;# 
   508   000FF9                     PC              equ	4089	;# 
   509   000FF9                     PCL             equ	4089	;# 
   510   000FFA                     PCLATH          equ	4090	;# 
   511   000FFB                     PCLATU          equ	4091	;# 
   512   000FFC                     STKPTR          equ	4092	;# 
   513   000FFD                     TOS             equ	4093	;# 
   514   000FFD                     TOSL            equ	4093	;# 
   515   000FFE                     TOSH            equ	4094	;# 
   516   000FFF                     TOSU            equ	4095	;# 
   517   000D60                     RXF6SIDH        equ	3424	;# 
   518   000D61                     RXF6SIDL        equ	3425	;# 
   519   000D62                     RXF6EIDH        equ	3426	;# 
   520   000D63                     RXF6EIDL        equ	3427	;# 
   521   000D64                     RXF7SIDH        equ	3428	;# 
   522   000D65                     RXF7SIDL        equ	3429	;# 
   523   000D66                     RXF7EIDH        equ	3430	;# 
   524   000D67                     RXF7EIDL        equ	3431	;# 
   525   000D68                     RXF8SIDH        equ	3432	;# 
   526   000D69                     RXF8SIDL        equ	3433	;# 
   527   000D6A                     RXF8EIDH        equ	3434	;# 
   528   000D6B                     RXF8EIDL        equ	3435	;# 
   529   000D70                     RXF9SIDH        equ	3440	;# 
   530   000D71                     RXF9SIDL        equ	3441	;# 
   531   000D72                     RXF9EIDH        equ	3442	;# 
   532   000D73                     RXF9EIDL        equ	3443	;# 
   533   000D74                     RXF10SIDH       equ	3444	;# 
   534   000D75                     RXF10SIDL       equ	3445	;# 
   535   000D76                     RXF10EIDH       equ	3446	;# 
   536   000D77                     RXF10EIDL       equ	3447	;# 
   537   000D78                     RXF11SIDH       equ	3448	;# 
   538   000D79                     RXF11SIDL       equ	3449	;# 
   539   000D7A                     RXF11EIDH       equ	3450	;# 
   540   000D7B                     RXF11EIDL       equ	3451	;# 
   541   000D80                     RXF12SIDH       equ	3456	;# 
   542   000D81                     RXF12SIDL       equ	3457	;# 
   543   000D82                     RXF12EIDH       equ	3458	;# 
   544   000D83                     RXF12EIDL       equ	3459	;# 
   545   000D84                     RXF13SIDH       equ	3460	;# 
   546   000D85                     RXF13SIDL       equ	3461	;# 
   547   000D86                     RXF13EIDH       equ	3462	;# 
   548   000D87                     RXF13EIDL       equ	3463	;# 
   549   000D88                     RXF14SIDH       equ	3464	;# 
   550   000D89                     RXF14SIDL       equ	3465	;# 
   551   000D8A                     RXF14EIDH       equ	3466	;# 
   552   000D8B                     RXF14EIDL       equ	3467	;# 
   553   000D90                     RXF15SIDH       equ	3472	;# 
   554   000D91                     RXF15SIDL       equ	3473	;# 
   555   000D92                     RXF15EIDH       equ	3474	;# 
   556   000D93                     RXF15EIDL       equ	3475	;# 
   557   000DD4                     RXFCON0         equ	3540	;# 
   558   000DD5                     RXFCON1         equ	3541	;# 
   559   000DD8                     SDFLC           equ	3544	;# 
   560   000DE0                     RXFBCON0        equ	3552	;# 
   561   000DE1                     RXFBCON1        equ	3553	;# 
   562   000DE2                     RXFBCON2        equ	3554	;# 
   563   000DE3                     RXFBCON3        equ	3555	;# 
   564   000DE4                     RXFBCON4        equ	3556	;# 
   565   000DE5                     RXFBCON5        equ	3557	;# 
   566   000DE6                     RXFBCON6        equ	3558	;# 
   567   000DE7                     RXFBCON7        equ	3559	;# 
   568   000DF0                     MSEL0           equ	3568	;# 
   569   000DF1                     MSEL1           equ	3569	;# 
   570   000DF2                     MSEL2           equ	3570	;# 
   571   000DF3                     MSEL3           equ	3571	;# 
   572   000DF8                     BSEL0           equ	3576	;# 
   573   000DFA                     BIE0            equ	3578	;# 
   574   000DFC                     TXBIE           equ	3580	;# 
   575   000E20                     B0CON           equ	3616	;# 
   576   000E21                     B0SIDH          equ	3617	;# 
   577   000E22                     B0SIDL          equ	3618	;# 
   578   000E23                     B0EIDH          equ	3619	;# 
   579   000E24                     B0EIDL          equ	3620	;# 
   580   000E25                     B0DLC           equ	3621	;# 
   581   000E26                     B0D0            equ	3622	;# 
   582   000E27                     B0D1            equ	3623	;# 
   583   000E28                     B0D2            equ	3624	;# 
   584   000E29                     B0D3            equ	3625	;# 
   585   000E2A                     B0D4            equ	3626	;# 
   586   000E2B                     B0D5            equ	3627	;# 
   587   000E2C                     B0D6            equ	3628	;# 
   588   000E2D                     B0D7            equ	3629	;# 
   589   000E2E                     CANSTAT_RO9     equ	3630	;# 
   590   000E2F                     CANCON_RO9      equ	3631	;# 
   591   000E30                     B1CON           equ	3632	;# 
   592   000E31                     B1SIDH          equ	3633	;# 
   593   000E32                     B1SIDL          equ	3634	;# 
   594   000E33                     B1EIDH          equ	3635	;# 
   595   000E34                     B1EIDL          equ	3636	;# 
   596   000E35                     B1DLC           equ	3637	;# 
   597   000E36                     B1D0            equ	3638	;# 
   598   000E37                     B1D1            equ	3639	;# 
   599   000E38                     B1D2            equ	3640	;# 
   600   000E39                     B1D3            equ	3641	;# 
   601   000E3A                     B1D4            equ	3642	;# 
   602   000E3B                     B1D5            equ	3643	;# 
   603   000E3C                     B1D6            equ	3644	;# 
   604   000E3D                     B1D7            equ	3645	;# 
   605   000E3E                     CANSTAT_RO8     equ	3646	;# 
   606   000E3F                     CANCON_RO8      equ	3647	;# 
   607   000E40                     B2CON           equ	3648	;# 
   608   000E41                     B2SIDH          equ	3649	;# 
   609   000E42                     B2SIDL          equ	3650	;# 
   610   000E43                     B2EIDH          equ	3651	;# 
   611   000E44                     B2EIDL          equ	3652	;# 
   612   000E45                     B2DLC           equ	3653	;# 
   613   000E46                     B2D0            equ	3654	;# 
   614   000E47                     B2D1            equ	3655	;# 
   615   000E48                     B2D2            equ	3656	;# 
   616   000E49                     B2D3            equ	3657	;# 
   617   000E4A                     B2D4            equ	3658	;# 
   618   000E4B                     B2D5            equ	3659	;# 
   619   000E4C                     B2D6            equ	3660	;# 
   620   000E4D                     B2D7            equ	3661	;# 
   621   000E4E                     CANSTAT_RO7     equ	3662	;# 
   622   000E4F                     CANCON_RO7      equ	3663	;# 
   623   000E50                     B3CON           equ	3664	;# 
   624   000E51                     B3SIDH          equ	3665	;# 
   625   000E52                     B3SIDL          equ	3666	;# 
   626   000E53                     B3EIDH          equ	3667	;# 
   627   000E54                     B3EIDL          equ	3668	;# 
   628   000E55                     B3DLC           equ	3669	;# 
   629   000E56                     B3D0            equ	3670	;# 
   630   000E57                     B3D1            equ	3671	;# 
   631   000E58                     B3D2            equ	3672	;# 
   632   000E59                     B3D3            equ	3673	;# 
   633   000E5A                     B3D4            equ	3674	;# 
   634   000E5B                     B3D5            equ	3675	;# 
   635   000E5C                     B3D6            equ	3676	;# 
   636   000E5D                     B3D7            equ	3677	;# 
   637   000E5E                     CANSTAT_RO6     equ	3678	;# 
   638   000E5F                     CANCON_RO6      equ	3679	;# 
   639   000E60                     B4CON           equ	3680	;# 
   640   000E61                     B4SIDH          equ	3681	;# 
   641   000E62                     B4SIDL          equ	3682	;# 
   642   000E63                     B4EIDH          equ	3683	;# 
   643   000E64                     B4EIDL          equ	3684	;# 
   644   000E65                     B4DLC           equ	3685	;# 
   645   000E66                     B4D0            equ	3686	;# 
   646   000E67                     B4D1            equ	3687	;# 
   647   000E68                     B4D2            equ	3688	;# 
   648   000E69                     B4D3            equ	3689	;# 
   649   000E6A                     B4D4            equ	3690	;# 
   650   000E6B                     B4D5            equ	3691	;# 
   651   000E6C                     B4D6            equ	3692	;# 
   652   000E6D                     B4D7            equ	3693	;# 
   653   000E6E                     CANSTAT_RO5     equ	3694	;# 
   654   000E6F                     CANCON_RO5      equ	3695	;# 
   655   000E70                     B5CON           equ	3696	;# 
   656   000E71                     B5SIDH          equ	3697	;# 
   657   000E72                     B5SIDL          equ	3698	;# 
   658   000E73                     B5EIDH          equ	3699	;# 
   659   000E74                     B5EIDL          equ	3700	;# 
   660   000E75                     B5DLC           equ	3701	;# 
   661   000E76                     B5D0            equ	3702	;# 
   662   000E77                     B5D1            equ	3703	;# 
   663   000E78                     B5D2            equ	3704	;# 
   664   000E79                     B5D3            equ	3705	;# 
   665   000E7A                     B5D4            equ	3706	;# 
   666   000E7B                     B5D5            equ	3707	;# 
   667   000E7C                     B5D6            equ	3708	;# 
   668   000E7D                     B5D7            equ	3709	;# 
   669   000E7E                     CANSTAT_RO4     equ	3710	;# 
   670   000E7F                     CANCON_RO4      equ	3711	;# 
   671   000F00                     RXF0SIDH        equ	3840	;# 
   672   000F01                     RXF0SIDL        equ	3841	;# 
   673   000F02                     RXF0EIDH        equ	3842	;# 
   674   000F03                     RXF0EIDL        equ	3843	;# 
   675   000F04                     RXF1SIDH        equ	3844	;# 
   676   000F05                     RXF1SIDL        equ	3845	;# 
   677   000F06                     RXF1EIDH        equ	3846	;# 
   678   000F07                     RXF1EIDL        equ	3847	;# 
   679   000F08                     RXF2SIDH        equ	3848	;# 
   680   000F09                     RXF2SIDL        equ	3849	;# 
   681   000F0A                     RXF2EIDH        equ	3850	;# 
   682   000F0B                     RXF2EIDL        equ	3851	;# 
   683   000F0C                     RXF3SIDH        equ	3852	;# 
   684   000F0D                     RXF3SIDL        equ	3853	;# 
   685   000F0E                     RXF3EIDH        equ	3854	;# 
   686   000F0F                     RXF3EIDL        equ	3855	;# 
   687   000F10                     RXF4SIDH        equ	3856	;# 
   688   000F11                     RXF4SIDL        equ	3857	;# 
   689   000F12                     RXF4EIDH        equ	3858	;# 
   690   000F13                     RXF4EIDL        equ	3859	;# 
   691   000F14                     RXF5SIDH        equ	3860	;# 
   692   000F15                     RXF5SIDL        equ	3861	;# 
   693   000F16                     RXF5EIDH        equ	3862	;# 
   694   000F17                     RXF5EIDL        equ	3863	;# 
   695   000F18                     RXM0SIDH        equ	3864	;# 
   696   000F19                     RXM0SIDL        equ	3865	;# 
   697   000F1A                     RXM0EIDH        equ	3866	;# 
   698   000F1B                     RXM0EIDL        equ	3867	;# 
   699   000F1C                     RXM1SIDH        equ	3868	;# 
   700   000F1D                     RXM1SIDL        equ	3869	;# 
   701   000F1E                     RXM1EIDH        equ	3870	;# 
   702   000F1F                     RXM1EIDL        equ	3871	;# 
   703   000F20                     TXB2CON         equ	3872	;# 
   704   000F21                     TXB2SIDH        equ	3873	;# 
   705   000F22                     TXB2SIDL        equ	3874	;# 
   706   000F23                     TXB2EIDH        equ	3875	;# 
   707   000F24                     TXB2EIDL        equ	3876	;# 
   708   000F25                     TXB2DLC         equ	3877	;# 
   709   000F26                     TXB2D0          equ	3878	;# 
   710   000F27                     TXB2D1          equ	3879	;# 
   711   000F28                     TXB2D2          equ	3880	;# 
   712   000F29                     TXB2D3          equ	3881	;# 
   713   000F2A                     TXB2D4          equ	3882	;# 
   714   000F2B                     TXB2D5          equ	3883	;# 
   715   000F2C                     TXB2D6          equ	3884	;# 
   716   000F2D                     TXB2D7          equ	3885	;# 
   717   000F2E                     CANSTAT_RO3     equ	3886	;# 
   718   000F2F                     CANCON_RO3      equ	3887	;# 
   719   000F30                     TXB1CON         equ	3888	;# 
   720   000F31                     TXB1SIDH        equ	3889	;# 
   721   000F32                     TXB1SIDL        equ	3890	;# 
   722   000F33                     TXB1EIDH        equ	3891	;# 
   723   000F34                     TXB1EIDL        equ	3892	;# 
   724   000F35                     TXB1DLC         equ	3893	;# 
   725   000F36                     TXB1D0          equ	3894	;# 
   726   000F37                     TXB1D1          equ	3895	;# 
   727   000F38                     TXB1D2          equ	3896	;# 
   728   000F39                     TXB1D3          equ	3897	;# 
   729   000F3A                     TXB1D4          equ	3898	;# 
   730   000F3B                     TXB1D5          equ	3899	;# 
   731   000F3C                     TXB1D6          equ	3900	;# 
   732   000F3D                     TXB1D7          equ	3901	;# 
   733   000F3E                     CANSTAT_RO2     equ	3902	;# 
   734   000F3F                     CANCON_RO2      equ	3903	;# 
   735   000F40                     TXB0CON         equ	3904	;# 
   736   000F41                     TXB0SIDH        equ	3905	;# 
   737   000F42                     TXB0SIDL        equ	3906	;# 
   738   000F43                     TXB0EIDH        equ	3907	;# 
   739   000F44                     TXB0EIDL        equ	3908	;# 
   740   000F45                     TXB0DLC         equ	3909	;# 
   741   000F46                     TXB0D0          equ	3910	;# 
   742   000F47                     TXB0D1          equ	3911	;# 
   743   000F48                     TXB0D2          equ	3912	;# 
   744   000F49                     TXB0D3          equ	3913	;# 
   745   000F4A                     TXB0D4          equ	3914	;# 
   746   000F4B                     TXB0D5          equ	3915	;# 
   747   000F4C                     TXB0D6          equ	3916	;# 
   748   000F4D                     TXB0D7          equ	3917	;# 
   749   000F4E                     CANSTAT_RO1     equ	3918	;# 
   750   000F4F                     CANCON_RO1      equ	3919	;# 
   751   000F50                     RXB1CON         equ	3920	;# 
   752   000F51                     RXB1SIDH        equ	3921	;# 
   753   000F52                     RXB1SIDL        equ	3922	;# 
   754   000F53                     RXB1EIDH        equ	3923	;# 
   755   000F54                     RXB1EIDL        equ	3924	;# 
   756   000F55                     RXB1DLC         equ	3925	;# 
   757   000F56                     RXB1D0          equ	3926	;# 
   758   000F57                     RXB1D1          equ	3927	;# 
   759   000F58                     RXB1D2          equ	3928	;# 
   760   000F59                     RXB1D3          equ	3929	;# 
   761   000F5A                     RXB1D4          equ	3930	;# 
   762   000F5B                     RXB1D5          equ	3931	;# 
   763   000F5C                     RXB1D6          equ	3932	;# 
   764   000F5D                     RXB1D7          equ	3933	;# 
   765   000F5E                     CANSTAT_RO0     equ	3934	;# 
   766   000F5F                     CANCON_RO0      equ	3935	;# 
   767   000F60                     RXB0CON         equ	3936	;# 
   768   000F61                     RXB0SIDH        equ	3937	;# 
   769   000F62                     RXB0SIDL        equ	3938	;# 
   770   000F63                     RXB0EIDH        equ	3939	;# 
   771   000F64                     RXB0EIDL        equ	3940	;# 
   772   000F65                     RXB0DLC         equ	3941	;# 
   773   000F66                     RXB0D0          equ	3942	;# 
   774   000F67                     RXB0D1          equ	3943	;# 
   775   000F68                     RXB0D2          equ	3944	;# 
   776   000F69                     RXB0D3          equ	3945	;# 
   777   000F6A                     RXB0D4          equ	3946	;# 
   778   000F6B                     RXB0D5          equ	3947	;# 
   779   000F6C                     RXB0D6          equ	3948	;# 
   780   000F6D                     RXB0D7          equ	3949	;# 
   781   000F6E                     CANSTAT         equ	3950	;# 
   782   000F6F                     CANCON          equ	3951	;# 
   783   000F70                     BRGCON1         equ	3952	;# 
   784   000F71                     BRGCON2         equ	3953	;# 
   785   000F72                     BRGCON3         equ	3954	;# 
   786   000F73                     CIOCON          equ	3955	;# 
   787   000F74                     COMSTAT         equ	3956	;# 
   788   000F75                     RXERRCNT        equ	3957	;# 
   789   000F76                     TXERRCNT        equ	3958	;# 
   790   000F77                     ECANCON         equ	3959	;# 
   791   000F80                     PORTA           equ	3968	;# 
   792   000F81                     PORTB           equ	3969	;# 
   793   000F82                     PORTC           equ	3970	;# 
   794   000F83                     PORTD           equ	3971	;# 
   795   000F84                     PORTE           equ	3972	;# 
   796   000F89                     LATA            equ	3977	;# 
   797   000F8A                     LATB            equ	3978	;# 
   798   000F8B                     LATC            equ	3979	;# 
   799   000F8C                     LATD            equ	3980	;# 
   800   000F8D                     LATE            equ	3981	;# 
   801   000F92                     TRISA           equ	3986	;# 
   802   000F92                     DDRA            equ	3986	;# 
   803   000F93                     TRISB           equ	3987	;# 
   804   000F93                     DDRB            equ	3987	;# 
   805   000F94                     TRISC           equ	3988	;# 
   806   000F94                     DDRC            equ	3988	;# 
   807   000F95                     TRISD           equ	3989	;# 
   808   000F95                     DDRD            equ	3989	;# 
   809   000F96                     TRISE           equ	3990	;# 
   810   000F96                     DDRE            equ	3990	;# 
   811   000F9B                     OSCTUNE         equ	3995	;# 
   812   000F9D                     PIE1            equ	3997	;# 
   813   000F9E                     PIR1            equ	3998	;# 
   814   000F9F                     IPR1            equ	3999	;# 
   815   000FA0                     PIE2            equ	4000	;# 
   816   000FA1                     PIR2            equ	4001	;# 
   817   000FA2                     IPR2            equ	4002	;# 
   818   000FA3                     PIE3            equ	4003	;# 
   819   000FA4                     PIR3            equ	4004	;# 
   820   000FA5                     IPR3            equ	4005	;# 
   821   000FA6                     EECON1          equ	4006	;# 
   822   000FA7                     EECON2          equ	4007	;# 
   823   000FA8                     EEDATA          equ	4008	;# 
   824   000FA9                     EEADR           equ	4009	;# 
   825   000FAB                     RCSTA           equ	4011	;# 
   826   000FAB                     RCSTA1          equ	4011	;# 
   827   000FAC                     TXSTA           equ	4012	;# 
   828   000FAC                     TXSTA1          equ	4012	;# 
   829   000FAD                     TXREG           equ	4013	;# 
   830   000FAD                     TXREG1          equ	4013	;# 
   831   000FAE                     RCREG           equ	4014	;# 
   832   000FAE                     RCREG1          equ	4014	;# 
   833   000FAF                     SPBRG           equ	4015	;# 
   834   000FAF                     SPBRG1          equ	4015	;# 
   835   000FB0                     SPBRGH          equ	4016	;# 
   836   000FB1                     T3CON           equ	4017	;# 
   837   000FB2                     TMR3            equ	4018	;# 
   838   000FB2                     TMR3L           equ	4018	;# 
   839   000FB3                     TMR3H           equ	4019	;# 
   840   000FB4                     CMCON           equ	4020	;# 
   841   000FB5                     CVRCON          equ	4021	;# 
   842   000FB6                     ECCP1AS         equ	4022	;# 
   843   000FB7                     ECCP1DEL        equ	4023	;# 
   844   000FB8                     BAUDCON         equ	4024	;# 
   845   000FB8                     BAUDCTL         equ	4024	;# 
   846   000FBA                     ECCP1CON        equ	4026	;# 
   847   000FBB                     ECCPR1          equ	4027	;# 
   848   000FBB                     ECCPR1L         equ	4027	;# 
   849   000FBC                     ECCPR1H         equ	4028	;# 
   850   000FBD                     CCP1CON         equ	4029	;# 
   851   000FBE                     CCPR1           equ	4030	;# 
   852   000FBE                     CCPR1L          equ	4030	;# 
   853   000FBF                     CCPR1H          equ	4031	;# 
   854   000FC0                     ADCON2          equ	4032	;# 
   855   000FC1                     ADCON1          equ	4033	;# 
   856   000FC2                     ADCON0          equ	4034	;# 
   857   000FC3                     ADRES           equ	4035	;# 
   858   000FC3                     ADRESL          equ	4035	;# 
   859   000FC4                     ADRESH          equ	4036	;# 
   860   000FC5                     SSPCON2         equ	4037	;# 
   861   000FC6                     SSPCON1         equ	4038	;# 
   862   000FC7                     SSPSTAT         equ	4039	;# 
   863   000FC8                     SSPADD          equ	4040	;# 
   864   000FC9                     SSPBUF          equ	4041	;# 
   865   000FCA                     T2CON           equ	4042	;# 
   866   000FCB                     PR2             equ	4043	;# 
   867   000FCB                     MEMCON          equ	4043	;# 
   868   000FCC                     TMR2            equ	4044	;# 
   869   000FCD                     T1CON           equ	4045	;# 
   870   000FCE                     TMR1            equ	4046	;# 
   871   000FCE                     TMR1L           equ	4046	;# 
   872   000FCF                     TMR1H           equ	4047	;# 
   873   000FD0                     RCON            equ	4048	;# 
   874   000FD1                     WDTCON          equ	4049	;# 
   875   000FD2                     HLVDCON         equ	4050	;# 
   876   000FD2                     LVDCON          equ	4050	;# 
   877   000FD3                     OSCCON          equ	4051	;# 
   878   000FD5                     T0CON           equ	4053	;# 
   879   000FD6                     TMR0            equ	4054	;# 
   880   000FD6                     TMR0L           equ	4054	;# 
   881   000FD7                     TMR0H           equ	4055	;# 
   882   000FD8                     STATUS          equ	4056	;# 
   883   000FD9                     FSR2            equ	4057	;# 
   884   000FD9                     FSR2L           equ	4057	;# 
   885   000FDA                     FSR2H           equ	4058	;# 
   886   000FDB                     PLUSW2          equ	4059	;# 
   887   000FDC                     PREINC2         equ	4060	;# 
   888   000FDD                     POSTDEC2        equ	4061	;# 
   889   000FDE                     POSTINC2        equ	4062	;# 
   890   000FDF                     INDF2           equ	4063	;# 
   891   000FE0                     BSR             equ	4064	;# 
   892   000FE1                     FSR1            equ	4065	;# 
   893   000FE1                     FSR1L           equ	4065	;# 
   894   000FE2                     FSR1H           equ	4066	;# 
   895   000FE3                     PLUSW1          equ	4067	;# 
   896   000FE4                     PREINC1         equ	4068	;# 
   897   000FE5                     POSTDEC1        equ	4069	;# 
   898   000FE6                     POSTINC1        equ	4070	;# 
   899   000FE7                     INDF1           equ	4071	;# 
   900   000FE8                     WREG            equ	4072	;# 
   901   000FE9                     FSR0            equ	4073	;# 
   902   000FE9                     FSR0L           equ	4073	;# 
   903   000FEA                     FSR0H           equ	4074	;# 
   904   000FEB                     PLUSW0          equ	4075	;# 
   905   000FEC                     PREINC0         equ	4076	;# 
   906   000FED                     POSTDEC0        equ	4077	;# 
   907   000FEE                     POSTINC0        equ	4078	;# 
   908   000FEF                     INDF0           equ	4079	;# 
   909   000FF0                     INTCON3         equ	4080	;# 
   910   000FF1                     INTCON2         equ	4081	;# 
   911   000FF2                     INTCON          equ	4082	;# 
   912   000FF3                     PROD            equ	4083	;# 
   913   000FF3                     PRODL           equ	4083	;# 
   914   000FF4                     PRODH           equ	4084	;# 
   915   000FF5                     TABLAT          equ	4085	;# 
   916   000FF6                     TBLPTR          equ	4086	;# 
   917   000FF6                     TBLPTRL         equ	4086	;# 
   918   000FF7                     TBLPTRH         equ	4087	;# 
   919   000FF8                     TBLPTRU         equ	4088	;# 
   920   000FF9                     PCLAT           equ	4089	;# 
   921   000FF9                     PC              equ	4089	;# 
   922   000FF9                     PCL             equ	4089	;# 
   923   000FFA                     PCLATH          equ	4090	;# 
   924   000FFB                     PCLATU          equ	4091	;# 
   925   000FFC                     STKPTR          equ	4092	;# 
   926   000FFD                     TOS             equ	4093	;# 
   927   000FFD                     TOSL            equ	4093	;# 
   928   000FFE                     TOSH            equ	4094	;# 
   929   000FFF                     TOSU            equ	4095	;# 
   930   000D60                     RXF6SIDH        equ	3424	;# 
   931   000D61                     RXF6SIDL        equ	3425	;# 
   932   000D62                     RXF6EIDH        equ	3426	;# 
   933   000D63                     RXF6EIDL        equ	3427	;# 
   934   000D64                     RXF7SIDH        equ	3428	;# 
   935   000D65                     RXF7SIDL        equ	3429	;# 
   936   000D66                     RXF7EIDH        equ	3430	;# 
   937   000D67                     RXF7EIDL        equ	3431	;# 
   938   000D68                     RXF8SIDH        equ	3432	;# 
   939   000D69                     RXF8SIDL        equ	3433	;# 
   940   000D6A                     RXF8EIDH        equ	3434	;# 
   941   000D6B                     RXF8EIDL        equ	3435	;# 
   942   000D70                     RXF9SIDH        equ	3440	;# 
   943   000D71                     RXF9SIDL        equ	3441	;# 
   944   000D72                     RXF9EIDH        equ	3442	;# 
   945   000D73                     RXF9EIDL        equ	3443	;# 
   946   000D74                     RXF10SIDH       equ	3444	;# 
   947   000D75                     RXF10SIDL       equ	3445	;# 
   948   000D76                     RXF10EIDH       equ	3446	;# 
   949   000D77                     RXF10EIDL       equ	3447	;# 
   950   000D78                     RXF11SIDH       equ	3448	;# 
   951   000D79                     RXF11SIDL       equ	3449	;# 
   952   000D7A                     RXF11EIDH       equ	3450	;# 
   953   000D7B                     RXF11EIDL       equ	3451	;# 
   954   000D80                     RXF12SIDH       equ	3456	;# 
   955   000D81                     RXF12SIDL       equ	3457	;# 
   956   000D82                     RXF12EIDH       equ	3458	;# 
   957   000D83                     RXF12EIDL       equ	3459	;# 
   958   000D84                     RXF13SIDH       equ	3460	;# 
   959   000D85                     RXF13SIDL       equ	3461	;# 
   960   000D86                     RXF13EIDH       equ	3462	;# 
   961   000D87                     RXF13EIDL       equ	3463	;# 
   962   000D88                     RXF14SIDH       equ	3464	;# 
   963   000D89                     RXF14SIDL       equ	3465	;# 
   964   000D8A                     RXF14EIDH       equ	3466	;# 
   965   000D8B                     RXF14EIDL       equ	3467	;# 
   966   000D90                     RXF15SIDH       equ	3472	;# 
   967   000D91                     RXF15SIDL       equ	3473	;# 
   968   000D92                     RXF15EIDH       equ	3474	;# 
   969   000D93                     RXF15EIDL       equ	3475	;# 
   970   000DD4                     RXFCON0         equ	3540	;# 
   971   000DD5                     RXFCON1         equ	3541	;# 
   972   000DD8                     SDFLC           equ	3544	;# 
   973   000DE0                     RXFBCON0        equ	3552	;# 
   974   000DE1                     RXFBCON1        equ	3553	;# 
   975   000DE2                     RXFBCON2        equ	3554	;# 
   976   000DE3                     RXFBCON3        equ	3555	;# 
   977   000DE4                     RXFBCON4        equ	3556	;# 
   978   000DE5                     RXFBCON5        equ	3557	;# 
   979   000DE6                     RXFBCON6        equ	3558	;# 
   980   000DE7                     RXFBCON7        equ	3559	;# 
   981   000DF0                     MSEL0           equ	3568	;# 
   982   000DF1                     MSEL1           equ	3569	;# 
   983   000DF2                     MSEL2           equ	3570	;# 
   984   000DF3                     MSEL3           equ	3571	;# 
   985   000DF8                     BSEL0           equ	3576	;# 
   986   000DFA                     BIE0            equ	3578	;# 
   987   000DFC                     TXBIE           equ	3580	;# 
   988   000E20                     B0CON           equ	3616	;# 
   989   000E21                     B0SIDH          equ	3617	;# 
   990   000E22                     B0SIDL          equ	3618	;# 
   991   000E23                     B0EIDH          equ	3619	;# 
   992   000E24                     B0EIDL          equ	3620	;# 
   993   000E25                     B0DLC           equ	3621	;# 
   994   000E26                     B0D0            equ	3622	;# 
   995   000E27                     B0D1            equ	3623	;# 
   996   000E28                     B0D2            equ	3624	;# 
   997   000E29                     B0D3            equ	3625	;# 
   998   000E2A                     B0D4            equ	3626	;# 
   999   000E2B                     B0D5            equ	3627	;# 
  1000   000E2C                     B0D6            equ	3628	;# 
  1001   000E2D                     B0D7            equ	3629	;# 
  1002   000E2E                     CANSTAT_RO9     equ	3630	;# 
  1003   000E2F                     CANCON_RO9      equ	3631	;# 
  1004   000E30                     B1CON           equ	3632	;# 
  1005   000E31                     B1SIDH          equ	3633	;# 
  1006   000E32                     B1SIDL          equ	3634	;# 
  1007   000E33                     B1EIDH          equ	3635	;# 
  1008   000E34                     B1EIDL          equ	3636	;# 
  1009   000E35                     B1DLC           equ	3637	;# 
  1010   000E36                     B1D0            equ	3638	;# 
  1011   000E37                     B1D1            equ	3639	;# 
  1012   000E38                     B1D2            equ	3640	;# 
  1013   000E39                     B1D3            equ	3641	;# 
  1014   000E3A                     B1D4            equ	3642	;# 
  1015   000E3B                     B1D5            equ	3643	;# 
  1016   000E3C                     B1D6            equ	3644	;# 
  1017   000E3D                     B1D7            equ	3645	;# 
  1018   000E3E                     CANSTAT_RO8     equ	3646	;# 
  1019   000E3F                     CANCON_RO8      equ	3647	;# 
  1020   000E40                     B2CON           equ	3648	;# 
  1021   000E41                     B2SIDH          equ	3649	;# 
  1022   000E42                     B2SIDL          equ	3650	;# 
  1023   000E43                     B2EIDH          equ	3651	;# 
  1024   000E44                     B2EIDL          equ	3652	;# 
  1025   000E45                     B2DLC           equ	3653	;# 
  1026   000E46                     B2D0            equ	3654	;# 
  1027   000E47                     B2D1            equ	3655	;# 
  1028   000E48                     B2D2            equ	3656	;# 
  1029   000E49                     B2D3            equ	3657	;# 
  1030   000E4A                     B2D4            equ	3658	;# 
  1031   000E4B                     B2D5            equ	3659	;# 
  1032   000E4C                     B2D6            equ	3660	;# 
  1033   000E4D                     B2D7            equ	3661	;# 
  1034   000E4E                     CANSTAT_RO7     equ	3662	;# 
  1035   000E4F                     CANCON_RO7      equ	3663	;# 
  1036   000E50                     B3CON           equ	3664	;# 
  1037   000E51                     B3SIDH          equ	3665	;# 
  1038   000E52                     B3SIDL          equ	3666	;# 
  1039   000E53                     B3EIDH          equ	3667	;# 
  1040   000E54                     B3EIDL          equ	3668	;# 
  1041   000E55                     B3DLC           equ	3669	;# 
  1042   000E56                     B3D0            equ	3670	;# 
  1043   000E57                     B3D1            equ	3671	;# 
  1044   000E58                     B3D2            equ	3672	;# 
  1045   000E59                     B3D3            equ	3673	;# 
  1046   000E5A                     B3D4            equ	3674	;# 
  1047   000E5B                     B3D5            equ	3675	;# 
  1048   000E5C                     B3D6            equ	3676	;# 
  1049   000E5D                     B3D7            equ	3677	;# 
  1050   000E5E                     CANSTAT_RO6     equ	3678	;# 
  1051   000E5F                     CANCON_RO6      equ	3679	;# 
  1052   000E60                     B4CON           equ	3680	;# 
  1053   000E61                     B4SIDH          equ	3681	;# 
  1054   000E62                     B4SIDL          equ	3682	;# 
  1055   000E63                     B4EIDH          equ	3683	;# 
  1056   000E64                     B4EIDL          equ	3684	;# 
  1057   000E65                     B4DLC           equ	3685	;# 
  1058   000E66                     B4D0            equ	3686	;# 
  1059   000E67                     B4D1            equ	3687	;# 
  1060   000E68                     B4D2            equ	3688	;# 
  1061   000E69                     B4D3            equ	3689	;# 
  1062   000E6A                     B4D4            equ	3690	;# 
  1063   000E6B                     B4D5            equ	3691	;# 
  1064   000E6C                     B4D6            equ	3692	;# 
  1065   000E6D                     B4D7            equ	3693	;# 
  1066   000E6E                     CANSTAT_RO5     equ	3694	;# 
  1067   000E6F                     CANCON_RO5      equ	3695	;# 
  1068   000E70                     B5CON           equ	3696	;# 
  1069   000E71                     B5SIDH          equ	3697	;# 
  1070   000E72                     B5SIDL          equ	3698	;# 
  1071   000E73                     B5EIDH          equ	3699	;# 
  1072   000E74                     B5EIDL          equ	3700	;# 
  1073   000E75                     B5DLC           equ	3701	;# 
  1074   000E76                     B5D0            equ	3702	;# 
  1075   000E77                     B5D1            equ	3703	;# 
  1076   000E78                     B5D2            equ	3704	;# 
  1077   000E79                     B5D3            equ	3705	;# 
  1078   000E7A                     B5D4            equ	3706	;# 
  1079   000E7B                     B5D5            equ	3707	;# 
  1080   000E7C                     B5D6            equ	3708	;# 
  1081   000E7D                     B5D7            equ	3709	;# 
  1082   000E7E                     CANSTAT_RO4     equ	3710	;# 
  1083   000E7F                     CANCON_RO4      equ	3711	;# 
  1084   000F00                     RXF0SIDH        equ	3840	;# 
  1085   000F01                     RXF0SIDL        equ	3841	;# 
  1086   000F02                     RXF0EIDH        equ	3842	;# 
  1087   000F03                     RXF0EIDL        equ	3843	;# 
  1088   000F04                     RXF1SIDH        equ	3844	;# 
  1089   000F05                     RXF1SIDL        equ	3845	;# 
  1090   000F06                     RXF1EIDH        equ	3846	;# 
  1091   000F07                     RXF1EIDL        equ	3847	;# 
  1092   000F08                     RXF2SIDH        equ	3848	;# 
  1093   000F09                     RXF2SIDL        equ	3849	;# 
  1094   000F0A                     RXF2EIDH        equ	3850	;# 
  1095   000F0B                     RXF2EIDL        equ	3851	;# 
  1096   000F0C                     RXF3SIDH        equ	3852	;# 
  1097   000F0D                     RXF3SIDL        equ	3853	;# 
  1098   000F0E                     RXF3EIDH        equ	3854	;# 
  1099   000F0F                     RXF3EIDL        equ	3855	;# 
  1100   000F10                     RXF4SIDH        equ	3856	;# 
  1101   000F11                     RXF4SIDL        equ	3857	;# 
  1102   000F12                     RXF4EIDH        equ	3858	;# 
  1103   000F13                     RXF4EIDL        equ	3859	;# 
  1104   000F14                     RXF5SIDH        equ	3860	;# 
  1105   000F15                     RXF5SIDL        equ	3861	;# 
  1106   000F16                     RXF5EIDH        equ	3862	;# 
  1107   000F17                     RXF5EIDL        equ	3863	;# 
  1108   000F18                     RXM0SIDH        equ	3864	;# 
  1109   000F19                     RXM0SIDL        equ	3865	;# 
  1110   000F1A                     RXM0EIDH        equ	3866	;# 
  1111   000F1B                     RXM0EIDL        equ	3867	;# 
  1112   000F1C                     RXM1SIDH        equ	3868	;# 
  1113   000F1D                     RXM1SIDL        equ	3869	;# 
  1114   000F1E                     RXM1EIDH        equ	3870	;# 
  1115   000F1F                     RXM1EIDL        equ	3871	;# 
  1116   000F20                     TXB2CON         equ	3872	;# 
  1117   000F21                     TXB2SIDH        equ	3873	;# 
  1118   000F22                     TXB2SIDL        equ	3874	;# 
  1119   000F23                     TXB2EIDH        equ	3875	;# 
  1120   000F24                     TXB2EIDL        equ	3876	;# 
  1121   000F25                     TXB2DLC         equ	3877	;# 
  1122   000F26                     TXB2D0          equ	3878	;# 
  1123   000F27                     TXB2D1          equ	3879	;# 
  1124   000F28                     TXB2D2          equ	3880	;# 
  1125   000F29                     TXB2D3          equ	3881	;# 
  1126   000F2A                     TXB2D4          equ	3882	;# 
  1127   000F2B                     TXB2D5          equ	3883	;# 
  1128   000F2C                     TXB2D6          equ	3884	;# 
  1129   000F2D                     TXB2D7          equ	3885	;# 
  1130   000F2E                     CANSTAT_RO3     equ	3886	;# 
  1131   000F2F                     CANCON_RO3      equ	3887	;# 
  1132   000F30                     TXB1CON         equ	3888	;# 
  1133   000F31                     TXB1SIDH        equ	3889	;# 
  1134   000F32                     TXB1SIDL        equ	3890	;# 
  1135   000F33                     TXB1EIDH        equ	3891	;# 
  1136   000F34                     TXB1EIDL        equ	3892	;# 
  1137   000F35                     TXB1DLC         equ	3893	;# 
  1138   000F36                     TXB1D0          equ	3894	;# 
  1139   000F37                     TXB1D1          equ	3895	;# 
  1140   000F38                     TXB1D2          equ	3896	;# 
  1141   000F39                     TXB1D3          equ	3897	;# 
  1142   000F3A                     TXB1D4          equ	3898	;# 
  1143   000F3B                     TXB1D5          equ	3899	;# 
  1144   000F3C                     TXB1D6          equ	3900	;# 
  1145   000F3D                     TXB1D7          equ	3901	;# 
  1146   000F3E                     CANSTAT_RO2     equ	3902	;# 
  1147   000F3F                     CANCON_RO2      equ	3903	;# 
  1148   000F40                     TXB0CON         equ	3904	;# 
  1149   000F41                     TXB0SIDH        equ	3905	;# 
  1150   000F42                     TXB0SIDL        equ	3906	;# 
  1151   000F43                     TXB0EIDH        equ	3907	;# 
  1152   000F44                     TXB0EIDL        equ	3908	;# 
  1153   000F45                     TXB0DLC         equ	3909	;# 
  1154   000F46                     TXB0D0          equ	3910	;# 
  1155   000F47                     TXB0D1          equ	3911	;# 
  1156   000F48                     TXB0D2          equ	3912	;# 
  1157   000F49                     TXB0D3          equ	3913	;# 
  1158   000F4A                     TXB0D4          equ	3914	;# 
  1159   000F4B                     TXB0D5          equ	3915	;# 
  1160   000F4C                     TXB0D6          equ	3916	;# 
  1161   000F4D                     TXB0D7          equ	3917	;# 
  1162   000F4E                     CANSTAT_RO1     equ	3918	;# 
  1163   000F4F                     CANCON_RO1      equ	3919	;# 
  1164   000F50                     RXB1CON         equ	3920	;# 
  1165   000F51                     RXB1SIDH        equ	3921	;# 
  1166   000F52                     RXB1SIDL        equ	3922	;# 
  1167   000F53                     RXB1EIDH        equ	3923	;# 
  1168   000F54                     RXB1EIDL        equ	3924	;# 
  1169   000F55                     RXB1DLC         equ	3925	;# 
  1170   000F56                     RXB1D0          equ	3926	;# 
  1171   000F57                     RXB1D1          equ	3927	;# 
  1172   000F58                     RXB1D2          equ	3928	;# 
  1173   000F59                     RXB1D3          equ	3929	;# 
  1174   000F5A                     RXB1D4          equ	3930	;# 
  1175   000F5B                     RXB1D5          equ	3931	;# 
  1176   000F5C                     RXB1D6          equ	3932	;# 
  1177   000F5D                     RXB1D7          equ	3933	;# 
  1178   000F5E                     CANSTAT_RO0     equ	3934	;# 
  1179   000F5F                     CANCON_RO0      equ	3935	;# 
  1180   000F60                     RXB0CON         equ	3936	;# 
  1181   000F61                     RXB0SIDH        equ	3937	;# 
  1182   000F62                     RXB0SIDL        equ	3938	;# 
  1183   000F63                     RXB0EIDH        equ	3939	;# 
  1184   000F64                     RXB0EIDL        equ	3940	;# 
  1185   000F65                     RXB0DLC         equ	3941	;# 
  1186   000F66                     RXB0D0          equ	3942	;# 
  1187   000F67                     RXB0D1          equ	3943	;# 
  1188   000F68                     RXB0D2          equ	3944	;# 
  1189   000F69                     RXB0D3          equ	3945	;# 
  1190   000F6A                     RXB0D4          equ	3946	;# 
  1191   000F6B                     RXB0D5          equ	3947	;# 
  1192   000F6C                     RXB0D6          equ	3948	;# 
  1193   000F6D                     RXB0D7          equ	3949	;# 
  1194   000F6E                     CANSTAT         equ	3950	;# 
  1195   000F6F                     CANCON          equ	3951	;# 
  1196   000F70                     BRGCON1         equ	3952	;# 
  1197   000F71                     BRGCON2         equ	3953	;# 
  1198   000F72                     BRGCON3         equ	3954	;# 
  1199   000F73                     CIOCON          equ	3955	;# 
  1200   000F74                     COMSTAT         equ	3956	;# 
  1201   000F75                     RXERRCNT        equ	3957	;# 
  1202   000F76                     TXERRCNT        equ	3958	;# 
  1203   000F77                     ECANCON         equ	3959	;# 
  1204   000F80                     PORTA           equ	3968	;# 
  1205   000F81                     PORTB           equ	3969	;# 
  1206   000F82                     PORTC           equ	3970	;# 
  1207   000F83                     PORTD           equ	3971	;# 
  1208   000F84                     PORTE           equ	3972	;# 
  1209   000F89                     LATA            equ	3977	;# 
  1210   000F8A                     LATB            equ	3978	;# 
  1211   000F8B                     LATC            equ	3979	;# 
  1212   000F8C                     LATD            equ	3980	;# 
  1213   000F8D                     LATE            equ	3981	;# 
  1214   000F92                     TRISA           equ	3986	;# 
  1215   000F92                     DDRA            equ	3986	;# 
  1216   000F93                     TRISB           equ	3987	;# 
  1217   000F93                     DDRB            equ	3987	;# 
  1218   000F94                     TRISC           equ	3988	;# 
  1219   000F94                     DDRC            equ	3988	;# 
  1220   000F95                     TRISD           equ	3989	;# 
  1221   000F95                     DDRD            equ	3989	;# 
  1222   000F96                     TRISE           equ	3990	;# 
  1223   000F96                     DDRE            equ	3990	;# 
  1224   000F9B                     OSCTUNE         equ	3995	;# 
  1225   000F9D                     PIE1            equ	3997	;# 
  1226   000F9E                     PIR1            equ	3998	;# 
  1227   000F9F                     IPR1            equ	3999	;# 
  1228   000FA0                     PIE2            equ	4000	;# 
  1229   000FA1                     PIR2            equ	4001	;# 
  1230   000FA2                     IPR2            equ	4002	;# 
  1231   000FA3                     PIE3            equ	4003	;# 
  1232   000FA4                     PIR3            equ	4004	;# 
  1233   000FA5                     IPR3            equ	4005	;# 
  1234   000FA6                     EECON1          equ	4006	;# 
  1235   000FA7                     EECON2          equ	4007	;# 
  1236   000FA8                     EEDATA          equ	4008	;# 
  1237   000FA9                     EEADR           equ	4009	;# 
  1238   000FAB                     RCSTA           equ	4011	;# 
  1239   000FAB                     RCSTA1          equ	4011	;# 
  1240   000FAC                     TXSTA           equ	4012	;# 
  1241   000FAC                     TXSTA1          equ	4012	;# 
  1242   000FAD                     TXREG           equ	4013	;# 
  1243   000FAD                     TXREG1          equ	4013	;# 
  1244   000FAE                     RCREG           equ	4014	;# 
  1245   000FAE                     RCREG1          equ	4014	;# 
  1246   000FAF                     SPBRG           equ	4015	;# 
  1247   000FAF                     SPBRG1          equ	4015	;# 
  1248   000FB0                     SPBRGH          equ	4016	;# 
  1249   000FB1                     T3CON           equ	4017	;# 
  1250   000FB2                     TMR3            equ	4018	;# 
  1251   000FB2                     TMR3L           equ	4018	;# 
  1252   000FB3                     TMR3H           equ	4019	;# 
  1253   000FB4                     CMCON           equ	4020	;# 
  1254   000FB5                     CVRCON          equ	4021	;# 
  1255   000FB6                     ECCP1AS         equ	4022	;# 
  1256   000FB7                     ECCP1DEL        equ	4023	;# 
  1257   000FB8                     BAUDCON         equ	4024	;# 
  1258   000FB8                     BAUDCTL         equ	4024	;# 
  1259   000FBA                     ECCP1CON        equ	4026	;# 
  1260   000FBB                     ECCPR1          equ	4027	;# 
  1261   000FBB                     ECCPR1L         equ	4027	;# 
  1262   000FBC                     ECCPR1H         equ	4028	;# 
  1263   000FBD                     CCP1CON         equ	4029	;# 
  1264   000FBE                     CCPR1           equ	4030	;# 
  1265   000FBE                     CCPR1L          equ	4030	;# 
  1266   000FBF                     CCPR1H          equ	4031	;# 
  1267   000FC0                     ADCON2          equ	4032	;# 
  1268   000FC1                     ADCON1          equ	4033	;# 
  1269   000FC2                     ADCON0          equ	4034	;# 
  1270   000FC3                     ADRES           equ	4035	;# 
  1271   000FC3                     ADRESL          equ	4035	;# 
  1272   000FC4                     ADRESH          equ	4036	;# 
  1273   000FC5                     SSPCON2         equ	4037	;# 
  1274   000FC6                     SSPCON1         equ	4038	;# 
  1275   000FC7                     SSPSTAT         equ	4039	;# 
  1276   000FC8                     SSPADD          equ	4040	;# 
  1277   000FC9                     SSPBUF          equ	4041	;# 
  1278   000FCA                     T2CON           equ	4042	;# 
  1279   000FCB                     PR2             equ	4043	;# 
  1280   000FCB                     MEMCON          equ	4043	;# 
  1281   000FCC                     TMR2            equ	4044	;# 
  1282   000FCD                     T1CON           equ	4045	;# 
  1283   000FCE                     TMR1            equ	4046	;# 
  1284   000FCE                     TMR1L           equ	4046	;# 
  1285   000FCF                     TMR1H           equ	4047	;# 
  1286   000FD0                     RCON            equ	4048	;# 
  1287   000FD1                     WDTCON          equ	4049	;# 
  1288   000FD2                     HLVDCON         equ	4050	;# 
  1289   000FD2                     LVDCON          equ	4050	;# 
  1290   000FD3                     OSCCON          equ	4051	;# 
  1291   000FD5                     T0CON           equ	4053	;# 
  1292   000FD6                     TMR0            equ	4054	;# 
  1293   000FD6                     TMR0L           equ	4054	;# 
  1294   000FD7                     TMR0H           equ	4055	;# 
  1295   000FD8                     STATUS          equ	4056	;# 
  1296   000FD9                     FSR2            equ	4057	;# 
  1297   000FD9                     FSR2L           equ	4057	;# 
  1298   000FDA                     FSR2H           equ	4058	;# 
  1299   000FDB                     PLUSW2          equ	4059	;# 
  1300   000FDC                     PREINC2         equ	4060	;# 
  1301   000FDD                     POSTDEC2        equ	4061	;# 
  1302   000FDE                     POSTINC2        equ	4062	;# 
  1303   000FDF                     INDF2           equ	4063	;# 
  1304   000FE0                     BSR             equ	4064	;# 
  1305   000FE1                     FSR1            equ	4065	;# 
  1306   000FE1                     FSR1L           equ	4065	;# 
  1307   000FE2                     FSR1H           equ	4066	;# 
  1308   000FE3                     PLUSW1          equ	4067	;# 
  1309   000FE4                     PREINC1         equ	4068	;# 
  1310   000FE5                     POSTDEC1        equ	4069	;# 
  1311   000FE6                     POSTINC1        equ	4070	;# 
  1312   000FE7                     INDF1           equ	4071	;# 
  1313   000FE8                     WREG            equ	4072	;# 
  1314   000FE9                     FSR0            equ	4073	;# 
  1315   000FE9                     FSR0L           equ	4073	;# 
  1316   000FEA                     FSR0H           equ	4074	;# 
  1317   000FEB                     PLUSW0          equ	4075	;# 
  1318   000FEC                     PREINC0         equ	4076	;# 
  1319   000FED                     POSTDEC0        equ	4077	;# 
  1320   000FEE                     POSTINC0        equ	4078	;# 
  1321   000FEF                     INDF0           equ	4079	;# 
  1322   000FF0                     INTCON3         equ	4080	;# 
  1323   000FF1                     INTCON2         equ	4081	;# 
  1324   000FF2                     INTCON          equ	4082	;# 
  1325   000FF3                     PROD            equ	4083	;# 
  1326   000FF3                     PRODL           equ	4083	;# 
  1327   000FF4                     PRODH           equ	4084	;# 
  1328   000FF5                     TABLAT          equ	4085	;# 
  1329   000FF6                     TBLPTR          equ	4086	;# 
  1330   000FF6                     TBLPTRL         equ	4086	;# 
  1331   000FF7                     TBLPTRH         equ	4087	;# 
  1332   000FF8                     TBLPTRU         equ	4088	;# 
  1333   000FF9                     PCLAT           equ	4089	;# 
  1334   000FF9                     PC              equ	4089	;# 
  1335   000FF9                     PCL             equ	4089	;# 
  1336   000FFA                     PCLATH          equ	4090	;# 
  1337   000FFB                     PCLATU          equ	4091	;# 
  1338   000FFC                     STKPTR          equ	4092	;# 
  1339   000FFD                     TOS             equ	4093	;# 
  1340   000FFD                     TOSL            equ	4093	;# 
  1341   000FFE                     TOSH            equ	4094	;# 
  1342   000FFF                     TOSU            equ	4095	;# 
  1343   000D60                     RXF6SIDH        equ	3424	;# 
  1344   000D61                     RXF6SIDL        equ	3425	;# 
  1345   000D62                     RXF6EIDH        equ	3426	;# 
  1346   000D63                     RXF6EIDL        equ	3427	;# 
  1347   000D64                     RXF7SIDH        equ	3428	;# 
  1348   000D65                     RXF7SIDL        equ	3429	;# 
  1349   000D66                     RXF7EIDH        equ	3430	;# 
  1350   000D67                     RXF7EIDL        equ	3431	;# 
  1351   000D68                     RXF8SIDH        equ	3432	;# 
  1352   000D69                     RXF8SIDL        equ	3433	;# 
  1353   000D6A                     RXF8EIDH        equ	3434	;# 
  1354   000D6B                     RXF8EIDL        equ	3435	;# 
  1355   000D70                     RXF9SIDH        equ	3440	;# 
  1356   000D71                     RXF9SIDL        equ	3441	;# 
  1357   000D72                     RXF9EIDH        equ	3442	;# 
  1358   000D73                     RXF9EIDL        equ	3443	;# 
  1359   000D74                     RXF10SIDH       equ	3444	;# 
  1360   000D75                     RXF10SIDL       equ	3445	;# 
  1361   000D76                     RXF10EIDH       equ	3446	;# 
  1362   000D77                     RXF10EIDL       equ	3447	;# 
  1363   000D78                     RXF11SIDH       equ	3448	;# 
  1364   000D79                     RXF11SIDL       equ	3449	;# 
  1365   000D7A                     RXF11EIDH       equ	3450	;# 
  1366   000D7B                     RXF11EIDL       equ	3451	;# 
  1367   000D80                     RXF12SIDH       equ	3456	;# 
  1368   000D81                     RXF12SIDL       equ	3457	;# 
  1369   000D82                     RXF12EIDH       equ	3458	;# 
  1370   000D83                     RXF12EIDL       equ	3459	;# 
  1371   000D84                     RXF13SIDH       equ	3460	;# 
  1372   000D85                     RXF13SIDL       equ	3461	;# 
  1373   000D86                     RXF13EIDH       equ	3462	;# 
  1374   000D87                     RXF13EIDL       equ	3463	;# 
  1375   000D88                     RXF14SIDH       equ	3464	;# 
  1376   000D89                     RXF14SIDL       equ	3465	;# 
  1377   000D8A                     RXF14EIDH       equ	3466	;# 
  1378   000D8B                     RXF14EIDL       equ	3467	;# 
  1379   000D90                     RXF15SIDH       equ	3472	;# 
  1380   000D91                     RXF15SIDL       equ	3473	;# 
  1381   000D92                     RXF15EIDH       equ	3474	;# 
  1382   000D93                     RXF15EIDL       equ	3475	;# 
  1383   000DD4                     RXFCON0         equ	3540	;# 
  1384   000DD5                     RXFCON1         equ	3541	;# 
  1385   000DD8                     SDFLC           equ	3544	;# 
  1386   000DE0                     RXFBCON0        equ	3552	;# 
  1387   000DE1                     RXFBCON1        equ	3553	;# 
  1388   000DE2                     RXFBCON2        equ	3554	;# 
  1389   000DE3                     RXFBCON3        equ	3555	;# 
  1390   000DE4                     RXFBCON4        equ	3556	;# 
  1391   000DE5                     RXFBCON5        equ	3557	;# 
  1392   000DE6                     RXFBCON6        equ	3558	;# 
  1393   000DE7                     RXFBCON7        equ	3559	;# 
  1394   000DF0                     MSEL0           equ	3568	;# 
  1395   000DF1                     MSEL1           equ	3569	;# 
  1396   000DF2                     MSEL2           equ	3570	;# 
  1397   000DF3                     MSEL3           equ	3571	;# 
  1398   000DF8                     BSEL0           equ	3576	;# 
  1399   000DFA                     BIE0            equ	3578	;# 
  1400   000DFC                     TXBIE           equ	3580	;# 
  1401   000E20                     B0CON           equ	3616	;# 
  1402   000E21                     B0SIDH          equ	3617	;# 
  1403   000E22                     B0SIDL          equ	3618	;# 
  1404   000E23                     B0EIDH          equ	3619	;# 
  1405   000E24                     B0EIDL          equ	3620	;# 
  1406   000E25                     B0DLC           equ	3621	;# 
  1407   000E26                     B0D0            equ	3622	;# 
  1408   000E27                     B0D1            equ	3623	;# 
  1409   000E28                     B0D2            equ	3624	;# 
  1410   000E29                     B0D3            equ	3625	;# 
  1411   000E2A                     B0D4            equ	3626	;# 
  1412   000E2B                     B0D5            equ	3627	;# 
  1413   000E2C                     B0D6            equ	3628	;# 
  1414   000E2D                     B0D7            equ	3629	;# 
  1415   000E2E                     CANSTAT_RO9     equ	3630	;# 
  1416   000E2F                     CANCON_RO9      equ	3631	;# 
  1417   000E30                     B1CON           equ	3632	;# 
  1418   000E31                     B1SIDH          equ	3633	;# 
  1419   000E32                     B1SIDL          equ	3634	;# 
  1420   000E33                     B1EIDH          equ	3635	;# 
  1421   000E34                     B1EIDL          equ	3636	;# 
  1422   000E35                     B1DLC           equ	3637	;# 
  1423   000E36                     B1D0            equ	3638	;# 
  1424   000E37                     B1D1            equ	3639	;# 
  1425   000E38                     B1D2            equ	3640	;# 
  1426   000E39                     B1D3            equ	3641	;# 
  1427   000E3A                     B1D4            equ	3642	;# 
  1428   000E3B                     B1D5            equ	3643	;# 
  1429   000E3C                     B1D6            equ	3644	;# 
  1430   000E3D                     B1D7            equ	3645	;# 
  1431   000E3E                     CANSTAT_RO8     equ	3646	;# 
  1432   000E3F                     CANCON_RO8      equ	3647	;# 
  1433   000E40                     B2CON           equ	3648	;# 
  1434   000E41                     B2SIDH          equ	3649	;# 
  1435   000E42                     B2SIDL          equ	3650	;# 
  1436   000E43                     B2EIDH          equ	3651	;# 
  1437   000E44                     B2EIDL          equ	3652	;# 
  1438   000E45                     B2DLC           equ	3653	;# 
  1439   000E46                     B2D0            equ	3654	;# 
  1440   000E47                     B2D1            equ	3655	;# 
  1441   000E48                     B2D2            equ	3656	;# 
  1442   000E49                     B2D3            equ	3657	;# 
  1443   000E4A                     B2D4            equ	3658	;# 
  1444   000E4B                     B2D5            equ	3659	;# 
  1445   000E4C                     B2D6            equ	3660	;# 
  1446   000E4D                     B2D7            equ	3661	;# 
  1447   000E4E                     CANSTAT_RO7     equ	3662	;# 
  1448   000E4F                     CANCON_RO7      equ	3663	;# 
  1449   000E50                     B3CON           equ	3664	;# 
  1450   000E51                     B3SIDH          equ	3665	;# 
  1451   000E52                     B3SIDL          equ	3666	;# 
  1452   000E53                     B3EIDH          equ	3667	;# 
  1453   000E54                     B3EIDL          equ	3668	;# 
  1454   000E55                     B3DLC           equ	3669	;# 
  1455   000E56                     B3D0            equ	3670	;# 
  1456   000E57                     B3D1            equ	3671	;# 
  1457   000E58                     B3D2            equ	3672	;# 
  1458   000E59                     B3D3            equ	3673	;# 
  1459   000E5A                     B3D4            equ	3674	;# 
  1460   000E5B                     B3D5            equ	3675	;# 
  1461   000E5C                     B3D6            equ	3676	;# 
  1462   000E5D                     B3D7            equ	3677	;# 
  1463   000E5E                     CANSTAT_RO6     equ	3678	;# 
  1464   000E5F                     CANCON_RO6      equ	3679	;# 
  1465   000E60                     B4CON           equ	3680	;# 
  1466   000E61                     B4SIDH          equ	3681	;# 
  1467   000E62                     B4SIDL          equ	3682	;# 
  1468   000E63                     B4EIDH          equ	3683	;# 
  1469   000E64                     B4EIDL          equ	3684	;# 
  1470   000E65                     B4DLC           equ	3685	;# 
  1471   000E66                     B4D0            equ	3686	;# 
  1472   000E67                     B4D1            equ	3687	;# 
  1473   000E68                     B4D2            equ	3688	;# 
  1474   000E69                     B4D3            equ	3689	;# 
  1475   000E6A                     B4D4            equ	3690	;# 
  1476   000E6B                     B4D5            equ	3691	;# 
  1477   000E6C                     B4D6            equ	3692	;# 
  1478   000E6D                     B4D7            equ	3693	;# 
  1479   000E6E                     CANSTAT_RO5     equ	3694	;# 
  1480   000E6F                     CANCON_RO5      equ	3695	;# 
  1481   000E70                     B5CON           equ	3696	;# 
  1482   000E71                     B5SIDH          equ	3697	;# 
  1483   000E72                     B5SIDL          equ	3698	;# 
  1484   000E73                     B5EIDH          equ	3699	;# 
  1485   000E74                     B5EIDL          equ	3700	;# 
  1486   000E75                     B5DLC           equ	3701	;# 
  1487   000E76                     B5D0            equ	3702	;# 
  1488   000E77                     B5D1            equ	3703	;# 
  1489   000E78                     B5D2            equ	3704	;# 
  1490   000E79                     B5D3            equ	3705	;# 
  1491   000E7A                     B5D4            equ	3706	;# 
  1492   000E7B                     B5D5            equ	3707	;# 
  1493   000E7C                     B5D6            equ	3708	;# 
  1494   000E7D                     B5D7            equ	3709	;# 
  1495   000E7E                     CANSTAT_RO4     equ	3710	;# 
  1496   000E7F                     CANCON_RO4      equ	3711	;# 
  1497   000F00                     RXF0SIDH        equ	3840	;# 
  1498   000F01                     RXF0SIDL        equ	3841	;# 
  1499   000F02                     RXF0EIDH        equ	3842	;# 
  1500   000F03                     RXF0EIDL        equ	3843	;# 
  1501   000F04                     RXF1SIDH        equ	3844	;# 
  1502   000F05                     RXF1SIDL        equ	3845	;# 
  1503   000F06                     RXF1EIDH        equ	3846	;# 
  1504   000F07                     RXF1EIDL        equ	3847	;# 
  1505   000F08                     RXF2SIDH        equ	3848	;# 
  1506   000F09                     RXF2SIDL        equ	3849	;# 
  1507   000F0A                     RXF2EIDH        equ	3850	;# 
  1508   000F0B                     RXF2EIDL        equ	3851	;# 
  1509   000F0C                     RXF3SIDH        equ	3852	;# 
  1510   000F0D                     RXF3SIDL        equ	3853	;# 
  1511   000F0E                     RXF3EIDH        equ	3854	;# 
  1512   000F0F                     RXF3EIDL        equ	3855	;# 
  1513   000F10                     RXF4SIDH        equ	3856	;# 
  1514   000F11                     RXF4SIDL        equ	3857	;# 
  1515   000F12                     RXF4EIDH        equ	3858	;# 
  1516   000F13                     RXF4EIDL        equ	3859	;# 
  1517   000F14                     RXF5SIDH        equ	3860	;# 
  1518   000F15                     RXF5SIDL        equ	3861	;# 
  1519   000F16                     RXF5EIDH        equ	3862	;# 
  1520   000F17                     RXF5EIDL        equ	3863	;# 
  1521   000F18                     RXM0SIDH        equ	3864	;# 
  1522   000F19                     RXM0SIDL        equ	3865	;# 
  1523   000F1A                     RXM0EIDH        equ	3866	;# 
  1524   000F1B                     RXM0EIDL        equ	3867	;# 
  1525   000F1C                     RXM1SIDH        equ	3868	;# 
  1526   000F1D                     RXM1SIDL        equ	3869	;# 
  1527   000F1E                     RXM1EIDH        equ	3870	;# 
  1528   000F1F                     RXM1EIDL        equ	3871	;# 
  1529   000F20                     TXB2CON         equ	3872	;# 
  1530   000F21                     TXB2SIDH        equ	3873	;# 
  1531   000F22                     TXB2SIDL        equ	3874	;# 
  1532   000F23                     TXB2EIDH        equ	3875	;# 
  1533   000F24                     TXB2EIDL        equ	3876	;# 
  1534   000F25                     TXB2DLC         equ	3877	;# 
  1535   000F26                     TXB2D0          equ	3878	;# 
  1536   000F27                     TXB2D1          equ	3879	;# 
  1537   000F28                     TXB2D2          equ	3880	;# 
  1538   000F29                     TXB2D3          equ	3881	;# 
  1539   000F2A                     TXB2D4          equ	3882	;# 
  1540   000F2B                     TXB2D5          equ	3883	;# 
  1541   000F2C                     TXB2D6          equ	3884	;# 
  1542   000F2D                     TXB2D7          equ	3885	;# 
  1543   000F2E                     CANSTAT_RO3     equ	3886	;# 
  1544   000F2F                     CANCON_RO3      equ	3887	;# 
  1545   000F30                     TXB1CON         equ	3888	;# 
  1546   000F31                     TXB1SIDH        equ	3889	;# 
  1547   000F32                     TXB1SIDL        equ	3890	;# 
  1548   000F33                     TXB1EIDH        equ	3891	;# 
  1549   000F34                     TXB1EIDL        equ	3892	;# 
  1550   000F35                     TXB1DLC         equ	3893	;# 
  1551   000F36                     TXB1D0          equ	3894	;# 
  1552   000F37                     TXB1D1          equ	3895	;# 
  1553   000F38                     TXB1D2          equ	3896	;# 
  1554   000F39                     TXB1D3          equ	3897	;# 
  1555   000F3A                     TXB1D4          equ	3898	;# 
  1556   000F3B                     TXB1D5          equ	3899	;# 
  1557   000F3C                     TXB1D6          equ	3900	;# 
  1558   000F3D                     TXB1D7          equ	3901	;# 
  1559   000F3E                     CANSTAT_RO2     equ	3902	;# 
  1560   000F3F                     CANCON_RO2      equ	3903	;# 
  1561   000F40                     TXB0CON         equ	3904	;# 
  1562   000F41                     TXB0SIDH        equ	3905	;# 
  1563   000F42                     TXB0SIDL        equ	3906	;# 
  1564   000F43                     TXB0EIDH        equ	3907	;# 
  1565   000F44                     TXB0EIDL        equ	3908	;# 
  1566   000F45                     TXB0DLC         equ	3909	;# 
  1567   000F46                     TXB0D0          equ	3910	;# 
  1568   000F47                     TXB0D1          equ	3911	;# 
  1569   000F48                     TXB0D2          equ	3912	;# 
  1570   000F49                     TXB0D3          equ	3913	;# 
  1571   000F4A                     TXB0D4          equ	3914	;# 
  1572   000F4B                     TXB0D5          equ	3915	;# 
  1573   000F4C                     TXB0D6          equ	3916	;# 
  1574   000F4D                     TXB0D7          equ	3917	;# 
  1575   000F4E                     CANSTAT_RO1     equ	3918	;# 
  1576   000F4F                     CANCON_RO1      equ	3919	;# 
  1577   000F50                     RXB1CON         equ	3920	;# 
  1578   000F51                     RXB1SIDH        equ	3921	;# 
  1579   000F52                     RXB1SIDL        equ	3922	;# 
  1580   000F53                     RXB1EIDH        equ	3923	;# 
  1581   000F54                     RXB1EIDL        equ	3924	;# 
  1582   000F55                     RXB1DLC         equ	3925	;# 
  1583   000F56                     RXB1D0          equ	3926	;# 
  1584   000F57                     RXB1D1          equ	3927	;# 
  1585   000F58                     RXB1D2          equ	3928	;# 
  1586   000F59                     RXB1D3          equ	3929	;# 
  1587   000F5A                     RXB1D4          equ	3930	;# 
  1588   000F5B                     RXB1D5          equ	3931	;# 
  1589   000F5C                     RXB1D6          equ	3932	;# 
  1590   000F5D                     RXB1D7          equ	3933	;# 
  1591   000F5E                     CANSTAT_RO0     equ	3934	;# 
  1592   000F5F                     CANCON_RO0      equ	3935	;# 
  1593   000F60                     RXB0CON         equ	3936	;# 
  1594   000F61                     RXB0SIDH        equ	3937	;# 
  1595   000F62                     RXB0SIDL        equ	3938	;# 
  1596   000F63                     RXB0EIDH        equ	3939	;# 
  1597   000F64                     RXB0EIDL        equ	3940	;# 
  1598   000F65                     RXB0DLC         equ	3941	;# 
  1599   000F66                     RXB0D0          equ	3942	;# 
  1600   000F67                     RXB0D1          equ	3943	;# 
  1601   000F68                     RXB0D2          equ	3944	;# 
  1602   000F69                     RXB0D3          equ	3945	;# 
  1603   000F6A                     RXB0D4          equ	3946	;# 
  1604   000F6B                     RXB0D5          equ	3947	;# 
  1605   000F6C                     RXB0D6          equ	3948	;# 
  1606   000F6D                     RXB0D7          equ	3949	;# 
  1607   000F6E                     CANSTAT         equ	3950	;# 
  1608   000F6F                     CANCON          equ	3951	;# 
  1609   000F70                     BRGCON1         equ	3952	;# 
  1610   000F71                     BRGCON2         equ	3953	;# 
  1611   000F72                     BRGCON3         equ	3954	;# 
  1612   000F73                     CIOCON          equ	3955	;# 
  1613   000F74                     COMSTAT         equ	3956	;# 
  1614   000F75                     RXERRCNT        equ	3957	;# 
  1615   000F76                     TXERRCNT        equ	3958	;# 
  1616   000F77                     ECANCON         equ	3959	;# 
  1617   000F80                     PORTA           equ	3968	;# 
  1618   000F81                     PORTB           equ	3969	;# 
  1619   000F82                     PORTC           equ	3970	;# 
  1620   000F83                     PORTD           equ	3971	;# 
  1621   000F84                     PORTE           equ	3972	;# 
  1622   000F89                     LATA            equ	3977	;# 
  1623   000F8A                     LATB            equ	3978	;# 
  1624   000F8B                     LATC            equ	3979	;# 
  1625   000F8C                     LATD            equ	3980	;# 
  1626   000F8D                     LATE            equ	3981	;# 
  1627   000F92                     TRISA           equ	3986	;# 
  1628   000F92                     DDRA            equ	3986	;# 
  1629   000F93                     TRISB           equ	3987	;# 
  1630   000F93                     DDRB            equ	3987	;# 
  1631   000F94                     TRISC           equ	3988	;# 
  1632   000F94                     DDRC            equ	3988	;# 
  1633   000F95                     TRISD           equ	3989	;# 
  1634   000F95                     DDRD            equ	3989	;# 
  1635   000F96                     TRISE           equ	3990	;# 
  1636   000F96                     DDRE            equ	3990	;# 
  1637   000F9B                     OSCTUNE         equ	3995	;# 
  1638   000F9D                     PIE1            equ	3997	;# 
  1639   000F9E                     PIR1            equ	3998	;# 
  1640   000F9F                     IPR1            equ	3999	;# 
  1641   000FA0                     PIE2            equ	4000	;# 
  1642   000FA1                     PIR2            equ	4001	;# 
  1643   000FA2                     IPR2            equ	4002	;# 
  1644   000FA3                     PIE3            equ	4003	;# 
  1645   000FA4                     PIR3            equ	4004	;# 
  1646   000FA5                     IPR3            equ	4005	;# 
  1647   000FA6                     EECON1          equ	4006	;# 
  1648   000FA7                     EECON2          equ	4007	;# 
  1649   000FA8                     EEDATA          equ	4008	;# 
  1650   000FA9                     EEADR           equ	4009	;# 
  1651   000FAB                     RCSTA           equ	4011	;# 
  1652   000FAB                     RCSTA1          equ	4011	;# 
  1653   000FAC                     TXSTA           equ	4012	;# 
  1654   000FAC                     TXSTA1          equ	4012	;# 
  1655   000FAD                     TXREG           equ	4013	;# 
  1656   000FAD                     TXREG1          equ	4013	;# 
  1657   000FAE                     RCREG           equ	4014	;# 
  1658   000FAE                     RCREG1          equ	4014	;# 
  1659   000FAF                     SPBRG           equ	4015	;# 
  1660   000FAF                     SPBRG1          equ	4015	;# 
  1661   000FB0                     SPBRGH          equ	4016	;# 
  1662   000FB1                     T3CON           equ	4017	;# 
  1663   000FB2                     TMR3            equ	4018	;# 
  1664   000FB2                     TMR3L           equ	4018	;# 
  1665   000FB3                     TMR3H           equ	4019	;# 
  1666   000FB4                     CMCON           equ	4020	;# 
  1667   000FB5                     CVRCON          equ	4021	;# 
  1668   000FB6                     ECCP1AS         equ	4022	;# 
  1669   000FB7                     ECCP1DEL        equ	4023	;# 
  1670   000FB8                     BAUDCON         equ	4024	;# 
  1671   000FB8                     BAUDCTL         equ	4024	;# 
  1672   000FBA                     ECCP1CON        equ	4026	;# 
  1673   000FBB                     ECCPR1          equ	4027	;# 
  1674   000FBB                     ECCPR1L         equ	4027	;# 
  1675   000FBC                     ECCPR1H         equ	4028	;# 
  1676   000FBD                     CCP1CON         equ	4029	;# 
  1677   000FBE                     CCPR1           equ	4030	;# 
  1678   000FBE                     CCPR1L          equ	4030	;# 
  1679   000FBF                     CCPR1H          equ	4031	;# 
  1680   000FC0                     ADCON2          equ	4032	;# 
  1681   000FC1                     ADCON1          equ	4033	;# 
  1682   000FC2                     ADCON0          equ	4034	;# 
  1683   000FC3                     ADRES           equ	4035	;# 
  1684   000FC3                     ADRESL          equ	4035	;# 
  1685   000FC4                     ADRESH          equ	4036	;# 
  1686   000FC5                     SSPCON2         equ	4037	;# 
  1687   000FC6                     SSPCON1         equ	4038	;# 
  1688   000FC7                     SSPSTAT         equ	4039	;# 
  1689   000FC8                     SSPADD          equ	4040	;# 
  1690   000FC9                     SSPBUF          equ	4041	;# 
  1691   000FCA                     T2CON           equ	4042	;# 
  1692   000FCB                     PR2             equ	4043	;# 
  1693   000FCB                     MEMCON          equ	4043	;# 
  1694   000FCC                     TMR2            equ	4044	;# 
  1695   000FCD                     T1CON           equ	4045	;# 
  1696   000FCE                     TMR1            equ	4046	;# 
  1697   000FCE                     TMR1L           equ	4046	;# 
  1698   000FCF                     TMR1H           equ	4047	;# 
  1699   000FD0                     RCON            equ	4048	;# 
  1700   000FD1                     WDTCON          equ	4049	;# 
  1701   000FD2                     HLVDCON         equ	4050	;# 
  1702   000FD2                     LVDCON          equ	4050	;# 
  1703   000FD3                     OSCCON          equ	4051	;# 
  1704   000FD5                     T0CON           equ	4053	;# 
  1705   000FD6                     TMR0            equ	4054	;# 
  1706   000FD6                     TMR0L           equ	4054	;# 
  1707   000FD7                     TMR0H           equ	4055	;# 
  1708   000FD8                     STATUS          equ	4056	;# 
  1709   000FD9                     FSR2            equ	4057	;# 
  1710   000FD9                     FSR2L           equ	4057	;# 
  1711   000FDA                     FSR2H           equ	4058	;# 
  1712   000FDB                     PLUSW2          equ	4059	;# 
  1713   000FDC                     PREINC2         equ	4060	;# 
  1714   000FDD                     POSTDEC2        equ	4061	;# 
  1715   000FDE                     POSTINC2        equ	4062	;# 
  1716   000FDF                     INDF2           equ	4063	;# 
  1717   000FE0                     BSR             equ	4064	;# 
  1718   000FE1                     FSR1            equ	4065	;# 
  1719   000FE1                     FSR1L           equ	4065	;# 
  1720   000FE2                     FSR1H           equ	4066	;# 
  1721   000FE3                     PLUSW1          equ	4067	;# 
  1722   000FE4                     PREINC1         equ	4068	;# 
  1723   000FE5                     POSTDEC1        equ	4069	;# 
  1724   000FE6                     POSTINC1        equ	4070	;# 
  1725   000FE7                     INDF1           equ	4071	;# 
  1726   000FE8                     WREG            equ	4072	;# 
  1727   000FE9                     FSR0            equ	4073	;# 
  1728   000FE9                     FSR0L           equ	4073	;# 
  1729   000FEA                     FSR0H           equ	4074	;# 
  1730   000FEB                     PLUSW0          equ	4075	;# 
  1731   000FEC                     PREINC0         equ	4076	;# 
  1732   000FED                     POSTDEC0        equ	4077	;# 
  1733   000FEE                     POSTINC0        equ	4078	;# 
  1734   000FEF                     INDF0           equ	4079	;# 
  1735   000FF0                     INTCON3         equ	4080	;# 
  1736   000FF1                     INTCON2         equ	4081	;# 
  1737   000FF2                     INTCON          equ	4082	;# 
  1738   000FF3                     PROD            equ	4083	;# 
  1739   000FF3                     PRODL           equ	4083	;# 
  1740   000FF4                     PRODH           equ	4084	;# 
  1741   000FF5                     TABLAT          equ	4085	;# 
  1742   000FF6                     TBLPTR          equ	4086	;# 
  1743   000FF6                     TBLPTRL         equ	4086	;# 
  1744   000FF7                     TBLPTRH         equ	4087	;# 
  1745   000FF8                     TBLPTRU         equ	4088	;# 
  1746   000FF9                     PCLAT           equ	4089	;# 
  1747   000FF9                     PC              equ	4089	;# 
  1748   000FF9                     PCL             equ	4089	;# 
  1749   000FFA                     PCLATH          equ	4090	;# 
  1750   000FFB                     PCLATU          equ	4091	;# 
  1751   000FFC                     STKPTR          equ	4092	;# 
  1752   000FFD                     TOS             equ	4093	;# 
  1753   000FFD                     TOSL            equ	4093	;# 
  1754   000FFE                     TOSH            equ	4094	;# 
  1755   000FFF                     TOSU            equ	4095	;# 
  1756   000D60                     RXF6SIDH        equ	3424	;# 
  1757   000D61                     RXF6SIDL        equ	3425	;# 
  1758   000D62                     RXF6EIDH        equ	3426	;# 
  1759   000D63                     RXF6EIDL        equ	3427	;# 
  1760   000D64                     RXF7SIDH        equ	3428	;# 
  1761   000D65                     RXF7SIDL        equ	3429	;# 
  1762   000D66                     RXF7EIDH        equ	3430	;# 
  1763   000D67                     RXF7EIDL        equ	3431	;# 
  1764   000D68                     RXF8SIDH        equ	3432	;# 
  1765   000D69                     RXF8SIDL        equ	3433	;# 
  1766   000D6A                     RXF8EIDH        equ	3434	;# 
  1767   000D6B                     RXF8EIDL        equ	3435	;# 
  1768   000D70                     RXF9SIDH        equ	3440	;# 
  1769   000D71                     RXF9SIDL        equ	3441	;# 
  1770   000D72                     RXF9EIDH        equ	3442	;# 
  1771   000D73                     RXF9EIDL        equ	3443	;# 
  1772   000D74                     RXF10SIDH       equ	3444	;# 
  1773   000D75                     RXF10SIDL       equ	3445	;# 
  1774   000D76                     RXF10EIDH       equ	3446	;# 
  1775   000D77                     RXF10EIDL       equ	3447	;# 
  1776   000D78                     RXF11SIDH       equ	3448	;# 
  1777   000D79                     RXF11SIDL       equ	3449	;# 
  1778   000D7A                     RXF11EIDH       equ	3450	;# 
  1779   000D7B                     RXF11EIDL       equ	3451	;# 
  1780   000D80                     RXF12SIDH       equ	3456	;# 
  1781   000D81                     RXF12SIDL       equ	3457	;# 
  1782   000D82                     RXF12EIDH       equ	3458	;# 
  1783   000D83                     RXF12EIDL       equ	3459	;# 
  1784   000D84                     RXF13SIDH       equ	3460	;# 
  1785   000D85                     RXF13SIDL       equ	3461	;# 
  1786   000D86                     RXF13EIDH       equ	3462	;# 
  1787   000D87                     RXF13EIDL       equ	3463	;# 
  1788   000D88                     RXF14SIDH       equ	3464	;# 
  1789   000D89                     RXF14SIDL       equ	3465	;# 
  1790   000D8A                     RXF14EIDH       equ	3466	;# 
  1791   000D8B                     RXF14EIDL       equ	3467	;# 
  1792   000D90                     RXF15SIDH       equ	3472	;# 
  1793   000D91                     RXF15SIDL       equ	3473	;# 
  1794   000D92                     RXF15EIDH       equ	3474	;# 
  1795   000D93                     RXF15EIDL       equ	3475	;# 
  1796   000DD4                     RXFCON0         equ	3540	;# 
  1797   000DD5                     RXFCON1         equ	3541	;# 
  1798   000DD8                     SDFLC           equ	3544	;# 
  1799   000DE0                     RXFBCON0        equ	3552	;# 
  1800   000DE1                     RXFBCON1        equ	3553	;# 
  1801   000DE2                     RXFBCON2        equ	3554	;# 
  1802   000DE3                     RXFBCON3        equ	3555	;# 
  1803   000DE4                     RXFBCON4        equ	3556	;# 
  1804   000DE5                     RXFBCON5        equ	3557	;# 
  1805   000DE6                     RXFBCON6        equ	3558	;# 
  1806   000DE7                     RXFBCON7        equ	3559	;# 
  1807   000DF0                     MSEL0           equ	3568	;# 
  1808   000DF1                     MSEL1           equ	3569	;# 
  1809   000DF2                     MSEL2           equ	3570	;# 
  1810   000DF3                     MSEL3           equ	3571	;# 
  1811   000DF8                     BSEL0           equ	3576	;# 
  1812   000DFA                     BIE0            equ	3578	;# 
  1813   000DFC                     TXBIE           equ	3580	;# 
  1814   000E20                     B0CON           equ	3616	;# 
  1815   000E21                     B0SIDH          equ	3617	;# 
  1816   000E22                     B0SIDL          equ	3618	;# 
  1817   000E23                     B0EIDH          equ	3619	;# 
  1818   000E24                     B0EIDL          equ	3620	;# 
  1819   000E25                     B0DLC           equ	3621	;# 
  1820   000E26                     B0D0            equ	3622	;# 
  1821   000E27                     B0D1            equ	3623	;# 
  1822   000E28                     B0D2            equ	3624	;# 
  1823   000E29                     B0D3            equ	3625	;# 
  1824   000E2A                     B0D4            equ	3626	;# 
  1825   000E2B                     B0D5            equ	3627	;# 
  1826   000E2C                     B0D6            equ	3628	;# 
  1827   000E2D                     B0D7            equ	3629	;# 
  1828   000E2E                     CANSTAT_RO9     equ	3630	;# 
  1829   000E2F                     CANCON_RO9      equ	3631	;# 
  1830   000E30                     B1CON           equ	3632	;# 
  1831   000E31                     B1SIDH          equ	3633	;# 
  1832   000E32                     B1SIDL          equ	3634	;# 
  1833   000E33                     B1EIDH          equ	3635	;# 
  1834   000E34                     B1EIDL          equ	3636	;# 
  1835   000E35                     B1DLC           equ	3637	;# 
  1836   000E36                     B1D0            equ	3638	;# 
  1837   000E37                     B1D1            equ	3639	;# 
  1838   000E38                     B1D2            equ	3640	;# 
  1839   000E39                     B1D3            equ	3641	;# 
  1840   000E3A                     B1D4            equ	3642	;# 
  1841   000E3B                     B1D5            equ	3643	;# 
  1842   000E3C                     B1D6            equ	3644	;# 
  1843   000E3D                     B1D7            equ	3645	;# 
  1844   000E3E                     CANSTAT_RO8     equ	3646	;# 
  1845   000E3F                     CANCON_RO8      equ	3647	;# 
  1846   000E40                     B2CON           equ	3648	;# 
  1847   000E41                     B2SIDH          equ	3649	;# 
  1848   000E42                     B2SIDL          equ	3650	;# 
  1849   000E43                     B2EIDH          equ	3651	;# 
  1850   000E44                     B2EIDL          equ	3652	;# 
  1851   000E45                     B2DLC           equ	3653	;# 
  1852   000E46                     B2D0            equ	3654	;# 
  1853   000E47                     B2D1            equ	3655	;# 
  1854   000E48                     B2D2            equ	3656	;# 
  1855   000E49                     B2D3            equ	3657	;# 
  1856   000E4A                     B2D4            equ	3658	;# 
  1857   000E4B                     B2D5            equ	3659	;# 
  1858   000E4C                     B2D6            equ	3660	;# 
  1859   000E4D                     B2D7            equ	3661	;# 
  1860   000E4E                     CANSTAT_RO7     equ	3662	;# 
  1861   000E4F                     CANCON_RO7      equ	3663	;# 
  1862   000E50                     B3CON           equ	3664	;# 
  1863   000E51                     B3SIDH          equ	3665	;# 
  1864   000E52                     B3SIDL          equ	3666	;# 
  1865   000E53                     B3EIDH          equ	3667	;# 
  1866   000E54                     B3EIDL          equ	3668	;# 
  1867   000E55                     B3DLC           equ	3669	;# 
  1868   000E56                     B3D0            equ	3670	;# 
  1869   000E57                     B3D1            equ	3671	;# 
  1870   000E58                     B3D2            equ	3672	;# 
  1871   000E59                     B3D3            equ	3673	;# 
  1872   000E5A                     B3D4            equ	3674	;# 
  1873   000E5B                     B3D5            equ	3675	;# 
  1874   000E5C                     B3D6            equ	3676	;# 
  1875   000E5D                     B3D7            equ	3677	;# 
  1876   000E5E                     CANSTAT_RO6     equ	3678	;# 
  1877   000E5F                     CANCON_RO6      equ	3679	;# 
  1878   000E60                     B4CON           equ	3680	;# 
  1879   000E61                     B4SIDH          equ	3681	;# 
  1880   000E62                     B4SIDL          equ	3682	;# 
  1881   000E63                     B4EIDH          equ	3683	;# 
  1882   000E64                     B4EIDL          equ	3684	;# 
  1883   000E65                     B4DLC           equ	3685	;# 
  1884   000E66                     B4D0            equ	3686	;# 
  1885   000E67                     B4D1            equ	3687	;# 
  1886   000E68                     B4D2            equ	3688	;# 
  1887   000E69                     B4D3            equ	3689	;# 
  1888   000E6A                     B4D4            equ	3690	;# 
  1889   000E6B                     B4D5            equ	3691	;# 
  1890   000E6C                     B4D6            equ	3692	;# 
  1891   000E6D                     B4D7            equ	3693	;# 
  1892   000E6E                     CANSTAT_RO5     equ	3694	;# 
  1893   000E6F                     CANCON_RO5      equ	3695	;# 
  1894   000E70                     B5CON           equ	3696	;# 
  1895   000E71                     B5SIDH          equ	3697	;# 
  1896   000E72                     B5SIDL          equ	3698	;# 
  1897   000E73                     B5EIDH          equ	3699	;# 
  1898   000E74                     B5EIDL          equ	3700	;# 
  1899   000E75                     B5DLC           equ	3701	;# 
  1900   000E76                     B5D0            equ	3702	;# 
  1901   000E77                     B5D1            equ	3703	;# 
  1902   000E78                     B5D2            equ	3704	;# 
  1903   000E79                     B5D3            equ	3705	;# 
  1904   000E7A                     B5D4            equ	3706	;# 
  1905   000E7B                     B5D5            equ	3707	;# 
  1906   000E7C                     B5D6            equ	3708	;# 
  1907   000E7D                     B5D7            equ	3709	;# 
  1908   000E7E                     CANSTAT_RO4     equ	3710	;# 
  1909   000E7F                     CANCON_RO4      equ	3711	;# 
  1910   000F00                     RXF0SIDH        equ	3840	;# 
  1911   000F01                     RXF0SIDL        equ	3841	;# 
  1912   000F02                     RXF0EIDH        equ	3842	;# 
  1913   000F03                     RXF0EIDL        equ	3843	;# 
  1914   000F04                     RXF1SIDH        equ	3844	;# 
  1915   000F05                     RXF1SIDL        equ	3845	;# 
  1916   000F06                     RXF1EIDH        equ	3846	;# 
  1917   000F07                     RXF1EIDL        equ	3847	;# 
  1918   000F08                     RXF2SIDH        equ	3848	;# 
  1919   000F09                     RXF2SIDL        equ	3849	;# 
  1920   000F0A                     RXF2EIDH        equ	3850	;# 
  1921   000F0B                     RXF2EIDL        equ	3851	;# 
  1922   000F0C                     RXF3SIDH        equ	3852	;# 
  1923   000F0D                     RXF3SIDL        equ	3853	;# 
  1924   000F0E                     RXF3EIDH        equ	3854	;# 
  1925   000F0F                     RXF3EIDL        equ	3855	;# 
  1926   000F10                     RXF4SIDH        equ	3856	;# 
  1927   000F11                     RXF4SIDL        equ	3857	;# 
  1928   000F12                     RXF4EIDH        equ	3858	;# 
  1929   000F13                     RXF4EIDL        equ	3859	;# 
  1930   000F14                     RXF5SIDH        equ	3860	;# 
  1931   000F15                     RXF5SIDL        equ	3861	;# 
  1932   000F16                     RXF5EIDH        equ	3862	;# 
  1933   000F17                     RXF5EIDL        equ	3863	;# 
  1934   000F18                     RXM0SIDH        equ	3864	;# 
  1935   000F19                     RXM0SIDL        equ	3865	;# 
  1936   000F1A                     RXM0EIDH        equ	3866	;# 
  1937   000F1B                     RXM0EIDL        equ	3867	;# 
  1938   000F1C                     RXM1SIDH        equ	3868	;# 
  1939   000F1D                     RXM1SIDL        equ	3869	;# 
  1940   000F1E                     RXM1EIDH        equ	3870	;# 
  1941   000F1F                     RXM1EIDL        equ	3871	;# 
  1942   000F20                     TXB2CON         equ	3872	;# 
  1943   000F21                     TXB2SIDH        equ	3873	;# 
  1944   000F22                     TXB2SIDL        equ	3874	;# 
  1945   000F23                     TXB2EIDH        equ	3875	;# 
  1946   000F24                     TXB2EIDL        equ	3876	;# 
  1947   000F25                     TXB2DLC         equ	3877	;# 
  1948   000F26                     TXB2D0          equ	3878	;# 
  1949   000F27                     TXB2D1          equ	3879	;# 
  1950   000F28                     TXB2D2          equ	3880	;# 
  1951   000F29                     TXB2D3          equ	3881	;# 
  1952   000F2A                     TXB2D4          equ	3882	;# 
  1953   000F2B                     TXB2D5          equ	3883	;# 
  1954   000F2C                     TXB2D6          equ	3884	;# 
  1955   000F2D                     TXB2D7          equ	3885	;# 
  1956   000F2E                     CANSTAT_RO3     equ	3886	;# 
  1957   000F2F                     CANCON_RO3      equ	3887	;# 
  1958   000F30                     TXB1CON         equ	3888	;# 
  1959   000F31                     TXB1SIDH        equ	3889	;# 
  1960   000F32                     TXB1SIDL        equ	3890	;# 
  1961   000F33                     TXB1EIDH        equ	3891	;# 
  1962   000F34                     TXB1EIDL        equ	3892	;# 
  1963   000F35                     TXB1DLC         equ	3893	;# 
  1964   000F36                     TXB1D0          equ	3894	;# 
  1965   000F37                     TXB1D1          equ	3895	;# 
  1966   000F38                     TXB1D2          equ	3896	;# 
  1967   000F39                     TXB1D3          equ	3897	;# 
  1968   000F3A                     TXB1D4          equ	3898	;# 
  1969   000F3B                     TXB1D5          equ	3899	;# 
  1970   000F3C                     TXB1D6          equ	3900	;# 
  1971   000F3D                     TXB1D7          equ	3901	;# 
  1972   000F3E                     CANSTAT_RO2     equ	3902	;# 
  1973   000F3F                     CANCON_RO2      equ	3903	;# 
  1974   000F40                     TXB0CON         equ	3904	;# 
  1975   000F41                     TXB0SIDH        equ	3905	;# 
  1976   000F42                     TXB0SIDL        equ	3906	;# 
  1977   000F43                     TXB0EIDH        equ	3907	;# 
  1978   000F44                     TXB0EIDL        equ	3908	;# 
  1979   000F45                     TXB0DLC         equ	3909	;# 
  1980   000F46                     TXB0D0          equ	3910	;# 
  1981   000F47                     TXB0D1          equ	3911	;# 
  1982   000F48                     TXB0D2          equ	3912	;# 
  1983   000F49                     TXB0D3          equ	3913	;# 
  1984   000F4A                     TXB0D4          equ	3914	;# 
  1985   000F4B                     TXB0D5          equ	3915	;# 
  1986   000F4C                     TXB0D6          equ	3916	;# 
  1987   000F4D                     TXB0D7          equ	3917	;# 
  1988   000F4E                     CANSTAT_RO1     equ	3918	;# 
  1989   000F4F                     CANCON_RO1      equ	3919	;# 
  1990   000F50                     RXB1CON         equ	3920	;# 
  1991   000F51                     RXB1SIDH        equ	3921	;# 
  1992   000F52                     RXB1SIDL        equ	3922	;# 
  1993   000F53                     RXB1EIDH        equ	3923	;# 
  1994   000F54                     RXB1EIDL        equ	3924	;# 
  1995   000F55                     RXB1DLC         equ	3925	;# 
  1996   000F56                     RXB1D0          equ	3926	;# 
  1997   000F57                     RXB1D1          equ	3927	;# 
  1998   000F58                     RXB1D2          equ	3928	;# 
  1999   000F59                     RXB1D3          equ	3929	;# 
  2000   000F5A                     RXB1D4          equ	3930	;# 
  2001   000F5B                     RXB1D5          equ	3931	;# 
  2002   000F5C                     RXB1D6          equ	3932	;# 
  2003   000F5D                     RXB1D7          equ	3933	;# 
  2004   000F5E                     CANSTAT_RO0     equ	3934	;# 
  2005   000F5F                     CANCON_RO0      equ	3935	;# 
  2006   000F60                     RXB0CON         equ	3936	;# 
  2007   000F61                     RXB0SIDH        equ	3937	;# 
  2008   000F62                     RXB0SIDL        equ	3938	;# 
  2009   000F63                     RXB0EIDH        equ	3939	;# 
  2010   000F64                     RXB0EIDL        equ	3940	;# 
  2011   000F65                     RXB0DLC         equ	3941	;# 
  2012   000F66                     RXB0D0          equ	3942	;# 
  2013   000F67                     RXB0D1          equ	3943	;# 
  2014   000F68                     RXB0D2          equ	3944	;# 
  2015   000F69                     RXB0D3          equ	3945	;# 
  2016   000F6A                     RXB0D4          equ	3946	;# 
  2017   000F6B                     RXB0D5          equ	3947	;# 
  2018   000F6C                     RXB0D6          equ	3948	;# 
  2019   000F6D                     RXB0D7          equ	3949	;# 
  2020   000F6E                     CANSTAT         equ	3950	;# 
  2021   000F6F                     CANCON          equ	3951	;# 
  2022   000F70                     BRGCON1         equ	3952	;# 
  2023   000F71                     BRGCON2         equ	3953	;# 
  2024   000F72                     BRGCON3         equ	3954	;# 
  2025   000F73                     CIOCON          equ	3955	;# 
  2026   000F74                     COMSTAT         equ	3956	;# 
  2027   000F75                     RXERRCNT        equ	3957	;# 
  2028   000F76                     TXERRCNT        equ	3958	;# 
  2029   000F77                     ECANCON         equ	3959	;# 
  2030   000F80                     PORTA           equ	3968	;# 
  2031   000F81                     PORTB           equ	3969	;# 
  2032   000F82                     PORTC           equ	3970	;# 
  2033   000F83                     PORTD           equ	3971	;# 
  2034   000F84                     PORTE           equ	3972	;# 
  2035   000F89                     LATA            equ	3977	;# 
  2036   000F8A                     LATB            equ	3978	;# 
  2037   000F8B                     LATC            equ	3979	;# 
  2038   000F8C                     LATD            equ	3980	;# 
  2039   000F8D                     LATE            equ	3981	;# 
  2040   000F92                     TRISA           equ	3986	;# 
  2041   000F92                     DDRA            equ	3986	;# 
  2042   000F93                     TRISB           equ	3987	;# 
  2043   000F93                     DDRB            equ	3987	;# 
  2044   000F94                     TRISC           equ	3988	;# 
  2045   000F94                     DDRC            equ	3988	;# 
  2046   000F95                     TRISD           equ	3989	;# 
  2047   000F95                     DDRD            equ	3989	;# 
  2048   000F96                     TRISE           equ	3990	;# 
  2049   000F96                     DDRE            equ	3990	;# 
  2050   000F9B                     OSCTUNE         equ	3995	;# 
  2051   000F9D                     PIE1            equ	3997	;# 
  2052   000F9E                     PIR1            equ	3998	;# 
  2053   000F9F                     IPR1            equ	3999	;# 
  2054   000FA0                     PIE2            equ	4000	;# 
  2055   000FA1                     PIR2            equ	4001	;# 
  2056   000FA2                     IPR2            equ	4002	;# 
  2057   000FA3                     PIE3            equ	4003	;# 
  2058   000FA4                     PIR3            equ	4004	;# 
  2059   000FA5                     IPR3            equ	4005	;# 
  2060   000FA6                     EECON1          equ	4006	;# 
  2061   000FA7                     EECON2          equ	4007	;# 
  2062   000FA8                     EEDATA          equ	4008	;# 
  2063   000FA9                     EEADR           equ	4009	;# 
  2064   000FAB                     RCSTA           equ	4011	;# 
  2065   000FAB                     RCSTA1          equ	4011	;# 
  2066   000FAC                     TXSTA           equ	4012	;# 
  2067   000FAC                     TXSTA1          equ	4012	;# 
  2068   000FAD                     TXREG           equ	4013	;# 
  2069   000FAD                     TXREG1          equ	4013	;# 
  2070   000FAE                     RCREG           equ	4014	;# 
  2071   000FAE                     RCREG1          equ	4014	;# 
  2072   000FAF                     SPBRG           equ	4015	;# 
  2073   000FAF                     SPBRG1          equ	4015	;# 
  2074   000FB0                     SPBRGH          equ	4016	;# 
  2075   000FB1                     T3CON           equ	4017	;# 
  2076   000FB2                     TMR3            equ	4018	;# 
  2077   000FB2                     TMR3L           equ	4018	;# 
  2078   000FB3                     TMR3H           equ	4019	;# 
  2079   000FB4                     CMCON           equ	4020	;# 
  2080   000FB5                     CVRCON          equ	4021	;# 
  2081   000FB6                     ECCP1AS         equ	4022	;# 
  2082   000FB7                     ECCP1DEL        equ	4023	;# 
  2083   000FB8                     BAUDCON         equ	4024	;# 
  2084   000FB8                     BAUDCTL         equ	4024	;# 
  2085   000FBA                     ECCP1CON        equ	4026	;# 
  2086   000FBB                     ECCPR1          equ	4027	;# 
  2087   000FBB                     ECCPR1L         equ	4027	;# 
  2088   000FBC                     ECCPR1H         equ	4028	;# 
  2089   000FBD                     CCP1CON         equ	4029	;# 
  2090   000FBE                     CCPR1           equ	4030	;# 
  2091   000FBE                     CCPR1L          equ	4030	;# 
  2092   000FBF                     CCPR1H          equ	4031	;# 
  2093   000FC0                     ADCON2          equ	4032	;# 
  2094   000FC1                     ADCON1          equ	4033	;# 
  2095   000FC2                     ADCON0          equ	4034	;# 
  2096   000FC3                     ADRES           equ	4035	;# 
  2097   000FC3                     ADRESL          equ	4035	;# 
  2098   000FC4                     ADRESH          equ	4036	;# 
  2099   000FC5                     SSPCON2         equ	4037	;# 
  2100   000FC6                     SSPCON1         equ	4038	;# 
  2101   000FC7                     SSPSTAT         equ	4039	;# 
  2102   000FC8                     SSPADD          equ	4040	;# 
  2103   000FC9                     SSPBUF          equ	4041	;# 
  2104   000FCA                     T2CON           equ	4042	;# 
  2105   000FCB                     PR2             equ	4043	;# 
  2106   000FCB                     MEMCON          equ	4043	;# 
  2107   000FCC                     TMR2            equ	4044	;# 
  2108   000FCD                     T1CON           equ	4045	;# 
  2109   000FCE                     TMR1            equ	4046	;# 
  2110   000FCE                     TMR1L           equ	4046	;# 
  2111   000FCF                     TMR1H           equ	4047	;# 
  2112   000FD0                     RCON            equ	4048	;# 
  2113   000FD1                     WDTCON          equ	4049	;# 
  2114   000FD2                     HLVDCON         equ	4050	;# 
  2115   000FD2                     LVDCON          equ	4050	;# 
  2116   000FD3                     OSCCON          equ	4051	;# 
  2117   000FD5                     T0CON           equ	4053	;# 
  2118   000FD6                     TMR0            equ	4054	;# 
  2119   000FD6                     TMR0L           equ	4054	;# 
  2120   000FD7                     TMR0H           equ	4055	;# 
  2121   000FD8                     STATUS          equ	4056	;# 
  2122   000FD9                     FSR2            equ	4057	;# 
  2123   000FD9                     FSR2L           equ	4057	;# 
  2124   000FDA                     FSR2H           equ	4058	;# 
  2125   000FDB                     PLUSW2          equ	4059	;# 
  2126   000FDC                     PREINC2         equ	4060	;# 
  2127   000FDD                     POSTDEC2        equ	4061	;# 
  2128   000FDE                     POSTINC2        equ	4062	;# 
  2129   000FDF                     INDF2           equ	4063	;# 
  2130   000FE0                     BSR             equ	4064	;# 
  2131   000FE1                     FSR1            equ	4065	;# 
  2132   000FE1                     FSR1L           equ	4065	;# 
  2133   000FE2                     FSR1H           equ	4066	;# 
  2134   000FE3                     PLUSW1          equ	4067	;# 
  2135   000FE4                     PREINC1         equ	4068	;# 
  2136   000FE5                     POSTDEC1        equ	4069	;# 
  2137   000FE6                     POSTINC1        equ	4070	;# 
  2138   000FE7                     INDF1           equ	4071	;# 
  2139   000FE8                     WREG            equ	4072	;# 
  2140   000FE9                     FSR0            equ	4073	;# 
  2141   000FE9                     FSR0L           equ	4073	;# 
  2142   000FEA                     FSR0H           equ	4074	;# 
  2143   000FEB                     PLUSW0          equ	4075	;# 
  2144   000FEC                     PREINC0         equ	4076	;# 
  2145   000FED                     POSTDEC0        equ	4077	;# 
  2146   000FEE                     POSTINC0        equ	4078	;# 
  2147   000FEF                     INDF0           equ	4079	;# 
  2148   000FF0                     INTCON3         equ	4080	;# 
  2149   000FF1                     INTCON2         equ	4081	;# 
  2150   000FF2                     INTCON          equ	4082	;# 
  2151   000FF3                     PROD            equ	4083	;# 
  2152   000FF3                     PRODL           equ	4083	;# 
  2153   000FF4                     PRODH           equ	4084	;# 
  2154   000FF5                     TABLAT          equ	4085	;# 
  2155   000FF6                     TBLPTR          equ	4086	;# 
  2156   000FF6                     TBLPTRL         equ	4086	;# 
  2157   000FF7                     TBLPTRH         equ	4087	;# 
  2158   000FF8                     TBLPTRU         equ	4088	;# 
  2159   000FF9                     PCLAT           equ	4089	;# 
  2160   000FF9                     PC              equ	4089	;# 
  2161   000FF9                     PCL             equ	4089	;# 
  2162   000FFA                     PCLATH          equ	4090	;# 
  2163   000FFB                     PCLATU          equ	4091	;# 
  2164   000FFC                     STKPTR          equ	4092	;# 
  2165   000FFD                     TOS             equ	4093	;# 
  2166   000FFD                     TOSL            equ	4093	;# 
  2167   000FFE                     TOSH            equ	4094	;# 
  2168   000FFF                     TOSU            equ	4095	;# 
  2169   000D60                     RXF6SIDH        equ	3424	;# 
  2170   000D61                     RXF6SIDL        equ	3425	;# 
  2171   000D62                     RXF6EIDH        equ	3426	;# 
  2172   000D63                     RXF6EIDL        equ	3427	;# 
  2173   000D64                     RXF7SIDH        equ	3428	;# 
  2174   000D65                     RXF7SIDL        equ	3429	;# 
  2175   000D66                     RXF7EIDH        equ	3430	;# 
  2176   000D67                     RXF7EIDL        equ	3431	;# 
  2177   000D68                     RXF8SIDH        equ	3432	;# 
  2178   000D69                     RXF8SIDL        equ	3433	;# 
  2179   000D6A                     RXF8EIDH        equ	3434	;# 
  2180   000D6B                     RXF8EIDL        equ	3435	;# 
  2181   000D70                     RXF9SIDH        equ	3440	;# 
  2182   000D71                     RXF9SIDL        equ	3441	;# 
  2183   000D72                     RXF9EIDH        equ	3442	;# 
  2184   000D73                     RXF9EIDL        equ	3443	;# 
  2185   000D74                     RXF10SIDH       equ	3444	;# 
  2186   000D75                     RXF10SIDL       equ	3445	;# 
  2187   000D76                     RXF10EIDH       equ	3446	;# 
  2188   000D77                     RXF10EIDL       equ	3447	;# 
  2189   000D78                     RXF11SIDH       equ	3448	;# 
  2190   000D79                     RXF11SIDL       equ	3449	;# 
  2191   000D7A                     RXF11EIDH       equ	3450	;# 
  2192   000D7B                     RXF11EIDL       equ	3451	;# 
  2193   000D80                     RXF12SIDH       equ	3456	;# 
  2194   000D81                     RXF12SIDL       equ	3457	;# 
  2195   000D82                     RXF12EIDH       equ	3458	;# 
  2196   000D83                     RXF12EIDL       equ	3459	;# 
  2197   000D84                     RXF13SIDH       equ	3460	;# 
  2198   000D85                     RXF13SIDL       equ	3461	;# 
  2199   000D86                     RXF13EIDH       equ	3462	;# 
  2200   000D87                     RXF13EIDL       equ	3463	;# 
  2201   000D88                     RXF14SIDH       equ	3464	;# 
  2202   000D89                     RXF14SIDL       equ	3465	;# 
  2203   000D8A                     RXF14EIDH       equ	3466	;# 
  2204   000D8B                     RXF14EIDL       equ	3467	;# 
  2205   000D90                     RXF15SIDH       equ	3472	;# 
  2206   000D91                     RXF15SIDL       equ	3473	;# 
  2207   000D92                     RXF15EIDH       equ	3474	;# 
  2208   000D93                     RXF15EIDL       equ	3475	;# 
  2209   000DD4                     RXFCON0         equ	3540	;# 
  2210   000DD5                     RXFCON1         equ	3541	;# 
  2211   000DD8                     SDFLC           equ	3544	;# 
  2212   000DE0                     RXFBCON0        equ	3552	;# 
  2213   000DE1                     RXFBCON1        equ	3553	;# 
  2214   000DE2                     RXFBCON2        equ	3554	;# 
  2215   000DE3                     RXFBCON3        equ	3555	;# 
  2216   000DE4                     RXFBCON4        equ	3556	;# 
  2217   000DE5                     RXFBCON5        equ	3557	;# 
  2218   000DE6                     RXFBCON6        equ	3558	;# 
  2219   000DE7                     RXFBCON7        equ	3559	;# 
  2220   000DF0                     MSEL0           equ	3568	;# 
  2221   000DF1                     MSEL1           equ	3569	;# 
  2222   000DF2                     MSEL2           equ	3570	;# 
  2223   000DF3                     MSEL3           equ	3571	;# 
  2224   000DF8                     BSEL0           equ	3576	;# 
  2225   000DFA                     BIE0            equ	3578	;# 
  2226   000DFC                     TXBIE           equ	3580	;# 
  2227   000E20                     B0CON           equ	3616	;# 
  2228   000E21                     B0SIDH          equ	3617	;# 
  2229   000E22                     B0SIDL          equ	3618	;# 
  2230   000E23                     B0EIDH          equ	3619	;# 
  2231   000E24                     B0EIDL          equ	3620	;# 
  2232   000E25                     B0DLC           equ	3621	;# 
  2233   000E26                     B0D0            equ	3622	;# 
  2234   000E27                     B0D1            equ	3623	;# 
  2235   000E28                     B0D2            equ	3624	;# 
  2236   000E29                     B0D3            equ	3625	;# 
  2237   000E2A                     B0D4            equ	3626	;# 
  2238   000E2B                     B0D5            equ	3627	;# 
  2239   000E2C                     B0D6            equ	3628	;# 
  2240   000E2D                     B0D7            equ	3629	;# 
  2241   000E2E                     CANSTAT_RO9     equ	3630	;# 
  2242   000E2F                     CANCON_RO9      equ	3631	;# 
  2243   000E30                     B1CON           equ	3632	;# 
  2244   000E31                     B1SIDH          equ	3633	;# 
  2245   000E32                     B1SIDL          equ	3634	;# 
  2246   000E33                     B1EIDH          equ	3635	;# 
  2247   000E34                     B1EIDL          equ	3636	;# 
  2248   000E35                     B1DLC           equ	3637	;# 
  2249   000E36                     B1D0            equ	3638	;# 
  2250   000E37                     B1D1            equ	3639	;# 
  2251   000E38                     B1D2            equ	3640	;# 
  2252   000E39                     B1D3            equ	3641	;# 
  2253   000E3A                     B1D4            equ	3642	;# 
  2254   000E3B                     B1D5            equ	3643	;# 
  2255   000E3C                     B1D6            equ	3644	;# 
  2256   000E3D                     B1D7            equ	3645	;# 
  2257   000E3E                     CANSTAT_RO8     equ	3646	;# 
  2258   000E3F                     CANCON_RO8      equ	3647	;# 
  2259   000E40                     B2CON           equ	3648	;# 
  2260   000E41                     B2SIDH          equ	3649	;# 
  2261   000E42                     B2SIDL          equ	3650	;# 
  2262   000E43                     B2EIDH          equ	3651	;# 
  2263   000E44                     B2EIDL          equ	3652	;# 
  2264   000E45                     B2DLC           equ	3653	;# 
  2265   000E46                     B2D0            equ	3654	;# 
  2266   000E47                     B2D1            equ	3655	;# 
  2267   000E48                     B2D2            equ	3656	;# 
  2268   000E49                     B2D3            equ	3657	;# 
  2269   000E4A                     B2D4            equ	3658	;# 
  2270   000E4B                     B2D5            equ	3659	;# 
  2271   000E4C                     B2D6            equ	3660	;# 
  2272   000E4D                     B2D7            equ	3661	;# 
  2273   000E4E                     CANSTAT_RO7     equ	3662	;# 
  2274   000E4F                     CANCON_RO7      equ	3663	;# 
  2275   000E50                     B3CON           equ	3664	;# 
  2276   000E51                     B3SIDH          equ	3665	;# 
  2277   000E52                     B3SIDL          equ	3666	;# 
  2278   000E53                     B3EIDH          equ	3667	;# 
  2279   000E54                     B3EIDL          equ	3668	;# 
  2280   000E55                     B3DLC           equ	3669	;# 
  2281   000E56                     B3D0            equ	3670	;# 
  2282   000E57                     B3D1            equ	3671	;# 
  2283   000E58                     B3D2            equ	3672	;# 
  2284   000E59                     B3D3            equ	3673	;# 
  2285   000E5A                     B3D4            equ	3674	;# 
  2286   000E5B                     B3D5            equ	3675	;# 
  2287   000E5C                     B3D6            equ	3676	;# 
  2288   000E5D                     B3D7            equ	3677	;# 
  2289   000E5E                     CANSTAT_RO6     equ	3678	;# 
  2290   000E5F                     CANCON_RO6      equ	3679	;# 
  2291   000E60                     B4CON           equ	3680	;# 
  2292   000E61                     B4SIDH          equ	3681	;# 
  2293   000E62                     B4SIDL          equ	3682	;# 
  2294   000E63                     B4EIDH          equ	3683	;# 
  2295   000E64                     B4EIDL          equ	3684	;# 
  2296   000E65                     B4DLC           equ	3685	;# 
  2297   000E66                     B4D0            equ	3686	;# 
  2298   000E67                     B4D1            equ	3687	;# 
  2299   000E68                     B4D2            equ	3688	;# 
  2300   000E69                     B4D3            equ	3689	;# 
  2301   000E6A                     B4D4            equ	3690	;# 
  2302   000E6B                     B4D5            equ	3691	;# 
  2303   000E6C                     B4D6            equ	3692	;# 
  2304   000E6D                     B4D7            equ	3693	;# 
  2305   000E6E                     CANSTAT_RO5     equ	3694	;# 
  2306   000E6F                     CANCON_RO5      equ	3695	;# 
  2307   000E70                     B5CON           equ	3696	;# 
  2308   000E71                     B5SIDH          equ	3697	;# 
  2309   000E72                     B5SIDL          equ	3698	;# 
  2310   000E73                     B5EIDH          equ	3699	;# 
  2311   000E74                     B5EIDL          equ	3700	;# 
  2312   000E75                     B5DLC           equ	3701	;# 
  2313   000E76                     B5D0            equ	3702	;# 
  2314   000E77                     B5D1            equ	3703	;# 
  2315   000E78                     B5D2            equ	3704	;# 
  2316   000E79                     B5D3            equ	3705	;# 
  2317   000E7A                     B5D4            equ	3706	;# 
  2318   000E7B                     B5D5            equ	3707	;# 
  2319   000E7C                     B5D6            equ	3708	;# 
  2320   000E7D                     B5D7            equ	3709	;# 
  2321   000E7E                     CANSTAT_RO4     equ	3710	;# 
  2322   000E7F                     CANCON_RO4      equ	3711	;# 
  2323   000F00                     RXF0SIDH        equ	3840	;# 
  2324   000F01                     RXF0SIDL        equ	3841	;# 
  2325   000F02                     RXF0EIDH        equ	3842	;# 
  2326   000F03                     RXF0EIDL        equ	3843	;# 
  2327   000F04                     RXF1SIDH        equ	3844	;# 
  2328   000F05                     RXF1SIDL        equ	3845	;# 
  2329   000F06                     RXF1EIDH        equ	3846	;# 
  2330   000F07                     RXF1EIDL        equ	3847	;# 
  2331   000F08                     RXF2SIDH        equ	3848	;# 
  2332   000F09                     RXF2SIDL        equ	3849	;# 
  2333   000F0A                     RXF2EIDH        equ	3850	;# 
  2334   000F0B                     RXF2EIDL        equ	3851	;# 
  2335   000F0C                     RXF3SIDH        equ	3852	;# 
  2336   000F0D                     RXF3SIDL        equ	3853	;# 
  2337   000F0E                     RXF3EIDH        equ	3854	;# 
  2338   000F0F                     RXF3EIDL        equ	3855	;# 
  2339   000F10                     RXF4SIDH        equ	3856	;# 
  2340   000F11                     RXF4SIDL        equ	3857	;# 
  2341   000F12                     RXF4EIDH        equ	3858	;# 
  2342   000F13                     RXF4EIDL        equ	3859	;# 
  2343   000F14                     RXF5SIDH        equ	3860	;# 
  2344   000F15                     RXF5SIDL        equ	3861	;# 
  2345   000F16                     RXF5EIDH        equ	3862	;# 
  2346   000F17                     RXF5EIDL        equ	3863	;# 
  2347   000F18                     RXM0SIDH        equ	3864	;# 
  2348   000F19                     RXM0SIDL        equ	3865	;# 
  2349   000F1A                     RXM0EIDH        equ	3866	;# 
  2350   000F1B                     RXM0EIDL        equ	3867	;# 
  2351   000F1C                     RXM1SIDH        equ	3868	;# 
  2352   000F1D                     RXM1SIDL        equ	3869	;# 
  2353   000F1E                     RXM1EIDH        equ	3870	;# 
  2354   000F1F                     RXM1EIDL        equ	3871	;# 
  2355   000F20                     TXB2CON         equ	3872	;# 
  2356   000F21                     TXB2SIDH        equ	3873	;# 
  2357   000F22                     TXB2SIDL        equ	3874	;# 
  2358   000F23                     TXB2EIDH        equ	3875	;# 
  2359   000F24                     TXB2EIDL        equ	3876	;# 
  2360   000F25                     TXB2DLC         equ	3877	;# 
  2361   000F26                     TXB2D0          equ	3878	;# 
  2362   000F27                     TXB2D1          equ	3879	;# 
  2363   000F28                     TXB2D2          equ	3880	;# 
  2364   000F29                     TXB2D3          equ	3881	;# 
  2365   000F2A                     TXB2D4          equ	3882	;# 
  2366   000F2B                     TXB2D5          equ	3883	;# 
  2367   000F2C                     TXB2D6          equ	3884	;# 
  2368   000F2D                     TXB2D7          equ	3885	;# 
  2369   000F2E                     CANSTAT_RO3     equ	3886	;# 
  2370   000F2F                     CANCON_RO3      equ	3887	;# 
  2371   000F30                     TXB1CON         equ	3888	;# 
  2372   000F31                     TXB1SIDH        equ	3889	;# 
  2373   000F32                     TXB1SIDL        equ	3890	;# 
  2374   000F33                     TXB1EIDH        equ	3891	;# 
  2375   000F34                     TXB1EIDL        equ	3892	;# 
  2376   000F35                     TXB1DLC         equ	3893	;# 
  2377   000F36                     TXB1D0          equ	3894	;# 
  2378   000F37                     TXB1D1          equ	3895	;# 
  2379   000F38                     TXB1D2          equ	3896	;# 
  2380   000F39                     TXB1D3          equ	3897	;# 
  2381   000F3A                     TXB1D4          equ	3898	;# 
  2382   000F3B                     TXB1D5          equ	3899	;# 
  2383   000F3C                     TXB1D6          equ	3900	;# 
  2384   000F3D                     TXB1D7          equ	3901	;# 
  2385   000F3E                     CANSTAT_RO2     equ	3902	;# 
  2386   000F3F                     CANCON_RO2      equ	3903	;# 
  2387   000F40                     TXB0CON         equ	3904	;# 
  2388   000F41                     TXB0SIDH        equ	3905	;# 
  2389   000F42                     TXB0SIDL        equ	3906	;# 
  2390   000F43                     TXB0EIDH        equ	3907	;# 
  2391   000F44                     TXB0EIDL        equ	3908	;# 
  2392   000F45                     TXB0DLC         equ	3909	;# 
  2393   000F46                     TXB0D0          equ	3910	;# 
  2394   000F47                     TXB0D1          equ	3911	;# 
  2395   000F48                     TXB0D2          equ	3912	;# 
  2396   000F49                     TXB0D3          equ	3913	;# 
  2397   000F4A                     TXB0D4          equ	3914	;# 
  2398   000F4B                     TXB0D5          equ	3915	;# 
  2399   000F4C                     TXB0D6          equ	3916	;# 
  2400   000F4D                     TXB0D7          equ	3917	;# 
  2401   000F4E                     CANSTAT_RO1     equ	3918	;# 
  2402   000F4F                     CANCON_RO1      equ	3919	;# 
  2403   000F50                     RXB1CON         equ	3920	;# 
  2404   000F51                     RXB1SIDH        equ	3921	;# 
  2405   000F52                     RXB1SIDL        equ	3922	;# 
  2406   000F53                     RXB1EIDH        equ	3923	;# 
  2407   000F54                     RXB1EIDL        equ	3924	;# 
  2408   000F55                     RXB1DLC         equ	3925	;# 
  2409   000F56                     RXB1D0          equ	3926	;# 
  2410   000F57                     RXB1D1          equ	3927	;# 
  2411   000F58                     RXB1D2          equ	3928	;# 
  2412   000F59                     RXB1D3          equ	3929	;# 
  2413   000F5A                     RXB1D4          equ	3930	;# 
  2414   000F5B                     RXB1D5          equ	3931	;# 
  2415   000F5C                     RXB1D6          equ	3932	;# 
  2416   000F5D                     RXB1D7          equ	3933	;# 
  2417   000F5E                     CANSTAT_RO0     equ	3934	;# 
  2418   000F5F                     CANCON_RO0      equ	3935	;# 
  2419   000F60                     RXB0CON         equ	3936	;# 
  2420   000F61                     RXB0SIDH        equ	3937	;# 
  2421   000F62                     RXB0SIDL        equ	3938	;# 
  2422   000F63                     RXB0EIDH        equ	3939	;# 
  2423   000F64                     RXB0EIDL        equ	3940	;# 
  2424   000F65                     RXB0DLC         equ	3941	;# 
  2425   000F66                     RXB0D0          equ	3942	;# 
  2426   000F67                     RXB0D1          equ	3943	;# 
  2427   000F68                     RXB0D2          equ	3944	;# 
  2428   000F69                     RXB0D3          equ	3945	;# 
  2429   000F6A                     RXB0D4          equ	3946	;# 
  2430   000F6B                     RXB0D5          equ	3947	;# 
  2431   000F6C                     RXB0D6          equ	3948	;# 
  2432   000F6D                     RXB0D7          equ	3949	;# 
  2433   000F6E                     CANSTAT         equ	3950	;# 
  2434   000F6F                     CANCON          equ	3951	;# 
  2435   000F70                     BRGCON1         equ	3952	;# 
  2436   000F71                     BRGCON2         equ	3953	;# 
  2437   000F72                     BRGCON3         equ	3954	;# 
  2438   000F73                     CIOCON          equ	3955	;# 
  2439   000F74                     COMSTAT         equ	3956	;# 
  2440   000F75                     RXERRCNT        equ	3957	;# 
  2441   000F76                     TXERRCNT        equ	3958	;# 
  2442   000F77                     ECANCON         equ	3959	;# 
  2443   000F80                     PORTA           equ	3968	;# 
  2444   000F81                     PORTB           equ	3969	;# 
  2445   000F82                     PORTC           equ	3970	;# 
  2446   000F83                     PORTD           equ	3971	;# 
  2447   000F84                     PORTE           equ	3972	;# 
  2448   000F89                     LATA            equ	3977	;# 
  2449   000F8A                     LATB            equ	3978	;# 
  2450   000F8B                     LATC            equ	3979	;# 
  2451   000F8C                     LATD            equ	3980	;# 
  2452   000F8D                     LATE            equ	3981	;# 
  2453   000F92                     TRISA           equ	3986	;# 
  2454   000F92                     DDRA            equ	3986	;# 
  2455   000F93                     TRISB           equ	3987	;# 
  2456   000F93                     DDRB            equ	3987	;# 
  2457   000F94                     TRISC           equ	3988	;# 
  2458   000F94                     DDRC            equ	3988	;# 
  2459   000F95                     TRISD           equ	3989	;# 
  2460   000F95                     DDRD            equ	3989	;# 
  2461   000F96                     TRISE           equ	3990	;# 
  2462   000F96                     DDRE            equ	3990	;# 
  2463   000F9B                     OSCTUNE         equ	3995	;# 
  2464   000F9D                     PIE1            equ	3997	;# 
  2465   000F9E                     PIR1            equ	3998	;# 
  2466   000F9F                     IPR1            equ	3999	;# 
  2467   000FA0                     PIE2            equ	4000	;# 
  2468   000FA1                     PIR2            equ	4001	;# 
  2469   000FA2                     IPR2            equ	4002	;# 
  2470   000FA3                     PIE3            equ	4003	;# 
  2471   000FA4                     PIR3            equ	4004	;# 
  2472   000FA5                     IPR3            equ	4005	;# 
  2473   000FA6                     EECON1          equ	4006	;# 
  2474   000FA7                     EECON2          equ	4007	;# 
  2475   000FA8                     EEDATA          equ	4008	;# 
  2476   000FA9                     EEADR           equ	4009	;# 
  2477   000FAB                     RCSTA           equ	4011	;# 
  2478   000FAB                     RCSTA1          equ	4011	;# 
  2479   000FAC                     TXSTA           equ	4012	;# 
  2480   000FAC                     TXSTA1          equ	4012	;# 
  2481   000FAD                     TXREG           equ	4013	;# 
  2482   000FAD                     TXREG1          equ	4013	;# 
  2483   000FAE                     RCREG           equ	4014	;# 
  2484   000FAE                     RCREG1          equ	4014	;# 
  2485   000FAF                     SPBRG           equ	4015	;# 
  2486   000FAF                     SPBRG1          equ	4015	;# 
  2487   000FB0                     SPBRGH          equ	4016	;# 
  2488   000FB1                     T3CON           equ	4017	;# 
  2489   000FB2                     TMR3            equ	4018	;# 
  2490   000FB2                     TMR3L           equ	4018	;# 
  2491   000FB3                     TMR3H           equ	4019	;# 
  2492   000FB4                     CMCON           equ	4020	;# 
  2493   000FB5                     CVRCON          equ	4021	;# 
  2494   000FB6                     ECCP1AS         equ	4022	;# 
  2495   000FB7                     ECCP1DEL        equ	4023	;# 
  2496   000FB8                     BAUDCON         equ	4024	;# 
  2497   000FB8                     BAUDCTL         equ	4024	;# 
  2498   000FBA                     ECCP1CON        equ	4026	;# 
  2499   000FBB                     ECCPR1          equ	4027	;# 
  2500   000FBB                     ECCPR1L         equ	4027	;# 
  2501   000FBC                     ECCPR1H         equ	4028	;# 
  2502   000FBD                     CCP1CON         equ	4029	;# 
  2503   000FBE                     CCPR1           equ	4030	;# 
  2504   000FBE                     CCPR1L          equ	4030	;# 
  2505   000FBF                     CCPR1H          equ	4031	;# 
  2506   000FC0                     ADCON2          equ	4032	;# 
  2507   000FC1                     ADCON1          equ	4033	;# 
  2508   000FC2                     ADCON0          equ	4034	;# 
  2509   000FC3                     ADRES           equ	4035	;# 
  2510   000FC3                     ADRESL          equ	4035	;# 
  2511   000FC4                     ADRESH          equ	4036	;# 
  2512   000FC5                     SSPCON2         equ	4037	;# 
  2513   000FC6                     SSPCON1         equ	4038	;# 
  2514   000FC7                     SSPSTAT         equ	4039	;# 
  2515   000FC8                     SSPADD          equ	4040	;# 
  2516   000FC9                     SSPBUF          equ	4041	;# 
  2517   000FCA                     T2CON           equ	4042	;# 
  2518   000FCB                     PR2             equ	4043	;# 
  2519   000FCB                     MEMCON          equ	4043	;# 
  2520   000FCC                     TMR2            equ	4044	;# 
  2521   000FCD                     T1CON           equ	4045	;# 
  2522   000FCE                     TMR1            equ	4046	;# 
  2523   000FCE                     TMR1L           equ	4046	;# 
  2524   000FCF                     TMR1H           equ	4047	;# 
  2525   000FD0                     RCON            equ	4048	;# 
  2526   000FD1                     WDTCON          equ	4049	;# 
  2527   000FD2                     HLVDCON         equ	4050	;# 
  2528   000FD2                     LVDCON          equ	4050	;# 
  2529   000FD3                     OSCCON          equ	4051	;# 
  2530   000FD5                     T0CON           equ	4053	;# 
  2531   000FD6                     TMR0            equ	4054	;# 
  2532   000FD6                     TMR0L           equ	4054	;# 
  2533   000FD7                     TMR0H           equ	4055	;# 
  2534   000FD8                     STATUS          equ	4056	;# 
  2535   000FD9                     FSR2            equ	4057	;# 
  2536   000FD9                     FSR2L           equ	4057	;# 
  2537   000FDA                     FSR2H           equ	4058	;# 
  2538   000FDB                     PLUSW2          equ	4059	;# 
  2539   000FDC                     PREINC2         equ	4060	;# 
  2540   000FDD                     POSTDEC2        equ	4061	;# 
  2541   000FDE                     POSTINC2        equ	4062	;# 
  2542   000FDF                     INDF2           equ	4063	;# 
  2543   000FE0                     BSR             equ	4064	;# 
  2544   000FE1                     FSR1            equ	4065	;# 
  2545   000FE1                     FSR1L           equ	4065	;# 
  2546   000FE2                     FSR1H           equ	4066	;# 
  2547   000FE3                     PLUSW1          equ	4067	;# 
  2548   000FE4                     PREINC1         equ	4068	;# 
  2549   000FE5                     POSTDEC1        equ	4069	;# 
  2550   000FE6                     POSTINC1        equ	4070	;# 
  2551   000FE7                     INDF1           equ	4071	;# 
  2552   000FE8                     WREG            equ	4072	;# 
  2553   000FE9                     FSR0            equ	4073	;# 
  2554   000FE9                     FSR0L           equ	4073	;# 
  2555   000FEA                     FSR0H           equ	4074	;# 
  2556   000FEB                     PLUSW0          equ	4075	;# 
  2557   000FEC                     PREINC0         equ	4076	;# 
  2558   000FED                     POSTDEC0        equ	4077	;# 
  2559   000FEE                     POSTINC0        equ	4078	;# 
  2560   000FEF                     INDF0           equ	4079	;# 
  2561   000FF0                     INTCON3         equ	4080	;# 
  2562   000FF1                     INTCON2         equ	4081	;# 
  2563   000FF2                     INTCON          equ	4082	;# 
  2564   000FF3                     PROD            equ	4083	;# 
  2565   000FF3                     PRODL           equ	4083	;# 
  2566   000FF4                     PRODH           equ	4084	;# 
  2567   000FF5                     TABLAT          equ	4085	;# 
  2568   000FF6                     TBLPTR          equ	4086	;# 
  2569   000FF6                     TBLPTRL         equ	4086	;# 
  2570   000FF7                     TBLPTRH         equ	4087	;# 
  2571   000FF8                     TBLPTRU         equ	4088	;# 
  2572   000FF9                     PCLAT           equ	4089	;# 
  2573   000FF9                     PC              equ	4089	;# 
  2574   000FF9                     PCL             equ	4089	;# 
  2575   000FFA                     PCLATH          equ	4090	;# 
  2576   000FFB                     PCLATU          equ	4091	;# 
  2577   000FFC                     STKPTR          equ	4092	;# 
  2578   000FFD                     TOS             equ	4093	;# 
  2579   000FFD                     TOSL            equ	4093	;# 
  2580   000FFE                     TOSH            equ	4094	;# 
  2581   000FFF                     TOSU            equ	4095	;# 
  2582   000D60                     RXF6SIDH        equ	3424	;# 
  2583   000D61                     RXF6SIDL        equ	3425	;# 
  2584   000D62                     RXF6EIDH        equ	3426	;# 
  2585   000D63                     RXF6EIDL        equ	3427	;# 
  2586   000D64                     RXF7SIDH        equ	3428	;# 
  2587   000D65                     RXF7SIDL        equ	3429	;# 
  2588   000D66                     RXF7EIDH        equ	3430	;# 
  2589   000D67                     RXF7EIDL        equ	3431	;# 
  2590   000D68                     RXF8SIDH        equ	3432	;# 
  2591   000D69                     RXF8SIDL        equ	3433	;# 
  2592   000D6A                     RXF8EIDH        equ	3434	;# 
  2593   000D6B                     RXF8EIDL        equ	3435	;# 
  2594   000D70                     RXF9SIDH        equ	3440	;# 
  2595   000D71                     RXF9SIDL        equ	3441	;# 
  2596   000D72                     RXF9EIDH        equ	3442	;# 
  2597   000D73                     RXF9EIDL        equ	3443	;# 
  2598   000D74                     RXF10SIDH       equ	3444	;# 
  2599   000D75                     RXF10SIDL       equ	3445	;# 
  2600   000D76                     RXF10EIDH       equ	3446	;# 
  2601   000D77                     RXF10EIDL       equ	3447	;# 
  2602   000D78                     RXF11SIDH       equ	3448	;# 
  2603   000D79                     RXF11SIDL       equ	3449	;# 
  2604   000D7A                     RXF11EIDH       equ	3450	;# 
  2605   000D7B                     RXF11EIDL       equ	3451	;# 
  2606   000D80                     RXF12SIDH       equ	3456	;# 
  2607   000D81                     RXF12SIDL       equ	3457	;# 
  2608   000D82                     RXF12EIDH       equ	3458	;# 
  2609   000D83                     RXF12EIDL       equ	3459	;# 
  2610   000D84                     RXF13SIDH       equ	3460	;# 
  2611   000D85                     RXF13SIDL       equ	3461	;# 
  2612   000D86                     RXF13EIDH       equ	3462	;# 
  2613   000D87                     RXF13EIDL       equ	3463	;# 
  2614   000D88                     RXF14SIDH       equ	3464	;# 
  2615   000D89                     RXF14SIDL       equ	3465	;# 
  2616   000D8A                     RXF14EIDH       equ	3466	;# 
  2617   000D8B                     RXF14EIDL       equ	3467	;# 
  2618   000D90                     RXF15SIDH       equ	3472	;# 
  2619   000D91                     RXF15SIDL       equ	3473	;# 
  2620   000D92                     RXF15EIDH       equ	3474	;# 
  2621   000D93                     RXF15EIDL       equ	3475	;# 
  2622   000DD4                     RXFCON0         equ	3540	;# 
  2623   000DD5                     RXFCON1         equ	3541	;# 
  2624   000DD8                     SDFLC           equ	3544	;# 
  2625   000DE0                     RXFBCON0        equ	3552	;# 
  2626   000DE1                     RXFBCON1        equ	3553	;# 
  2627   000DE2                     RXFBCON2        equ	3554	;# 
  2628   000DE3                     RXFBCON3        equ	3555	;# 
  2629   000DE4                     RXFBCON4        equ	3556	;# 
  2630   000DE5                     RXFBCON5        equ	3557	;# 
  2631   000DE6                     RXFBCON6        equ	3558	;# 
  2632   000DE7                     RXFBCON7        equ	3559	;# 
  2633   000DF0                     MSEL0           equ	3568	;# 
  2634   000DF1                     MSEL1           equ	3569	;# 
  2635   000DF2                     MSEL2           equ	3570	;# 
  2636   000DF3                     MSEL3           equ	3571	;# 
  2637   000DF8                     BSEL0           equ	3576	;# 
  2638   000DFA                     BIE0            equ	3578	;# 
  2639   000DFC                     TXBIE           equ	3580	;# 
  2640   000E20                     B0CON           equ	3616	;# 
  2641   000E21                     B0SIDH          equ	3617	;# 
  2642   000E22                     B0SIDL          equ	3618	;# 
  2643   000E23                     B0EIDH          equ	3619	;# 
  2644   000E24                     B0EIDL          equ	3620	;# 
  2645   000E25                     B0DLC           equ	3621	;# 
  2646   000E26                     B0D0            equ	3622	;# 
  2647   000E27                     B0D1            equ	3623	;# 
  2648   000E28                     B0D2            equ	3624	;# 
  2649   000E29                     B0D3            equ	3625	;# 
  2650   000E2A                     B0D4            equ	3626	;# 
  2651   000E2B                     B0D5            equ	3627	;# 
  2652   000E2C                     B0D6            equ	3628	;# 
  2653   000E2D                     B0D7            equ	3629	;# 
  2654   000E2E                     CANSTAT_RO9     equ	3630	;# 
  2655   000E2F                     CANCON_RO9      equ	3631	;# 
  2656   000E30                     B1CON           equ	3632	;# 
  2657   000E31                     B1SIDH          equ	3633	;# 
  2658   000E32                     B1SIDL          equ	3634	;# 
  2659   000E33                     B1EIDH          equ	3635	;# 
  2660   000E34                     B1EIDL          equ	3636	;# 
  2661   000E35                     B1DLC           equ	3637	;# 
  2662   000E36                     B1D0            equ	3638	;# 
  2663   000E37                     B1D1            equ	3639	;# 
  2664   000E38                     B1D2            equ	3640	;# 
  2665   000E39                     B1D3            equ	3641	;# 
  2666   000E3A                     B1D4            equ	3642	;# 
  2667   000E3B                     B1D5            equ	3643	;# 
  2668   000E3C                     B1D6            equ	3644	;# 
  2669   000E3D                     B1D7            equ	3645	;# 
  2670   000E3E                     CANSTAT_RO8     equ	3646	;# 
  2671   000E3F                     CANCON_RO8      equ	3647	;# 
  2672   000E40                     B2CON           equ	3648	;# 
  2673   000E41                     B2SIDH          equ	3649	;# 
  2674   000E42                     B2SIDL          equ	3650	;# 
  2675   000E43                     B2EIDH          equ	3651	;# 
  2676   000E44                     B2EIDL          equ	3652	;# 
  2677   000E45                     B2DLC           equ	3653	;# 
  2678   000E46                     B2D0            equ	3654	;# 
  2679   000E47                     B2D1            equ	3655	;# 
  2680   000E48                     B2D2            equ	3656	;# 
  2681   000E49                     B2D3            equ	3657	;# 
  2682   000E4A                     B2D4            equ	3658	;# 
  2683   000E4B                     B2D5            equ	3659	;# 
  2684   000E4C                     B2D6            equ	3660	;# 
  2685   000E4D                     B2D7            equ	3661	;# 
  2686   000E4E                     CANSTAT_RO7     equ	3662	;# 
  2687   000E4F                     CANCON_RO7      equ	3663	;# 
  2688   000E50                     B3CON           equ	3664	;# 
  2689   000E51                     B3SIDH          equ	3665	;# 
  2690   000E52                     B3SIDL          equ	3666	;# 
  2691   000E53                     B3EIDH          equ	3667	;# 
  2692   000E54                     B3EIDL          equ	3668	;# 
  2693   000E55                     B3DLC           equ	3669	;# 
  2694   000E56                     B3D0            equ	3670	;# 
  2695   000E57                     B3D1            equ	3671	;# 
  2696   000E58                     B3D2            equ	3672	;# 
  2697   000E59                     B3D3            equ	3673	;# 
  2698   000E5A                     B3D4            equ	3674	;# 
  2699   000E5B                     B3D5            equ	3675	;# 
  2700   000E5C                     B3D6            equ	3676	;# 
  2701   000E5D                     B3D7            equ	3677	;# 
  2702   000E5E                     CANSTAT_RO6     equ	3678	;# 
  2703   000E5F                     CANCON_RO6      equ	3679	;# 
  2704   000E60                     B4CON           equ	3680	;# 
  2705   000E61                     B4SIDH          equ	3681	;# 
  2706   000E62                     B4SIDL          equ	3682	;# 
  2707   000E63                     B4EIDH          equ	3683	;# 
  2708   000E64                     B4EIDL          equ	3684	;# 
  2709   000E65                     B4DLC           equ	3685	;# 
  2710   000E66                     B4D0            equ	3686	;# 
  2711   000E67                     B4D1            equ	3687	;# 
  2712   000E68                     B4D2            equ	3688	;# 
  2713   000E69                     B4D3            equ	3689	;# 
  2714   000E6A                     B4D4            equ	3690	;# 
  2715   000E6B                     B4D5            equ	3691	;# 
  2716   000E6C                     B4D6            equ	3692	;# 
  2717   000E6D                     B4D7            equ	3693	;# 
  2718   000E6E                     CANSTAT_RO5     equ	3694	;# 
  2719   000E6F                     CANCON_RO5      equ	3695	;# 
  2720   000E70                     B5CON           equ	3696	;# 
  2721   000E71                     B5SIDH          equ	3697	;# 
  2722   000E72                     B5SIDL          equ	3698	;# 
  2723   000E73                     B5EIDH          equ	3699	;# 
  2724   000E74                     B5EIDL          equ	3700	;# 
  2725   000E75                     B5DLC           equ	3701	;# 
  2726   000E76                     B5D0            equ	3702	;# 
  2727   000E77                     B5D1            equ	3703	;# 
  2728   000E78                     B5D2            equ	3704	;# 
  2729   000E79                     B5D3            equ	3705	;# 
  2730   000E7A                     B5D4            equ	3706	;# 
  2731   000E7B                     B5D5            equ	3707	;# 
  2732   000E7C                     B5D6            equ	3708	;# 
  2733   000E7D                     B5D7            equ	3709	;# 
  2734   000E7E                     CANSTAT_RO4     equ	3710	;# 
  2735   000E7F                     CANCON_RO4      equ	3711	;# 
  2736   000F00                     RXF0SIDH        equ	3840	;# 
  2737   000F01                     RXF0SIDL        equ	3841	;# 
  2738   000F02                     RXF0EIDH        equ	3842	;# 
  2739   000F03                     RXF0EIDL        equ	3843	;# 
  2740   000F04                     RXF1SIDH        equ	3844	;# 
  2741   000F05                     RXF1SIDL        equ	3845	;# 
  2742   000F06                     RXF1EIDH        equ	3846	;# 
  2743   000F07                     RXF1EIDL        equ	3847	;# 
  2744   000F08                     RXF2SIDH        equ	3848	;# 
  2745   000F09                     RXF2SIDL        equ	3849	;# 
  2746   000F0A                     RXF2EIDH        equ	3850	;# 
  2747   000F0B                     RXF2EIDL        equ	3851	;# 
  2748   000F0C                     RXF3SIDH        equ	3852	;# 
  2749   000F0D                     RXF3SIDL        equ	3853	;# 
  2750   000F0E                     RXF3EIDH        equ	3854	;# 
  2751   000F0F                     RXF3EIDL        equ	3855	;# 
  2752   000F10                     RXF4SIDH        equ	3856	;# 
  2753   000F11                     RXF4SIDL        equ	3857	;# 
  2754   000F12                     RXF4EIDH        equ	3858	;# 
  2755   000F13                     RXF4EIDL        equ	3859	;# 
  2756   000F14                     RXF5SIDH        equ	3860	;# 
  2757   000F15                     RXF5SIDL        equ	3861	;# 
  2758   000F16                     RXF5EIDH        equ	3862	;# 
  2759   000F17                     RXF5EIDL        equ	3863	;# 
  2760   000F18                     RXM0SIDH        equ	3864	;# 
  2761   000F19                     RXM0SIDL        equ	3865	;# 
  2762   000F1A                     RXM0EIDH        equ	3866	;# 
  2763   000F1B                     RXM0EIDL        equ	3867	;# 
  2764   000F1C                     RXM1SIDH        equ	3868	;# 
  2765   000F1D                     RXM1SIDL        equ	3869	;# 
  2766   000F1E                     RXM1EIDH        equ	3870	;# 
  2767   000F1F                     RXM1EIDL        equ	3871	;# 
  2768   000F20                     TXB2CON         equ	3872	;# 
  2769   000F21                     TXB2SIDH        equ	3873	;# 
  2770   000F22                     TXB2SIDL        equ	3874	;# 
  2771   000F23                     TXB2EIDH        equ	3875	;# 
  2772   000F24                     TXB2EIDL        equ	3876	;# 
  2773   000F25                     TXB2DLC         equ	3877	;# 
  2774   000F26                     TXB2D0          equ	3878	;# 
  2775   000F27                     TXB2D1          equ	3879	;# 
  2776   000F28                     TXB2D2          equ	3880	;# 
  2777   000F29                     TXB2D3          equ	3881	;# 
  2778   000F2A                     TXB2D4          equ	3882	;# 
  2779   000F2B                     TXB2D5          equ	3883	;# 
  2780   000F2C                     TXB2D6          equ	3884	;# 
  2781   000F2D                     TXB2D7          equ	3885	;# 
  2782   000F2E                     CANSTAT_RO3     equ	3886	;# 
  2783   000F2F                     CANCON_RO3      equ	3887	;# 
  2784   000F30                     TXB1CON         equ	3888	;# 
  2785   000F31                     TXB1SIDH        equ	3889	;# 
  2786   000F32                     TXB1SIDL        equ	3890	;# 
  2787   000F33                     TXB1EIDH        equ	3891	;# 
  2788   000F34                     TXB1EIDL        equ	3892	;# 
  2789   000F35                     TXB1DLC         equ	3893	;# 
  2790   000F36                     TXB1D0          equ	3894	;# 
  2791   000F37                     TXB1D1          equ	3895	;# 
  2792   000F38                     TXB1D2          equ	3896	;# 
  2793   000F39                     TXB1D3          equ	3897	;# 
  2794   000F3A                     TXB1D4          equ	3898	;# 
  2795   000F3B                     TXB1D5          equ	3899	;# 
  2796   000F3C                     TXB1D6          equ	3900	;# 
  2797   000F3D                     TXB1D7          equ	3901	;# 
  2798   000F3E                     CANSTAT_RO2     equ	3902	;# 
  2799   000F3F                     CANCON_RO2      equ	3903	;# 
  2800   000F40                     TXB0CON         equ	3904	;# 
  2801   000F41                     TXB0SIDH        equ	3905	;# 
  2802   000F42                     TXB0SIDL        equ	3906	;# 
  2803   000F43                     TXB0EIDH        equ	3907	;# 
  2804   000F44                     TXB0EIDL        equ	3908	;# 
  2805   000F45                     TXB0DLC         equ	3909	;# 
  2806   000F46                     TXB0D0          equ	3910	;# 
  2807   000F47                     TXB0D1          equ	3911	;# 
  2808   000F48                     TXB0D2          equ	3912	;# 
  2809   000F49                     TXB0D3          equ	3913	;# 
  2810   000F4A                     TXB0D4          equ	3914	;# 
  2811   000F4B                     TXB0D5          equ	3915	;# 
  2812   000F4C                     TXB0D6          equ	3916	;# 
  2813   000F4D                     TXB0D7          equ	3917	;# 
  2814   000F4E                     CANSTAT_RO1     equ	3918	;# 
  2815   000F4F                     CANCON_RO1      equ	3919	;# 
  2816   000F50                     RXB1CON         equ	3920	;# 
  2817   000F51                     RXB1SIDH        equ	3921	;# 
  2818   000F52                     RXB1SIDL        equ	3922	;# 
  2819   000F53                     RXB1EIDH        equ	3923	;# 
  2820   000F54                     RXB1EIDL        equ	3924	;# 
  2821   000F55                     RXB1DLC         equ	3925	;# 
  2822   000F56                     RXB1D0          equ	3926	;# 
  2823   000F57                     RXB1D1          equ	3927	;# 
  2824   000F58                     RXB1D2          equ	3928	;# 
  2825   000F59                     RXB1D3          equ	3929	;# 
  2826   000F5A                     RXB1D4          equ	3930	;# 
  2827   000F5B                     RXB1D5          equ	3931	;# 
  2828   000F5C                     RXB1D6          equ	3932	;# 
  2829   000F5D                     RXB1D7          equ	3933	;# 
  2830   000F5E                     CANSTAT_RO0     equ	3934	;# 
  2831   000F5F                     CANCON_RO0      equ	3935	;# 
  2832   000F60                     RXB0CON         equ	3936	;# 
  2833   000F61                     RXB0SIDH        equ	3937	;# 
  2834   000F62                     RXB0SIDL        equ	3938	;# 
  2835   000F63                     RXB0EIDH        equ	3939	;# 
  2836   000F64                     RXB0EIDL        equ	3940	;# 
  2837   000F65                     RXB0DLC         equ	3941	;# 
  2838   000F66                     RXB0D0          equ	3942	;# 
  2839   000F67                     RXB0D1          equ	3943	;# 
  2840   000F68                     RXB0D2          equ	3944	;# 
  2841   000F69                     RXB0D3          equ	3945	;# 
  2842   000F6A                     RXB0D4          equ	3946	;# 
  2843   000F6B                     RXB0D5          equ	3947	;# 
  2844   000F6C                     RXB0D6          equ	3948	;# 
  2845   000F6D                     RXB0D7          equ	3949	;# 
  2846   000F6E                     CANSTAT         equ	3950	;# 
  2847   000F6F                     CANCON          equ	3951	;# 
  2848   000F70                     BRGCON1         equ	3952	;# 
  2849   000F71                     BRGCON2         equ	3953	;# 
  2850   000F72                     BRGCON3         equ	3954	;# 
  2851   000F73                     CIOCON          equ	3955	;# 
  2852   000F74                     COMSTAT         equ	3956	;# 
  2853   000F75                     RXERRCNT        equ	3957	;# 
  2854   000F76                     TXERRCNT        equ	3958	;# 
  2855   000F77                     ECANCON         equ	3959	;# 
  2856   000F80                     PORTA           equ	3968	;# 
  2857   000F81                     PORTB           equ	3969	;# 
  2858   000F82                     PORTC           equ	3970	;# 
  2859   000F83                     PORTD           equ	3971	;# 
  2860   000F84                     PORTE           equ	3972	;# 
  2861   000F89                     LATA            equ	3977	;# 
  2862   000F8A                     LATB            equ	3978	;# 
  2863   000F8B                     LATC            equ	3979	;# 
  2864   000F8C                     LATD            equ	3980	;# 
  2865   000F8D                     LATE            equ	3981	;# 
  2866   000F92                     TRISA           equ	3986	;# 
  2867   000F92                     DDRA            equ	3986	;# 
  2868   000F93                     TRISB           equ	3987	;# 
  2869   000F93                     DDRB            equ	3987	;# 
  2870   000F94                     TRISC           equ	3988	;# 
  2871   000F94                     DDRC            equ	3988	;# 
  2872   000F95                     TRISD           equ	3989	;# 
  2873   000F95                     DDRD            equ	3989	;# 
  2874   000F96                     TRISE           equ	3990	;# 
  2875   000F96                     DDRE            equ	3990	;# 
  2876   000F9B                     OSCTUNE         equ	3995	;# 
  2877   000F9D                     PIE1            equ	3997	;# 
  2878   000F9E                     PIR1            equ	3998	;# 
  2879   000F9F                     IPR1            equ	3999	;# 
  2880   000FA0                     PIE2            equ	4000	;# 
  2881   000FA1                     PIR2            equ	4001	;# 
  2882   000FA2                     IPR2            equ	4002	;# 
  2883   000FA3                     PIE3            equ	4003	;# 
  2884   000FA4                     PIR3            equ	4004	;# 
  2885   000FA5                     IPR3            equ	4005	;# 
  2886   000FA6                     EECON1          equ	4006	;# 
  2887   000FA7                     EECON2          equ	4007	;# 
  2888   000FA8                     EEDATA          equ	4008	;# 
  2889   000FA9                     EEADR           equ	4009	;# 
  2890   000FAB                     RCSTA           equ	4011	;# 
  2891   000FAB                     RCSTA1          equ	4011	;# 
  2892   000FAC                     TXSTA           equ	4012	;# 
  2893   000FAC                     TXSTA1          equ	4012	;# 
  2894   000FAD                     TXREG           equ	4013	;# 
  2895   000FAD                     TXREG1          equ	4013	;# 
  2896   000FAE                     RCREG           equ	4014	;# 
  2897   000FAE                     RCREG1          equ	4014	;# 
  2898   000FAF                     SPBRG           equ	4015	;# 
  2899   000FAF                     SPBRG1          equ	4015	;# 
  2900   000FB0                     SPBRGH          equ	4016	;# 
  2901   000FB1                     T3CON           equ	4017	;# 
  2902   000FB2                     TMR3            equ	4018	;# 
  2903   000FB2                     TMR3L           equ	4018	;# 
  2904   000FB3                     TMR3H           equ	4019	;# 
  2905   000FB4                     CMCON           equ	4020	;# 
  2906   000FB5                     CVRCON          equ	4021	;# 
  2907   000FB6                     ECCP1AS         equ	4022	;# 
  2908   000FB7                     ECCP1DEL        equ	4023	;# 
  2909   000FB8                     BAUDCON         equ	4024	;# 
  2910   000FB8                     BAUDCTL         equ	4024	;# 
  2911   000FBA                     ECCP1CON        equ	4026	;# 
  2912   000FBB                     ECCPR1          equ	4027	;# 
  2913   000FBB                     ECCPR1L         equ	4027	;# 
  2914   000FBC                     ECCPR1H         equ	4028	;# 
  2915   000FBD                     CCP1CON         equ	4029	;# 
  2916   000FBE                     CCPR1           equ	4030	;# 
  2917   000FBE                     CCPR1L          equ	4030	;# 
  2918   000FBF                     CCPR1H          equ	4031	;# 
  2919   000FC0                     ADCON2          equ	4032	;# 
  2920   000FC1                     ADCON1          equ	4033	;# 
  2921   000FC2                     ADCON0          equ	4034	;# 
  2922   000FC3                     ADRES           equ	4035	;# 
  2923   000FC3                     ADRESL          equ	4035	;# 
  2924   000FC4                     ADRESH          equ	4036	;# 
  2925   000FC5                     SSPCON2         equ	4037	;# 
  2926   000FC6                     SSPCON1         equ	4038	;# 
  2927   000FC7                     SSPSTAT         equ	4039	;# 
  2928   000FC8                     SSPADD          equ	4040	;# 
  2929   000FC9                     SSPBUF          equ	4041	;# 
  2930   000FCA                     T2CON           equ	4042	;# 
  2931   000FCB                     PR2             equ	4043	;# 
  2932   000FCB                     MEMCON          equ	4043	;# 
  2933   000FCC                     TMR2            equ	4044	;# 
  2934   000FCD                     T1CON           equ	4045	;# 
  2935   000FCE                     TMR1            equ	4046	;# 
  2936   000FCE                     TMR1L           equ	4046	;# 
  2937   000FCF                     TMR1H           equ	4047	;# 
  2938   000FD0                     RCON            equ	4048	;# 
  2939   000FD1                     WDTCON          equ	4049	;# 
  2940   000FD2                     HLVDCON         equ	4050	;# 
  2941   000FD2                     LVDCON          equ	4050	;# 
  2942   000FD3                     OSCCON          equ	4051	;# 
  2943   000FD5                     T0CON           equ	4053	;# 
  2944   000FD6                     TMR0            equ	4054	;# 
  2945   000FD6                     TMR0L           equ	4054	;# 
  2946   000FD7                     TMR0H           equ	4055	;# 
  2947   000FD8                     STATUS          equ	4056	;# 
  2948   000FD9                     FSR2            equ	4057	;# 
  2949   000FD9                     FSR2L           equ	4057	;# 
  2950   000FDA                     FSR2H           equ	4058	;# 
  2951   000FDB                     PLUSW2          equ	4059	;# 
  2952   000FDC                     PREINC2         equ	4060	;# 
  2953   000FDD                     POSTDEC2        equ	4061	;# 
  2954   000FDE                     POSTINC2        equ	4062	;# 
  2955   000FDF                     INDF2           equ	4063	;# 
  2956   000FE0                     BSR             equ	4064	;# 
  2957   000FE1                     FSR1            equ	4065	;# 
  2958   000FE1                     FSR1L           equ	4065	;# 
  2959   000FE2                     FSR1H           equ	4066	;# 
  2960   000FE3                     PLUSW1          equ	4067	;# 
  2961   000FE4                     PREINC1         equ	4068	;# 
  2962   000FE5                     POSTDEC1        equ	4069	;# 
  2963   000FE6                     POSTINC1        equ	4070	;# 
  2964   000FE7                     INDF1           equ	4071	;# 
  2965   000FE8                     WREG            equ	4072	;# 
  2966   000FE9                     FSR0            equ	4073	;# 
  2967   000FE9                     FSR0L           equ	4073	;# 
  2968   000FEA                     FSR0H           equ	4074	;# 
  2969   000FEB                     PLUSW0          equ	4075	;# 
  2970   000FEC                     PREINC0         equ	4076	;# 
  2971   000FED                     POSTDEC0        equ	4077	;# 
  2972   000FEE                     POSTINC0        equ	4078	;# 
  2973   000FEF                     INDF0           equ	4079	;# 
  2974   000FF0                     INTCON3         equ	4080	;# 
  2975   000FF1                     INTCON2         equ	4081	;# 
  2976   000FF2                     INTCON          equ	4082	;# 
  2977   000FF3                     PROD            equ	4083	;# 
  2978   000FF3                     PRODL           equ	4083	;# 
  2979   000FF4                     PRODH           equ	4084	;# 
  2980   000FF5                     TABLAT          equ	4085	;# 
  2981   000FF6                     TBLPTR          equ	4086	;# 
  2982   000FF6                     TBLPTRL         equ	4086	;# 
  2983   000FF7                     TBLPTRH         equ	4087	;# 
  2984   000FF8                     TBLPTRU         equ	4088	;# 
  2985   000FF9                     PCLAT           equ	4089	;# 
  2986   000FF9                     PC              equ	4089	;# 
  2987   000FF9                     PCL             equ	4089	;# 
  2988   000FFA                     PCLATH          equ	4090	;# 
  2989   000FFB                     PCLATU          equ	4091	;# 
  2990   000FFC                     STKPTR          equ	4092	;# 
  2991   000FFD                     TOS             equ	4093	;# 
  2992   000FFD                     TOSL            equ	4093	;# 
  2993   000FFE                     TOSH            equ	4094	;# 
  2994   000FFF                     TOSU            equ	4095	;# 
  2995   000D60                     RXF6SIDH        equ	3424	;# 
  2996   000D61                     RXF6SIDL        equ	3425	;# 
  2997   000D62                     RXF6EIDH        equ	3426	;# 
  2998   000D63                     RXF6EIDL        equ	3427	;# 
  2999   000D64                     RXF7SIDH        equ	3428	;# 
  3000   000D65                     RXF7SIDL        equ	3429	;# 
  3001   000D66                     RXF7EIDH        equ	3430	;# 
  3002   000D67                     RXF7EIDL        equ	3431	;# 
  3003   000D68                     RXF8SIDH        equ	3432	;# 
  3004   000D69                     RXF8SIDL        equ	3433	;# 
  3005   000D6A                     RXF8EIDH        equ	3434	;# 
  3006   000D6B                     RXF8EIDL        equ	3435	;# 
  3007   000D70                     RXF9SIDH        equ	3440	;# 
  3008   000D71                     RXF9SIDL        equ	3441	;# 
  3009   000D72                     RXF9EIDH        equ	3442	;# 
  3010   000D73                     RXF9EIDL        equ	3443	;# 
  3011   000D74                     RXF10SIDH       equ	3444	;# 
  3012   000D75                     RXF10SIDL       equ	3445	;# 
  3013   000D76                     RXF10EIDH       equ	3446	;# 
  3014   000D77                     RXF10EIDL       equ	3447	;# 
  3015   000D78                     RXF11SIDH       equ	3448	;# 
  3016   000D79                     RXF11SIDL       equ	3449	;# 
  3017   000D7A                     RXF11EIDH       equ	3450	;# 
  3018   000D7B                     RXF11EIDL       equ	3451	;# 
  3019   000D80                     RXF12SIDH       equ	3456	;# 
  3020   000D81                     RXF12SIDL       equ	3457	;# 
  3021   000D82                     RXF12EIDH       equ	3458	;# 
  3022   000D83                     RXF12EIDL       equ	3459	;# 
  3023   000D84                     RXF13SIDH       equ	3460	;# 
  3024   000D85                     RXF13SIDL       equ	3461	;# 
  3025   000D86                     RXF13EIDH       equ	3462	;# 
  3026   000D87                     RXF13EIDL       equ	3463	;# 
  3027   000D88                     RXF14SIDH       equ	3464	;# 
  3028   000D89                     RXF14SIDL       equ	3465	;# 
  3029   000D8A                     RXF14EIDH       equ	3466	;# 
  3030   000D8B                     RXF14EIDL       equ	3467	;# 
  3031   000D90                     RXF15SIDH       equ	3472	;# 
  3032   000D91                     RXF15SIDL       equ	3473	;# 
  3033   000D92                     RXF15EIDH       equ	3474	;# 
  3034   000D93                     RXF15EIDL       equ	3475	;# 
  3035   000DD4                     RXFCON0         equ	3540	;# 
  3036   000DD5                     RXFCON1         equ	3541	;# 
  3037   000DD8                     SDFLC           equ	3544	;# 
  3038   000DE0                     RXFBCON0        equ	3552	;# 
  3039   000DE1                     RXFBCON1        equ	3553	;# 
  3040   000DE2                     RXFBCON2        equ	3554	;# 
  3041   000DE3                     RXFBCON3        equ	3555	;# 
  3042   000DE4                     RXFBCON4        equ	3556	;# 
  3043   000DE5                     RXFBCON5        equ	3557	;# 
  3044   000DE6                     RXFBCON6        equ	3558	;# 
  3045   000DE7                     RXFBCON7        equ	3559	;# 
  3046   000DF0                     MSEL0           equ	3568	;# 
  3047   000DF1                     MSEL1           equ	3569	;# 
  3048   000DF2                     MSEL2           equ	3570	;# 
  3049   000DF3                     MSEL3           equ	3571	;# 
  3050   000DF8                     BSEL0           equ	3576	;# 
  3051   000DFA                     BIE0            equ	3578	;# 
  3052   000DFC                     TXBIE           equ	3580	;# 
  3053   000E20                     B0CON           equ	3616	;# 
  3054   000E21                     B0SIDH          equ	3617	;# 
  3055   000E22                     B0SIDL          equ	3618	;# 
  3056   000E23                     B0EIDH          equ	3619	;# 
  3057   000E24                     B0EIDL          equ	3620	;# 
  3058   000E25                     B0DLC           equ	3621	;# 
  3059   000E26                     B0D0            equ	3622	;# 
  3060   000E27                     B0D1            equ	3623	;# 
  3061   000E28                     B0D2            equ	3624	;# 
  3062   000E29                     B0D3            equ	3625	;# 
  3063   000E2A                     B0D4            equ	3626	;# 
  3064   000E2B                     B0D5            equ	3627	;# 
  3065   000E2C                     B0D6            equ	3628	;# 
  3066   000E2D                     B0D7            equ	3629	;# 
  3067   000E2E                     CANSTAT_RO9     equ	3630	;# 
  3068   000E2F                     CANCON_RO9      equ	3631	;# 
  3069   000E30                     B1CON           equ	3632	;# 
  3070   000E31                     B1SIDH          equ	3633	;# 
  3071   000E32                     B1SIDL          equ	3634	;# 
  3072   000E33                     B1EIDH          equ	3635	;# 
  3073   000E34                     B1EIDL          equ	3636	;# 
  3074   000E35                     B1DLC           equ	3637	;# 
  3075   000E36                     B1D0            equ	3638	;# 
  3076   000E37                     B1D1            equ	3639	;# 
  3077   000E38                     B1D2            equ	3640	;# 
  3078   000E39                     B1D3            equ	3641	;# 
  3079   000E3A                     B1D4            equ	3642	;# 
  3080   000E3B                     B1D5            equ	3643	;# 
  3081   000E3C                     B1D6            equ	3644	;# 
  3082   000E3D                     B1D7            equ	3645	;# 
  3083   000E3E                     CANSTAT_RO8     equ	3646	;# 
  3084   000E3F                     CANCON_RO8      equ	3647	;# 
  3085   000E40                     B2CON           equ	3648	;# 
  3086   000E41                     B2SIDH          equ	3649	;# 
  3087   000E42                     B2SIDL          equ	3650	;# 
  3088   000E43                     B2EIDH          equ	3651	;# 
  3089   000E44                     B2EIDL          equ	3652	;# 
  3090   000E45                     B2DLC           equ	3653	;# 
  3091   000E46                     B2D0            equ	3654	;# 
  3092   000E47                     B2D1            equ	3655	;# 
  3093   000E48                     B2D2            equ	3656	;# 
  3094   000E49                     B2D3            equ	3657	;# 
  3095   000E4A                     B2D4            equ	3658	;# 
  3096   000E4B                     B2D5            equ	3659	;# 
  3097   000E4C                     B2D6            equ	3660	;# 
  3098   000E4D                     B2D7            equ	3661	;# 
  3099   000E4E                     CANSTAT_RO7     equ	3662	;# 
  3100   000E4F                     CANCON_RO7      equ	3663	;# 
  3101   000E50                     B3CON           equ	3664	;# 
  3102   000E51                     B3SIDH          equ	3665	;# 
  3103   000E52                     B3SIDL          equ	3666	;# 
  3104   000E53                     B3EIDH          equ	3667	;# 
  3105   000E54                     B3EIDL          equ	3668	;# 
  3106   000E55                     B3DLC           equ	3669	;# 
  3107   000E56                     B3D0            equ	3670	;# 
  3108   000E57                     B3D1            equ	3671	;# 
  3109   000E58                     B3D2            equ	3672	;# 
  3110   000E59                     B3D3            equ	3673	;# 
  3111   000E5A                     B3D4            equ	3674	;# 
  3112   000E5B                     B3D5            equ	3675	;# 
  3113   000E5C                     B3D6            equ	3676	;# 
  3114   000E5D                     B3D7            equ	3677	;# 
  3115   000E5E                     CANSTAT_RO6     equ	3678	;# 
  3116   000E5F                     CANCON_RO6      equ	3679	;# 
  3117   000E60                     B4CON           equ	3680	;# 
  3118   000E61                     B4SIDH          equ	3681	;# 
  3119   000E62                     B4SIDL          equ	3682	;# 
  3120   000E63                     B4EIDH          equ	3683	;# 
  3121   000E64                     B4EIDL          equ	3684	;# 
  3122   000E65                     B4DLC           equ	3685	;# 
  3123   000E66                     B4D0            equ	3686	;# 
  3124   000E67                     B4D1            equ	3687	;# 
  3125   000E68                     B4D2            equ	3688	;# 
  3126   000E69                     B4D3            equ	3689	;# 
  3127   000E6A                     B4D4            equ	3690	;# 
  3128   000E6B                     B4D5            equ	3691	;# 
  3129   000E6C                     B4D6            equ	3692	;# 
  3130   000E6D                     B4D7            equ	3693	;# 
  3131   000E6E                     CANSTAT_RO5     equ	3694	;# 
  3132   000E6F                     CANCON_RO5      equ	3695	;# 
  3133   000E70                     B5CON           equ	3696	;# 
  3134   000E71                     B5SIDH          equ	3697	;# 
  3135   000E72                     B5SIDL          equ	3698	;# 
  3136   000E73                     B5EIDH          equ	3699	;# 
  3137   000E74                     B5EIDL          equ	3700	;# 
  3138   000E75                     B5DLC           equ	3701	;# 
  3139   000E76                     B5D0            equ	3702	;# 
  3140   000E77                     B5D1            equ	3703	;# 
  3141   000E78                     B5D2            equ	3704	;# 
  3142   000E79                     B5D3            equ	3705	;# 
  3143   000E7A                     B5D4            equ	3706	;# 
  3144   000E7B                     B5D5            equ	3707	;# 
  3145   000E7C                     B5D6            equ	3708	;# 
  3146   000E7D                     B5D7            equ	3709	;# 
  3147   000E7E                     CANSTAT_RO4     equ	3710	;# 
  3148   000E7F                     CANCON_RO4      equ	3711	;# 
  3149   000F00                     RXF0SIDH        equ	3840	;# 
  3150   000F01                     RXF0SIDL        equ	3841	;# 
  3151   000F02                     RXF0EIDH        equ	3842	;# 
  3152   000F03                     RXF0EIDL        equ	3843	;# 
  3153   000F04                     RXF1SIDH        equ	3844	;# 
  3154   000F05                     RXF1SIDL        equ	3845	;# 
  3155   000F06                     RXF1EIDH        equ	3846	;# 
  3156   000F07                     RXF1EIDL        equ	3847	;# 
  3157   000F08                     RXF2SIDH        equ	3848	;# 
  3158   000F09                     RXF2SIDL        equ	3849	;# 
  3159   000F0A                     RXF2EIDH        equ	3850	;# 
  3160   000F0B                     RXF2EIDL        equ	3851	;# 
  3161   000F0C                     RXF3SIDH        equ	3852	;# 
  3162   000F0D                     RXF3SIDL        equ	3853	;# 
  3163   000F0E                     RXF3EIDH        equ	3854	;# 
  3164   000F0F                     RXF3EIDL        equ	3855	;# 
  3165   000F10                     RXF4SIDH        equ	3856	;# 
  3166   000F11                     RXF4SIDL        equ	3857	;# 
  3167   000F12                     RXF4EIDH        equ	3858	;# 
  3168   000F13                     RXF4EIDL        equ	3859	;# 
  3169   000F14                     RXF5SIDH        equ	3860	;# 
  3170   000F15                     RXF5SIDL        equ	3861	;# 
  3171   000F16                     RXF5EIDH        equ	3862	;# 
  3172   000F17                     RXF5EIDL        equ	3863	;# 
  3173   000F18                     RXM0SIDH        equ	3864	;# 
  3174   000F19                     RXM0SIDL        equ	3865	;# 
  3175   000F1A                     RXM0EIDH        equ	3866	;# 
  3176   000F1B                     RXM0EIDL        equ	3867	;# 
  3177   000F1C                     RXM1SIDH        equ	3868	;# 
  3178   000F1D                     RXM1SIDL        equ	3869	;# 
  3179   000F1E                     RXM1EIDH        equ	3870	;# 
  3180   000F1F                     RXM1EIDL        equ	3871	;# 
  3181   000F20                     TXB2CON         equ	3872	;# 
  3182   000F21                     TXB2SIDH        equ	3873	;# 
  3183   000F22                     TXB2SIDL        equ	3874	;# 
  3184   000F23                     TXB2EIDH        equ	3875	;# 
  3185   000F24                     TXB2EIDL        equ	3876	;# 
  3186   000F25                     TXB2DLC         equ	3877	;# 
  3187   000F26                     TXB2D0          equ	3878	;# 
  3188   000F27                     TXB2D1          equ	3879	;# 
  3189   000F28                     TXB2D2          equ	3880	;# 
  3190   000F29                     TXB2D3          equ	3881	;# 
  3191   000F2A                     TXB2D4          equ	3882	;# 
  3192   000F2B                     TXB2D5          equ	3883	;# 
  3193   000F2C                     TXB2D6          equ	3884	;# 
  3194   000F2D                     TXB2D7          equ	3885	;# 
  3195   000F2E                     CANSTAT_RO3     equ	3886	;# 
  3196   000F2F                     CANCON_RO3      equ	3887	;# 
  3197   000F30                     TXB1CON         equ	3888	;# 
  3198   000F31                     TXB1SIDH        equ	3889	;# 
  3199   000F32                     TXB1SIDL        equ	3890	;# 
  3200   000F33                     TXB1EIDH        equ	3891	;# 
  3201   000F34                     TXB1EIDL        equ	3892	;# 
  3202   000F35                     TXB1DLC         equ	3893	;# 
  3203   000F36                     TXB1D0          equ	3894	;# 
  3204   000F37                     TXB1D1          equ	3895	;# 
  3205   000F38                     TXB1D2          equ	3896	;# 
  3206   000F39                     TXB1D3          equ	3897	;# 
  3207   000F3A                     TXB1D4          equ	3898	;# 
  3208   000F3B                     TXB1D5          equ	3899	;# 
  3209   000F3C                     TXB1D6          equ	3900	;# 
  3210   000F3D                     TXB1D7          equ	3901	;# 
  3211   000F3E                     CANSTAT_RO2     equ	3902	;# 
  3212   000F3F                     CANCON_RO2      equ	3903	;# 
  3213   000F40                     TXB0CON         equ	3904	;# 
  3214   000F41                     TXB0SIDH        equ	3905	;# 
  3215   000F42                     TXB0SIDL        equ	3906	;# 
  3216   000F43                     TXB0EIDH        equ	3907	;# 
  3217   000F44                     TXB0EIDL        equ	3908	;# 
  3218   000F45                     TXB0DLC         equ	3909	;# 
  3219   000F46                     TXB0D0          equ	3910	;# 
  3220   000F47                     TXB0D1          equ	3911	;# 
  3221   000F48                     TXB0D2          equ	3912	;# 
  3222   000F49                     TXB0D3          equ	3913	;# 
  3223   000F4A                     TXB0D4          equ	3914	;# 
  3224   000F4B                     TXB0D5          equ	3915	;# 
  3225   000F4C                     TXB0D6          equ	3916	;# 
  3226   000F4D                     TXB0D7          equ	3917	;# 
  3227   000F4E                     CANSTAT_RO1     equ	3918	;# 
  3228   000F4F                     CANCON_RO1      equ	3919	;# 
  3229   000F50                     RXB1CON         equ	3920	;# 
  3230   000F51                     RXB1SIDH        equ	3921	;# 
  3231   000F52                     RXB1SIDL        equ	3922	;# 
  3232   000F53                     RXB1EIDH        equ	3923	;# 
  3233   000F54                     RXB1EIDL        equ	3924	;# 
  3234   000F55                     RXB1DLC         equ	3925	;# 
  3235   000F56                     RXB1D0          equ	3926	;# 
  3236   000F57                     RXB1D1          equ	3927	;# 
  3237   000F58                     RXB1D2          equ	3928	;# 
  3238   000F59                     RXB1D3          equ	3929	;# 
  3239   000F5A                     RXB1D4          equ	3930	;# 
  3240   000F5B                     RXB1D5          equ	3931	;# 
  3241   000F5C                     RXB1D6          equ	3932	;# 
  3242   000F5D                     RXB1D7          equ	3933	;# 
  3243   000F5E                     CANSTAT_RO0     equ	3934	;# 
  3244   000F5F                     CANCON_RO0      equ	3935	;# 
  3245   000F60                     RXB0CON         equ	3936	;# 
  3246   000F61                     RXB0SIDH        equ	3937	;# 
  3247   000F62                     RXB0SIDL        equ	3938	;# 
  3248   000F63                     RXB0EIDH        equ	3939	;# 
  3249   000F64                     RXB0EIDL        equ	3940	;# 
  3250   000F65                     RXB0DLC         equ	3941	;# 
  3251   000F66                     RXB0D0          equ	3942	;# 
  3252   000F67                     RXB0D1          equ	3943	;# 
  3253   000F68                     RXB0D2          equ	3944	;# 
  3254   000F69                     RXB0D3          equ	3945	;# 
  3255   000F6A                     RXB0D4          equ	3946	;# 
  3256   000F6B                     RXB0D5          equ	3947	;# 
  3257   000F6C                     RXB0D6          equ	3948	;# 
  3258   000F6D                     RXB0D7          equ	3949	;# 
  3259   000F6E                     CANSTAT         equ	3950	;# 
  3260   000F6F                     CANCON          equ	3951	;# 
  3261   000F70                     BRGCON1         equ	3952	;# 
  3262   000F71                     BRGCON2         equ	3953	;# 
  3263   000F72                     BRGCON3         equ	3954	;# 
  3264   000F73                     CIOCON          equ	3955	;# 
  3265   000F74                     COMSTAT         equ	3956	;# 
  3266   000F75                     RXERRCNT        equ	3957	;# 
  3267   000F76                     TXERRCNT        equ	3958	;# 
  3268   000F77                     ECANCON         equ	3959	;# 
  3269   000F80                     PORTA           equ	3968	;# 
  3270   000F81                     PORTB           equ	3969	;# 
  3271   000F82                     PORTC           equ	3970	;# 
  3272   000F83                     PORTD           equ	3971	;# 
  3273   000F84                     PORTE           equ	3972	;# 
  3274   000F89                     LATA            equ	3977	;# 
  3275   000F8A                     LATB            equ	3978	;# 
  3276   000F8B                     LATC            equ	3979	;# 
  3277   000F8C                     LATD            equ	3980	;# 
  3278   000F8D                     LATE            equ	3981	;# 
  3279   000F92                     TRISA           equ	3986	;# 
  3280   000F92                     DDRA            equ	3986	;# 
  3281   000F93                     TRISB           equ	3987	;# 
  3282   000F93                     DDRB            equ	3987	;# 
  3283   000F94                     TRISC           equ	3988	;# 
  3284   000F94                     DDRC            equ	3988	;# 
  3285   000F95                     TRISD           equ	3989	;# 
  3286   000F95                     DDRD            equ	3989	;# 
  3287   000F96                     TRISE           equ	3990	;# 
  3288   000F96                     DDRE            equ	3990	;# 
  3289   000F9B                     OSCTUNE         equ	3995	;# 
  3290   000F9D                     PIE1            equ	3997	;# 
  3291   000F9E                     PIR1            equ	3998	;# 
  3292   000F9F                     IPR1            equ	3999	;# 
  3293   000FA0                     PIE2            equ	4000	;# 
  3294   000FA1                     PIR2            equ	4001	;# 
  3295   000FA2                     IPR2            equ	4002	;# 
  3296   000FA3                     PIE3            equ	4003	;# 
  3297   000FA4                     PIR3            equ	4004	;# 
  3298   000FA5                     IPR3            equ	4005	;# 
  3299   000FA6                     EECON1          equ	4006	;# 
  3300   000FA7                     EECON2          equ	4007	;# 
  3301   000FA8                     EEDATA          equ	4008	;# 
  3302   000FA9                     EEADR           equ	4009	;# 
  3303   000FAB                     RCSTA           equ	4011	;# 
  3304   000FAB                     RCSTA1          equ	4011	;# 
  3305   000FAC                     TXSTA           equ	4012	;# 
  3306   000FAC                     TXSTA1          equ	4012	;# 
  3307   000FAD                     TXREG           equ	4013	;# 
  3308   000FAD                     TXREG1          equ	4013	;# 
  3309   000FAE                     RCREG           equ	4014	;# 
  3310   000FAE                     RCREG1          equ	4014	;# 
  3311   000FAF                     SPBRG           equ	4015	;# 
  3312   000FAF                     SPBRG1          equ	4015	;# 
  3313   000FB0                     SPBRGH          equ	4016	;# 
  3314   000FB1                     T3CON           equ	4017	;# 
  3315   000FB2                     TMR3            equ	4018	;# 
  3316   000FB2                     TMR3L           equ	4018	;# 
  3317   000FB3                     TMR3H           equ	4019	;# 
  3318   000FB4                     CMCON           equ	4020	;# 
  3319   000FB5                     CVRCON          equ	4021	;# 
  3320   000FB6                     ECCP1AS         equ	4022	;# 
  3321   000FB7                     ECCP1DEL        equ	4023	;# 
  3322   000FB8                     BAUDCON         equ	4024	;# 
  3323   000FB8                     BAUDCTL         equ	4024	;# 
  3324   000FBA                     ECCP1CON        equ	4026	;# 
  3325   000FBB                     ECCPR1          equ	4027	;# 
  3326   000FBB                     ECCPR1L         equ	4027	;# 
  3327   000FBC                     ECCPR1H         equ	4028	;# 
  3328   000FBD                     CCP1CON         equ	4029	;# 
  3329   000FBE                     CCPR1           equ	4030	;# 
  3330   000FBE                     CCPR1L          equ	4030	;# 
  3331   000FBF                     CCPR1H          equ	4031	;# 
  3332   000FC0                     ADCON2          equ	4032	;# 
  3333   000FC1                     ADCON1          equ	4033	;# 
  3334   000FC2                     ADCON0          equ	4034	;# 
  3335   000FC3                     ADRES           equ	4035	;# 
  3336   000FC3                     ADRESL          equ	4035	;# 
  3337   000FC4                     ADRESH          equ	4036	;# 
  3338   000FC5                     SSPCON2         equ	4037	;# 
  3339   000FC6                     SSPCON1         equ	4038	;# 
  3340   000FC7                     SSPSTAT         equ	4039	;# 
  3341   000FC8                     SSPADD          equ	4040	;# 
  3342   000FC9                     SSPBUF          equ	4041	;# 
  3343   000FCA                     T2CON           equ	4042	;# 
  3344   000FCB                     PR2             equ	4043	;# 
  3345   000FCB                     MEMCON          equ	4043	;# 
  3346   000FCC                     TMR2            equ	4044	;# 
  3347   000FCD                     T1CON           equ	4045	;# 
  3348   000FCE                     TMR1            equ	4046	;# 
  3349   000FCE                     TMR1L           equ	4046	;# 
  3350   000FCF                     TMR1H           equ	4047	;# 
  3351   000FD0                     RCON            equ	4048	;# 
  3352   000FD1                     WDTCON          equ	4049	;# 
  3353   000FD2                     HLVDCON         equ	4050	;# 
  3354   000FD2                     LVDCON          equ	4050	;# 
  3355   000FD3                     OSCCON          equ	4051	;# 
  3356   000FD5                     T0CON           equ	4053	;# 
  3357   000FD6                     TMR0            equ	4054	;# 
  3358   000FD6                     TMR0L           equ	4054	;# 
  3359   000FD7                     TMR0H           equ	4055	;# 
  3360   000FD8                     STATUS          equ	4056	;# 
  3361   000FD9                     FSR2            equ	4057	;# 
  3362   000FD9                     FSR2L           equ	4057	;# 
  3363   000FDA                     FSR2H           equ	4058	;# 
  3364   000FDB                     PLUSW2          equ	4059	;# 
  3365   000FDC                     PREINC2         equ	4060	;# 
  3366   000FDD                     POSTDEC2        equ	4061	;# 
  3367   000FDE                     POSTINC2        equ	4062	;# 
  3368   000FDF                     INDF2           equ	4063	;# 
  3369   000FE0                     BSR             equ	4064	;# 
  3370   000FE1                     FSR1            equ	4065	;# 
  3371   000FE1                     FSR1L           equ	4065	;# 
  3372   000FE2                     FSR1H           equ	4066	;# 
  3373   000FE3                     PLUSW1          equ	4067	;# 
  3374   000FE4                     PREINC1         equ	4068	;# 
  3375   000FE5                     POSTDEC1        equ	4069	;# 
  3376   000FE6                     POSTINC1        equ	4070	;# 
  3377   000FE7                     INDF1           equ	4071	;# 
  3378   000FE8                     WREG            equ	4072	;# 
  3379   000FE9                     FSR0            equ	4073	;# 
  3380   000FE9                     FSR0L           equ	4073	;# 
  3381   000FEA                     FSR0H           equ	4074	;# 
  3382   000FEB                     PLUSW0          equ	4075	;# 
  3383   000FEC                     PREINC0         equ	4076	;# 
  3384   000FED                     POSTDEC0        equ	4077	;# 
  3385   000FEE                     POSTINC0        equ	4078	;# 
  3386   000FEF                     INDF0           equ	4079	;# 
  3387   000FF0                     INTCON3         equ	4080	;# 
  3388   000FF1                     INTCON2         equ	4081	;# 
  3389   000FF2                     INTCON          equ	4082	;# 
  3390   000FF3                     PROD            equ	4083	;# 
  3391   000FF3                     PRODL           equ	4083	;# 
  3392   000FF4                     PRODH           equ	4084	;# 
  3393   000FF5                     TABLAT          equ	4085	;# 
  3394   000FF6                     TBLPTR          equ	4086	;# 
  3395   000FF6                     TBLPTRL         equ	4086	;# 
  3396   000FF7                     TBLPTRH         equ	4087	;# 
  3397   000FF8                     TBLPTRU         equ	4088	;# 
  3398   000FF9                     PCLAT           equ	4089	;# 
  3399   000FF9                     PC              equ	4089	;# 
  3400   000FF9                     PCL             equ	4089	;# 
  3401   000FFA                     PCLATH          equ	4090	;# 
  3402   000FFB                     PCLATU          equ	4091	;# 
  3403   000FFC                     STKPTR          equ	4092	;# 
  3404   000FFD                     TOS             equ	4093	;# 
  3405   000FFD                     TOSL            equ	4093	;# 
  3406   000FFE                     TOSH            equ	4094	;# 
  3407   000FFF                     TOSU            equ	4095	;# 
  3408                           
  3409                           	psect	idataCOMRAM
  3410   00101A                     __pidataCOMRAM:
  3411                           	callstack 0
  3412                           
  3413                           ;initializer for _gear1
  3414   00101A  4E                 	db	78
  3415   00101B  31                 	db	49
  3416   00101C  32                 	db	50
  3417   00101D  33                 	db	51
  3418   00101E  34                 	db	52
  3419   00101F  35                 	db	53
  3420   001020  52                 	db	82
  3421   001021  43                 	db	67
  3422                           
  3423                           ;initializer for switch_read@once
  3424   001022  01                 	db	1
  3425                           
  3426                           ;initializer for read_switches@once
  3427   001023  01                 	db	1
  3428   000DD4                     _RXFCON0        set	3540
  3429   000F45                     _TXB0DLC        set	3909
  3430   000F44                     _TXB0EIDL       set	3908
  3431   000F43                     _TXB0EIDH       set	3907
  3432   000F41                     _TXB0SIDH       set	3905
  3433   000F42                     _TXB0SIDL       set	3906
  3434   000F46                     _TXB0D0         set	3910
  3435   007A03                     _TXB0REQ        set	31235
  3436   000F82                     _PORTC          set	3970
  3437   000F65                     _RXB0DLC        set	3941
  3438   000F61                     _RXB0SIDH       set	3937
  3439   000F62                     _RXB0SIDL       set	3938
  3440   000F60                     _RXB0CONbits    set	3936
  3441   000F60                     _RXB0CON        set	3936
  3442   000F72                     _BRGCON3        set	3954
  3443   000F71                     _BRGCON2        set	3953
  3444   000F70                     _BRGCON1        set	3952
  3445   000F77                     _ECANCON        set	3959
  3446   000F6E                     _CANSTAT        set	3950
  3447   000F6F                     _CANCON         set	3951
  3448   000F81                     _PORTBbits      set	3969
  3449   000F81                     _PORTB          set	3969
  3450   000F93                     _TRISB          set	3987
  3451   000FC1                     _ADCON1         set	4033
  3452   000FC2                     _ADCON0         set	4034
  3453   000FC3                     _ADRESL         set	4035
  3454   000FC4                     _ADRESH         set	4036
  3455   000F95                     _TRISD          set	3989
  3456   000F83                     _PORTD          set	3971
  3457   000F94                     _TRISC          set	3988
  3458   000F66                     _RXB0D0         set	3942
  3459   007D20                     _RXB0IF         set	32032
  3460   007B07                     _RXB0FUL        set	31495
  3461   007C9B                     _TRISB3         set	31899
  3462   007C9A                     _TRISB2         set	31898
  3463   007F8F                     _RBPU           set	32655
  3464   007E11                     _GO             set	32273
  3465   007E10                     _ADON           set	32272
  3466   007E0C                     _VCFG0          set	32268
  3467   007E0D                     _VCFG1          set	32269
  3468   007E11                     _GODONE         set	32273
  3469   007E02                     _ADCS2          set	32258
  3470   007E01                     _ADCS1          set	32257
  3471   007E00                     _ADCS0          set	32256
  3472   007E03                     _ACQT0          set	32259
  3473   007E04                     _ACQT1          set	32260
  3474   007E05                     _ACQT2          set	32261
  3475   007E07                     _ADFM           set	32263
  3476   007C1F                     _RD7            set	31775
  3477   007C10                     _RC0            set	31760
  3478   007CAF                     _TRISD7         set	31919
  3479   007C12                     _RC2            set	31762
  3480   007C11                     _RC1            set	31761
  3481                           
  3482                           ; #config settings
  3483                           
  3484                           	psect	cinit
  3485   000FBE                     __pcinit:
  3486                           	callstack 0
  3487   000FBE                     start_initialization:
  3488                           	callstack 0
  3489   000FBE                     __initialization:
  3490                           	callstack 0
  3491                           
  3492                           ; Initialize objects allocated to COMRAM (10 bytes)
  3493                           ; load TBLPTR registers with __pidataCOMRAM
  3494   000FBE  0E1A               	movlw	low __pidataCOMRAM
  3495   000FC0  6EF6               	movwf	tblptrl,c
  3496   000FC2  0E10               	movlw	high __pidataCOMRAM
  3497   000FC4  6EF7               	movwf	tblptrh,c
  3498   000FC6  0E00               	movlw	low (__pidataCOMRAM shr (0+16))
  3499   000FC8  6EF8               	movwf	tblptru,c
  3500   000FCA  EE00  F04B         	lfsr	0,__pdataCOMRAM
  3501   000FCE  EE10 F00A          	lfsr	1,10
  3502   000FD2                     copy_data0:
  3503   000FD2  0009               	tblrd		*+
  3504   000FD4  CFF5 FFEE          	movff	tablat,postinc0
  3505   000FD8  50E5               	movf	postdec1,w,c
  3506   000FDA  50E1               	movf	fsr1l,w,c
  3507   000FDC  E1FA               	bnz	copy_data0
  3508                           
  3509                           ; Clear objects allocated to COMRAM (14 bytes)
  3510   000FDE  EE00  F03D         	lfsr	0,__pbssCOMRAM
  3511   000FE2  0E0E               	movlw	14
  3512   000FE4                     clear_0:
  3513   000FE4  6AEE               	clrf	postinc0,c
  3514   000FE6  06E8               	decf	wreg,f,c
  3515   000FE8  E1FD               	bnz	clear_0
  3516   000FEA                     end_of_initialization:
  3517                           	callstack 0
  3518   000FEA                     __end_of__initialization:
  3519                           	callstack 0
  3520   000FEA  0100               	movlb	0
  3521   000FEC  EF26  F006         	goto	_main	;jump to C main() function
  3522                           
  3523                           	psect	bssCOMRAM
  3524   00003D                     __pbssCOMRAM:
  3525                           	callstack 0
  3526   00003D                     _data:
  3527                           	callstack 0
  3528   00003D                     	ds	8
  3529   000045                     _msg_id:
  3530                           	callstack 0
  3531   000045                     	ds	2
  3532   000047                     read_switches@key:
  3533                           	callstack 0
  3534   000047                     	ds	1
  3535   000048                     _length:
  3536                           	callstack 0
  3537   000048                     	ds	1
  3538   000049                     _speed:
  3539                           	callstack 0
  3540   000049                     	ds	1
  3541   00004A                     _gear:
  3542                           	callstack 0
  3543   00004A                     	ds	1
  3544                           
  3545                           	psect	dataCOMRAM
  3546   00004B                     __pdataCOMRAM:
  3547                           	callstack 0
  3548   00004B                     _gear1:
  3549                           	callstack 0
  3550   00004B                     	ds	8
  3551   000053                     switch_read@once:
  3552                           	callstack 0
  3553   000053                     	ds	1
  3554   000054                     read_switches@once:
  3555                           	callstack 0
  3556   000054                     	ds	1
  3557                           
  3558                           	psect	cstackCOMRAM
  3559   000001                     __pcstackCOMRAM:
  3560                           	callstack 0
  3561   000001                     ?_read_adc:
  3562                           	callstack 0
  3563   000001                     switch_read@option:
  3564                           	callstack 0
  3565   000001                     set_msg_id_std@id:
  3566                           	callstack 0
  3567   000001                     
  3568                           ; 1 bytes @ 0x0
  3569   000001                     	ds	2
  3570   000003                     ??_read_adc:
  3571   000003                     ??_set_msg_id_std:
  3572                           
  3573                           ; 1 bytes @ 0x2
  3574   000003                     	ds	2
  3575   000005                     read_adc@reg_val:
  3576                           	callstack 0
  3577   000005                     can_transmit@msg_id:
  3578                           	callstack 0
  3579                           
  3580                           ; 2 bytes @ 0x4
  3581   000005                     	ds	2
  3582   000007                     read_adc@channel:
  3583                           	callstack 0
  3584   000007                     can_transmit@data:
  3585                           	callstack 0
  3586                           
  3587                           ; 1 bytes @ 0x6
  3588   000007                     	ds	1
  3589   000008                     ?___xxtofl:
  3590                           	callstack 0
  3591   000008                     can_transmit@len:
  3592                           	callstack 0
  3593   000008                     ___xxtofl@val:
  3594                           	callstack 0
  3595                           
  3596                           ; 4 bytes @ 0x7
  3597   000008                     	ds	1
  3598   000009                     ??_can_transmit:
  3599                           
  3600                           ; 1 bytes @ 0x8
  3601   000009                     	ds	3
  3602   00000C                     can_transmit@ptr:
  3603                           	callstack 0
  3604   00000C                     ??___xxtofl:
  3605                           
  3606                           ; 1 bytes @ 0xB
  3607   00000C                     	ds	2
  3608   00000E                     can_transmit@i:
  3609                           	callstack 0
  3610                           
  3611                           ; 2 bytes @ 0xD
  3612   00000E                     	ds	2
  3613   000010                     ___xxtofl@sign:
  3614                           	callstack 0
  3615   000010                     send_data@i:
  3616                           	callstack 0
  3617   000010                     
  3618                           ; 1 bytes @ 0xF
  3619   000010                     	ds	1
  3620   000011                     ___xxtofl@exp:
  3621                           	callstack 0
  3622                           
  3623                           ; 1 bytes @ 0x10
  3624   000011                     	ds	1
  3625   000012                     send_data@i_121:
  3626                           	callstack 0
  3627   000012                     ___xxtofl@arg:
  3628                           	callstack 0
  3629                           
  3630                           ; 4 bytes @ 0x11
  3631   000012                     	ds	2
  3632   000014                     send_data@data:
  3633                           	callstack 0
  3634                           
  3635                           ; 1 bytes @ 0x13
  3636   000014                     	ds	2
  3637   000016                     ?___fldiv:
  3638                           	callstack 0
  3639   000016                     ___fldiv@b:
  3640                           	callstack 0
  3641                           
  3642                           ; 4 bytes @ 0x15
  3643   000016                     	ds	4
  3644   00001A                     ___fldiv@a:
  3645                           	callstack 0
  3646                           
  3647                           ; 4 bytes @ 0x19
  3648   00001A                     	ds	4
  3649   00001E                     ??___fldiv:
  3650                           
  3651                           ; 1 bytes @ 0x1D
  3652   00001E                     	ds	4
  3653   000022                     ___fldiv@rem:
  3654                           	callstack 0
  3655                           
  3656                           ; 4 bytes @ 0x21
  3657   000022                     	ds	4
  3658   000026                     ___fldiv@sign:
  3659                           	callstack 0
  3660                           
  3661                           ; 1 bytes @ 0x25
  3662   000026                     	ds	1
  3663   000027                     ___fldiv@new_exp:
  3664                           	callstack 0
  3665                           
  3666                           ; 2 bytes @ 0x26
  3667   000027                     	ds	2
  3668   000029                     ___fldiv@grs:
  3669                           	callstack 0
  3670                           
  3671                           ; 4 bytes @ 0x28
  3672   000029                     	ds	4
  3673   00002D                     ___fldiv@bexp:
  3674                           	callstack 0
  3675                           
  3676                           ; 1 bytes @ 0x2C
  3677   00002D                     	ds	1
  3678   00002E                     ___fldiv@aexp:
  3679                           	callstack 0
  3680                           
  3681                           ; 1 bytes @ 0x2D
  3682   00002E                     	ds	1
  3683   00002F                     ?___fltol:
  3684                           	callstack 0
  3685   00002F                     ___fltol@f1:
  3686                           	callstack 0
  3687                           
  3688                           ; 4 bytes @ 0x2E
  3689   00002F                     	ds	4
  3690   000033                     ??___fltol:
  3691                           
  3692                           ; 1 bytes @ 0x32
  3693   000033                     	ds	4
  3694   000037                     ___fltol@sign1:
  3695                           	callstack 0
  3696                           
  3697                           ; 1 bytes @ 0x36
  3698   000037                     	ds	1
  3699   000038                     ___fltol@exp1:
  3700                           	callstack 0
  3701                           
  3702                           ; 1 bytes @ 0x37
  3703   000038                     	ds	1
  3704   000039                     main@once:
  3705                           	callstack 0
  3706   000039                     
  3707                           ; 1 bytes @ 0x38
  3708   000039                     	ds	1
  3709   00003A                     main@key:
  3710                           	callstack 0
  3711                           
  3712                           ; 1 bytes @ 0x39
  3713   00003A                     	ds	1
  3714   00003B                     main@i:
  3715                           	callstack 0
  3716                           
  3717                           ; 2 bytes @ 0x3A
  3718   00003B                     	ds	2
  3719                           
  3720 ;;
  3721 ;;Main: autosize = 0, tempsize = 0, incstack = 0, save=0
  3722 ;;
  3723 ;; *************** function _main *****************
  3724 ;; Defined at:
  3725 ;;		line 76 in file "main.c"
  3726 ;; Parameters:    Size  Location     Type
  3727 ;;		None
  3728 ;; Auto vars:     Size  Location     Type
  3729 ;;  i               2   58[COMRAM] short 
  3730 ;;  key             1   57[COMRAM] unsigned char 
  3731 ;;  once            1   56[COMRAM] unsigned char 
  3732 ;; Return value:  Size  Location     Type
  3733 ;;                  1    wreg      void 
  3734 ;; Registers used:
  3735 ;;		wreg, fsr1l, fsr1h, fsr2l, fsr2h, status,2, status,0, cstack
  3736 ;; Tracked objects:
  3737 ;;		On entry : 0/0
  3738 ;;		On exit  : 0/0
  3739 ;;		Unchanged: 0/0
  3740 ;; Data sizes:     COMRAM   BANK0   BANK1   BANK2   BANK3   BANK4   BANK5
  3741 ;;      Params:         0       0       0       0       0       0       0
  3742 ;;      Locals:         4       0       0       0       0       0       0
  3743 ;;      Temps:          0       0       0       0       0       0       0
  3744 ;;      Totals:         4       0       0       0       0       0       0
  3745 ;;Total ram usage:        4 bytes
  3746 ;; Hardware stack levels required when called: 3
  3747 ;; This function calls:
  3748 ;;		_init_config
  3749 ;;		_send_data
  3750 ;;		_speed1
  3751 ;;		_switch_read
  3752 ;; This function is called by:
  3753 ;;		Startup code after reset
  3754 ;; This function uses a non-reentrant model
  3755 ;;
  3756                           
  3757                           	psect	text0
  3758   000C4C                     __ptext0:
  3759                           	callstack 0
  3760   000C4C                     _main:
  3761                           	callstack 28
  3762   000C4C                     
  3763                           ;main.c: 78:     init_config();
  3764   000C4C  EC06  F008         	call	_init_config	;wreg free
  3765   000C50                     
  3766                           ;main.c: 80:     unsigned char key, once=0;
  3767   000C50  6A39               	clrf	main@once^0,c
  3768   000C52                     
  3769                           ;main.c: 81:     short int i = 0;
  3770   000C52  0E00               	movlw	0
  3771   000C54  6E3C               	movwf	(main@i+1)^0,c
  3772   000C56  0E00               	movlw	0
  3773   000C58  6E3B               	movwf	main@i^0,c
  3774   000C5A                     
  3775                           ;main.c: 82:     gear = gear1[0];
  3776   000C5A  C04B  F04A         	movff	_gear1,_gear
  3777   000C5E                     l1864:
  3778                           
  3779                           ;main.c: 85:     {;main.c: 86:         speed1();
  3780   000C5E  EC55  F007         	call	_speed1	;wreg free
  3781   000C62                     
  3782                           ;main.c: 93:         send_data();
  3783   000C62  ECA2  F006         	call	_send_data	;wreg free
  3784   000C66                     
  3785                           ;main.c: 96:         key = switch_read(0);
  3786   000C66  0E00               	movlw	0
  3787   000C68  ECE3  F006         	call	_switch_read
  3788   000C6C  6E3A               	movwf	main@key^0,c
  3789   000C6E                     
  3790                           ;main.c: 98:         if(key == 0x0E && i<6)
  3791   000C6E  0E0E               	movlw	14
  3792   000C70  183A               	xorwf	main@key^0,w,c
  3793   000C72  A4D8               	btfss	status,2,c
  3794   000C74  EF3E  F006         	goto	u1301
  3795   000C78  EF40  F006         	goto	u1300
  3796   000C7C                     u1301:
  3797   000C7C  EF63  F006         	goto	l1882
  3798   000C80                     u1300:
  3799   000C80  BE3C               	btfsc	(main@i+1)^0,7,c
  3800   000C82  EF4E  F006         	goto	u1310
  3801   000C86  503C               	movf	(main@i+1)^0,w,c
  3802   000C88  E107               	bnz	u1311
  3803   000C8A  0E06               	movlw	6
  3804   000C8C  5C3B               	subwf	main@i^0,w,c
  3805   000C8E  B0D8               	btfsc	status,0,c
  3806   000C90  EF4C  F006         	goto	u1311
  3807   000C94  EF4E  F006         	goto	u1310
  3808   000C98                     u1311:
  3809   000C98  EF63  F006         	goto	l1882
  3810   000C9C                     u1310:
  3811   000C9C                     
  3812                           ;main.c: 99:         {;main.c: 100:             if(once)
  3813   000C9C  5039               	movf	main@once^0,w,c
  3814   000C9E  B4D8               	btfsc	status,2,c
  3815   000CA0  EF54  F006         	goto	u1321
  3816   000CA4  EF56  F006         	goto	u1320
  3817   000CA8                     u1321:
  3818   000CA8  EF59  F006         	goto	l1878
  3819   000CAC                     u1320:
  3820   000CAC                     
  3821                           ;main.c: 101:             {;main.c: 102:                 i = -1;
  3822   000CAC  683B               	setf	main@i^0,c
  3823   000CAE  683C               	setf	(main@i+1)^0,c
  3824                           
  3825                           ;main.c: 104:                 once = 0;
  3826   000CB0  6A39               	clrf	main@once^0,c
  3827   000CB2                     l1878:
  3828                           
  3829                           ;main.c: 106:             i++;
  3830   000CB2  4A3B               	infsnz	main@i^0,f,c
  3831   000CB4  2A3C               	incf	(main@i+1)^0,f,c
  3832   000CB6                     l1880:
  3833                           
  3834                           ;main.c: 107:             gear = gear1[i];
  3835   000CB6  503B               	movf	main@i^0,w,c
  3836   000CB8  0F4B               	addlw	low _gear1
  3837   000CBA  6ED9               	movwf	fsr2l,c
  3838   000CBC  6ADA               	clrf	fsr2h,c
  3839   000CBE  50DF               	movf	indf2,w,c
  3840   000CC0  6E4A               	movwf	_gear^0,c
  3841                           
  3842                           ;main.c: 109:         }
  3843   000CC2  EF2F  F006         	goto	l1864
  3844   000CC6                     l1882:
  3845   000CC6  0E0D               	movlw	13
  3846   000CC8  183A               	xorwf	main@key^0,w,c
  3847   000CCA  A4D8               	btfss	status,2,c
  3848   000CCC  EF6A  F006         	goto	u1331
  3849   000CD0  EF6C  F006         	goto	u1330
  3850   000CD4                     u1331:
  3851   000CD4  EF8B  F006         	goto	l1896
  3852   000CD8                     u1330:
  3853   000CD8  BE3C               	btfsc	(main@i+1)^0,7,c
  3854   000CDA  EF77  F006         	goto	u1341
  3855   000CDE  503C               	movf	(main@i+1)^0,w,c
  3856   000CE0  E108               	bnz	u1340
  3857   000CE2  043B               	decf	main@i^0,w,c
  3858   000CE4  A0D8               	btfss	status,0,c
  3859   000CE6  EF77  F006         	goto	u1341
  3860   000CEA  EF79  F006         	goto	u1340
  3861   000CEE                     u1341:
  3862   000CEE  EF8B  F006         	goto	l1896
  3863   000CF2                     u1340:
  3864   000CF2                     
  3865                           ;main.c: 111:         {;main.c: 112:             if(once)
  3866   000CF2  5039               	movf	main@once^0,w,c
  3867   000CF4  B4D8               	btfsc	status,2,c
  3868   000CF6  EF7F  F006         	goto	u1351
  3869   000CFA  EF81  F006         	goto	u1350
  3870   000CFE                     u1351:
  3871   000CFE  EF86  F006         	goto	l1892
  3872   000D02                     u1350:
  3873   000D02                     
  3874                           ;main.c: 113:             {;main.c: 114:                 i = 1;
  3875   000D02  0E00               	movlw	0
  3876   000D04  6E3C               	movwf	(main@i+1)^0,c
  3877   000D06  0E01               	movlw	1
  3878   000D08  6E3B               	movwf	main@i^0,c
  3879   000D0A                     
  3880                           ;main.c: 116:                 once = 0;
  3881   000D0A  6A39               	clrf	main@once^0,c
  3882   000D0C                     l1892:
  3883                           
  3884                           ;main.c: 118:             i--;
  3885   000D0C  063B               	decf	main@i^0,f,c
  3886   000D0E  A0D8               	btfss	status,0,c
  3887   000D10  063C               	decf	(main@i+1)^0,f,c
  3888   000D12  EF5B  F006         	goto	l1880
  3889   000D16                     l1896:
  3890   000D16  0E0B               	movlw	11
  3891   000D18  183A               	xorwf	main@key^0,w,c
  3892   000D1A  A4D8               	btfss	status,2,c
  3893   000D1C  EF92  F006         	goto	u1361
  3894   000D20  EF94  F006         	goto	u1360
  3895   000D24                     u1361:
  3896   000D24  EF9E  F006         	goto	l35
  3897   000D28                     u1360:
  3898   000D28                     
  3899                           ;main.c: 123:         {;main.c: 124:             once = 1;
  3900   000D28  0E01               	movlw	1
  3901   000D2A  6E39               	movwf	main@once^0,c
  3902                           
  3903                           ;main.c: 126:             i = 1;
  3904   000D2C  0E00               	movlw	0
  3905   000D2E  6E3C               	movwf	(main@i+1)^0,c
  3906   000D30  0E01               	movlw	1
  3907   000D32  6E3B               	movwf	main@i^0,c
  3908   000D34                     
  3909                           ;main.c: 127:             gear = gear1[7];
  3910   000D34  C052  F04A         	movff	_gear1+7,_gear
  3911   000D38  EF2F  F006         	goto	l1864
  3912   000D3C                     l35:
  3913   000D3C  EF2F  F006         	goto	l1864
  3914   000D40  EFFE  F017         	goto	start
  3915   000D44                     __end_of_main:
  3916                           	callstack 0
  3917                           
  3918 ;; *************** function _switch_read *****************
  3919 ;; Defined at:
  3920 ;;		line 12 in file "dkps.c"
  3921 ;; Parameters:    Size  Location     Type
  3922 ;;  option          1    wreg     unsigned char 
  3923 ;; Auto vars:     Size  Location     Type
  3924 ;;  option          1    0[COMRAM] unsigned char 
  3925 ;; Return value:  Size  Location     Type
  3926 ;;                  1    wreg      unsigned char 
  3927 ;; Registers used:
  3928 ;;		wreg, status,2, status,0
  3929 ;; Tracked objects:
  3930 ;;		On entry : 0/0
  3931 ;;		On exit  : 0/0
  3932 ;;		Unchanged: 0/0
  3933 ;; Data sizes:     COMRAM   BANK0   BANK1   BANK2   BANK3   BANK4   BANK5
  3934 ;;      Params:         0       0       0       0       0       0       0
  3935 ;;      Locals:         1       0       0       0       0       0       0
  3936 ;;      Temps:          0       0       0       0       0       0       0
  3937 ;;      Totals:         1       0       0       0       0       0       0
  3938 ;;Total ram usage:        1 bytes
  3939 ;; Hardware stack levels used: 1
  3940 ;; This function calls:
  3941 ;;		Nothing
  3942 ;; This function is called by:
  3943 ;;		_main
  3944 ;; This function uses a non-reentrant model
  3945 ;;
  3946                           
  3947                           	psect	text1
  3948   000DC6                     __ptext1:
  3949                           	callstack 0
  3950   000DC6                     _switch_read:
  3951                           	callstack 30
  3952                           
  3953                           ;incstack = 0
  3954                           ;switch_read@option stored from wreg
  3955   000DC6  6E01               	movwf	switch_read@option^0,c
  3956   000DC8                     
  3957                           ;dkps.c: 12: unsigned char switch_read(unsigned char option);dkps.c: 13: {;dkps.c: 14:  
      +                             if(option == 0)
  3958   000DC8  5001               	movf	switch_read@option^0,w,c
  3959   000DCA  A4D8               	btfss	status,2,c
  3960   000DCC  EFEA  F006         	goto	u471
  3961   000DD0  EFEC  F006         	goto	u470
  3962   000DD4                     u471:
  3963   000DD4  EF12  F007         	goto	l1288
  3964   000DD8                     u470:
  3965   000DD8                     
  3966                           ;dkps.c: 15:     {;dkps.c: 16:         static unsigned char once = 1;;dkps.c: 17:       
      +                            if((PORTC & 0x0F) != 0x0F && once)
  3967   000DD8  5082               	movf	130,w,c	;volatile
  3968   000DDA  0B0F               	andlw	15
  3969   000DDC  0A0F               	xorlw	15
  3970   000DDE  B4D8               	btfsc	status,2,c
  3971   000DE0  EFF4  F006         	goto	u481
  3972   000DE4  EFF6  F006         	goto	u480
  3973   000DE8                     u481:
  3974   000DE8  EF03  F007         	goto	l1280
  3975   000DEC                     u480:
  3976   000DEC  5053               	movf	switch_read@once^0,w,c
  3977   000DEE  B4D8               	btfsc	status,2,c
  3978   000DF0  EFFC  F006         	goto	u491
  3979   000DF4  EFFE  F006         	goto	u490
  3980   000DF8                     u491:
  3981   000DF8  EF03  F007         	goto	l1280
  3982   000DFC                     u490:
  3983   000DFC                     
  3984                           ;dkps.c: 18:         {;dkps.c: 19:             once = 0;
  3985   000DFC  6A53               	clrf	switch_read@once^0,c
  3986   000DFE                     l1274:
  3987                           
  3988                           ;dkps.c: 20:             return (PORTC & 0x0F);
  3989   000DFE  5082               	movf	130,w,c	;volatile
  3990   000E00  0B0F               	andlw	15
  3991   000E02  EF1C  F007         	goto	l276
  3992   000E06                     l1280:
  3993   000E06  5082               	movf	130,w,c	;volatile
  3994   000E08  0B0F               	andlw	15
  3995   000E0A  0A0F               	xorlw	15
  3996   000E0C  A4D8               	btfss	status,2,c
  3997   000E0E  EF0B  F007         	goto	u501
  3998   000E12  EF0D  F007         	goto	u500
  3999   000E16                     u501:
  4000   000E16  EF0F  F007         	goto	l1284
  4001   000E1A                     u500:
  4002   000E1A                     
  4003                           ;dkps.c: 23:         {;dkps.c: 24:             once = 1;
  4004   000E1A  0E01               	movlw	1
  4005   000E1C  6E53               	movwf	switch_read@once^0,c
  4006   000E1E                     l1284:
  4007                           
  4008                           ;dkps.c: 25:             return 0x0F;
  4009   000E1E  0E0F               	movlw	15
  4010   000E20  EF1C  F007         	goto	l276
  4011   000E24                     l1288:
  4012   000E24  0401               	decf	switch_read@option^0,w,c
  4013   000E26  A4D8               	btfss	status,2,c
  4014   000E28  EF18  F007         	goto	u511
  4015   000E2C  EF1A  F007         	goto	u510
  4016   000E30                     u511:
  4017   000E30  EF0F  F007         	goto	l1284
  4018   000E34                     u510:
  4019   000E34  EFFF  F006         	goto	l1274
  4020   000E38                     l276:
  4021   000E38  0012               	return		;funcret
  4022   000E3A                     __end_of_switch_read:
  4023                           	callstack 0
  4024                           
  4025 ;; *************** function _speed1 *****************
  4026 ;; Defined at:
  4027 ;;		line 17 in file "sensor.c"
  4028 ;; Parameters:    Size  Location     Type
  4029 ;;		None
  4030 ;; Auto vars:     Size  Location     Type
  4031 ;;		None
  4032 ;; Return value:  Size  Location     Type
  4033 ;;                  1    wreg      void 
  4034 ;; Registers used:
  4035 ;;		wreg, status,2, status,0, cstack
  4036 ;; Tracked objects:
  4037 ;;		On entry : 0/0
  4038 ;;		On exit  : 0/0
  4039 ;;		Unchanged: 0/0
  4040 ;; Data sizes:     COMRAM   BANK0   BANK1   BANK2   BANK3   BANK4   BANK5
  4041 ;;      Params:         0       0       0       0       0       0       0
  4042 ;;      Locals:         0       0       0       0       0       0       0
  4043 ;;      Temps:          0       0       0       0       0       0       0
  4044 ;;      Totals:         0       0       0       0       0       0       0
  4045 ;;Total ram usage:        0 bytes
  4046 ;; Hardware stack levels used: 1
  4047 ;; Hardware stack levels required when called: 1
  4048 ;; This function calls:
  4049 ;;		___fldiv
  4050 ;;		___fltol
  4051 ;;		___xxtofl
  4052 ;;		_read_adc
  4053 ;; This function is called by:
  4054 ;;		_main
  4055 ;; This function uses a non-reentrant model
  4056 ;;
  4057                           
  4058                           	psect	text2
  4059   000EAA                     __ptext2:
  4060                           	callstack 0
  4061   000EAA                     _speed1:
  4062                           	callstack 29
  4063   000EAA                     
  4064                           ;sensor.c: 19:     speed = read_adc(0x04) / 10.23;
  4065   000EAA  0E14               	movlw	20
  4066   000EAC  6E1A               	movwf	___fldiv@a^0,c
  4067   000EAE  0EAE               	movlw	174
  4068   000EB0  6E1B               	movwf	(___fldiv@a+1)^0,c
  4069   000EB2  0E23               	movlw	35
  4070   000EB4  6E1C               	movwf	(___fldiv@a+2)^0,c
  4071   000EB6  0E41               	movlw	65
  4072   000EB8  6E1D               	movwf	(___fldiv@a+3)^0,c
  4073   000EBA  0E04               	movlw	4
  4074   000EBC  EC80  F007         	call	_read_adc
  4075   000EC0  C001  F008         	movff	?_read_adc,___xxtofl@val
  4076   000EC4  C002  F009         	movff	?_read_adc+1,___xxtofl@val+1
  4077   000EC8  6A0A               	clrf	(___xxtofl@val+2)^0,c
  4078   000ECA  6A0B               	clrf	(___xxtofl@val+3)^0,c
  4079   000ECC  0E00               	movlw	0
  4080   000ECE  ECC9  F004         	call	___xxtofl
  4081   000ED2  C008  F016         	movff	?___xxtofl,___fldiv@b
  4082   000ED6  C009  F017         	movff	?___xxtofl+1,___fldiv@b+1
  4083   000EDA  C00A  F018         	movff	?___xxtofl+2,___fldiv@b+2
  4084   000EDE  C00B  F019         	movff	?___xxtofl+3,___fldiv@b+3
  4085   000EE2  EC01  F003         	call	___fldiv	;wreg free
  4086   000EE6  C016  F02F         	movff	?___fldiv,___fltol@f1
  4087   000EEA  C017  F030         	movff	?___fldiv+1,___fltol@f1+1
  4088   000EEE  C018  F031         	movff	?___fldiv+2,___fltol@f1+2
  4089   000EF2  C019  F032         	movff	?___fldiv+3,___fltol@f1+3
  4090   000EF6  ECA3  F005         	call	___fltol	;wreg free
  4091   000EFA  502F               	movf	?___fltol^0,w,c
  4092   000EFC  6E49               	movwf	_speed^0,c
  4093   000EFE  0012               	return		;funcret
  4094   000F00                     __end_of_speed1:
  4095                           	callstack 0
  4096                           
  4097 ;; *************** function _read_adc *****************
  4098 ;; Defined at:
  4099 ;;		line 36 in file "adc.c"
  4100 ;; Parameters:    Size  Location     Type
  4101 ;;  channel         1    wreg     unsigned char 
  4102 ;; Auto vars:     Size  Location     Type
  4103 ;;  channel         1    6[COMRAM] unsigned char 
  4104 ;;  reg_val         2    4[COMRAM] unsigned short 
  4105 ;; Return value:  Size  Location     Type
  4106 ;;                  2    0[COMRAM] unsigned short 
  4107 ;; Registers used:
  4108 ;;		wreg, status,2, status,0
  4109 ;; Tracked objects:
  4110 ;;		On entry : 0/0
  4111 ;;		On exit  : 0/0
  4112 ;;		Unchanged: 0/0
  4113 ;; Data sizes:     COMRAM   BANK0   BANK1   BANK2   BANK3   BANK4   BANK5
  4114 ;;      Params:         2       0       0       0       0       0       0
  4115 ;;      Locals:         3       0       0       0       0       0       0
  4116 ;;      Temps:          2       0       0       0       0       0       0
  4117 ;;      Totals:         7       0       0       0       0       0       0
  4118 ;;Total ram usage:        7 bytes
  4119 ;; Hardware stack levels used: 1
  4120 ;; This function calls:
  4121 ;;		Nothing
  4122 ;; This function is called by:
  4123 ;;		_speed1
  4124 ;; This function uses a non-reentrant model
  4125 ;;
  4126                           
  4127                           	psect	text3
  4128   000F00                     __ptext3:
  4129                           	callstack 0
  4130   000F00                     _read_adc:
  4131                           	callstack 29
  4132                           
  4133                           ;incstack = 0
  4134                           ;read_adc@channel stored from wreg
  4135   000F00  6E07               	movwf	read_adc@channel^0,c
  4136   000F02                     
  4137                           ;adc.c: 36: unsigned short read_adc(unsigned char channel);adc.c: 37: {;adc.c: 38:  unsi
      +                          gned short reg_val;;adc.c: 40:  ADCON0 = (ADCON0 & 0xC3) | (channel << 2);
  4138   000F02  C007  F003         	movff	read_adc@channel,??_read_adc
  4139   000F06  90D8               	bcf	status,0,c
  4140   000F08  3603               	rlcf	??_read_adc^0,f,c
  4141   000F0A  90D8               	bcf	status,0,c
  4142   000F0C  3603               	rlcf	??_read_adc^0,f,c
  4143   000F0E  50C2               	movf	194,w,c	;volatile
  4144   000F10  0BC3               	andlw	195
  4145   000F12  1003               	iorwf	??_read_adc^0,w,c
  4146   000F14  6EC2               	movwf	194,c	;volatile
  4147   000F16                     
  4148                           ;adc.c: 42:  GO = 1;
  4149   000F16  82C2               	bsf	4034,1,c	;volatile
  4150   000F18                     l113:
  4151   000F18  B2C2               	btfsc	4034,1,c	;volatile
  4152   000F1A  EF91  F007         	goto	u861
  4153   000F1E  EF93  F007         	goto	u860
  4154   000F22                     u861:
  4155   000F22  EF8C  F007         	goto	l113
  4156   000F26                     u860:
  4157   000F26                     
  4158                           ;adc.c: 44:  reg_val = (ADRESH << 8) | ADRESL;
  4159   000F26  50C3               	movf	195,w,c	;volatile
  4160   000F28  CFC4 F003          	movff	4036,??_read_adc	;volatile
  4161   000F2C  6A04               	clrf	(??_read_adc+1)^0,c
  4162   000F2E  C003  F004         	movff	??_read_adc,??_read_adc+1
  4163   000F32  6A03               	clrf	??_read_adc^0,c
  4164   000F34  1003               	iorwf	??_read_adc^0,w,c
  4165   000F36  6E05               	movwf	read_adc@reg_val^0,c
  4166   000F38  5004               	movf	(??_read_adc+1)^0,w,c
  4167   000F3A  6E06               	movwf	(read_adc@reg_val+1)^0,c
  4168   000F3C                     
  4169                           ;adc.c: 46:  return reg_val;
  4170   000F3C  C005  F001         	movff	read_adc@reg_val,?_read_adc
  4171   000F40  C006  F002         	movff	read_adc@reg_val+1,?_read_adc+1
  4172   000F44  0012               	return		;funcret
  4173   000F46                     __end_of_read_adc:
  4174                           	callstack 0
  4175                           
  4176 ;; *************** function ___xxtofl *****************
  4177 ;; Defined at:
  4178 ;;		line 10 in file "C:\Program Files\Microchip\xc8\v3.00\pic\sources\c99\common\xxtofl.c"
  4179 ;; Parameters:    Size  Location     Type
  4180 ;;  sign            1    wreg     unsigned char 
  4181 ;;  val             4    7[COMRAM] long 
  4182 ;; Auto vars:     Size  Location     Type
  4183 ;;  sign            1   15[COMRAM] unsigned char 
  4184 ;;  arg             4   17[COMRAM] unsigned long 
  4185 ;;  exp             1   16[COMRAM] unsigned char 
  4186 ;; Return value:  Size  Location     Type
  4187 ;;                  4    7[COMRAM] unsigned char 
  4188 ;; Registers used:
  4189 ;;		wreg, status,2, status,0
  4190 ;; Tracked objects:
  4191 ;;		On entry : 0/0
  4192 ;;		On exit  : 0/0
  4193 ;;		Unchanged: 0/0
  4194 ;; Data sizes:     COMRAM   BANK0   BANK1   BANK2   BANK3   BANK4   BANK5
  4195 ;;      Params:         4       0       0       0       0       0       0
  4196 ;;      Locals:         6       0       0       0       0       0       0
  4197 ;;      Temps:          4       0       0       0       0       0       0
  4198 ;;      Totals:        14       0       0       0       0       0       0
  4199 ;;Total ram usage:       14 bytes
  4200 ;; Hardware stack levels used: 1
  4201 ;; This function calls:
  4202 ;;		Nothing
  4203 ;; This function is called by:
  4204 ;;		_speed1
  4205 ;; This function uses a non-reentrant model
  4206 ;;
  4207                           
  4208                           	psect	text4
  4209   000992                     __ptext4:
  4210                           	callstack 0
  4211   000992                     ___xxtofl:
  4212                           	callstack 29
  4213                           
  4214                           ;incstack = 0
  4215                           ;___xxtofl@sign stored from wreg
  4216   000992  6E10               	movwf	___xxtofl@sign^0,c
  4217   000994  5010               	movf	___xxtofl@sign^0,w,c
  4218   000996  B4D8               	btfsc	status,2,c
  4219   000998  EFD0  F004         	goto	u1181
  4220   00099C  EFD2  F004         	goto	u1180
  4221   0009A0                     u1181:
  4222   0009A0  EFF4  F004         	goto	l938
  4223   0009A4                     u1180:
  4224   0009A4  BE0B               	btfsc	(___xxtofl@val+3)^0,7,c
  4225   0009A6  EFD9  F004         	goto	u1190
  4226   0009AA  EFD7  F004         	goto	u1191
  4227   0009AE                     u1191:
  4228   0009AE  EFF4  F004         	goto	l938
  4229   0009B2                     u1190:
  4230   0009B2  C008  F00C         	movff	___xxtofl@val,??___xxtofl
  4231   0009B6  C009  F00D         	movff	___xxtofl@val+1,??___xxtofl+1
  4232   0009BA  C00A  F00E         	movff	___xxtofl@val+2,??___xxtofl+2
  4233   0009BE  C00B  F00F         	movff	___xxtofl@val+3,??___xxtofl+3
  4234   0009C2  1E0C               	comf	??___xxtofl^0,f,c
  4235   0009C4  1E0D               	comf	(??___xxtofl+1)^0,f,c
  4236   0009C6  1E0E               	comf	(??___xxtofl+2)^0,f,c
  4237   0009C8  1E0F               	comf	(??___xxtofl+3)^0,f,c
  4238   0009CA  2A0C               	incf	??___xxtofl^0,f,c
  4239   0009CC  0E00               	movlw	0
  4240   0009CE  220D               	addwfc	(??___xxtofl+1)^0,f,c
  4241   0009D0  220E               	addwfc	(??___xxtofl+2)^0,f,c
  4242   0009D2  220F               	addwfc	(??___xxtofl+3)^0,f,c
  4243   0009D4  C00C  F012         	movff	??___xxtofl,___xxtofl@arg
  4244   0009D8  C00D  F013         	movff	??___xxtofl+1,___xxtofl@arg+1
  4245   0009DC  C00E  F014         	movff	??___xxtofl+2,___xxtofl@arg+2
  4246   0009E0  C00F  F015         	movff	??___xxtofl+3,___xxtofl@arg+3
  4247   0009E4  EFFC  F004         	goto	l1788
  4248   0009E8                     l938:
  4249   0009E8  C008  F012         	movff	___xxtofl@val,___xxtofl@arg
  4250   0009EC  C009  F013         	movff	___xxtofl@val+1,___xxtofl@arg+1
  4251   0009F0  C00A  F014         	movff	___xxtofl@val+2,___xxtofl@arg+2
  4252   0009F4  C00B  F015         	movff	___xxtofl@val+3,___xxtofl@arg+3
  4253   0009F8                     l1788:
  4254   0009F8  5008               	movf	___xxtofl@val^0,w,c
  4255   0009FA  1009               	iorwf	(___xxtofl@val+1)^0,w,c
  4256   0009FC  100A               	iorwf	(___xxtofl@val+2)^0,w,c
  4257   0009FE  100B               	iorwf	(___xxtofl@val+3)^0,w,c
  4258   000A00  A4D8               	btfss	status,2,c
  4259   000A02  EF05  F005         	goto	u1201
  4260   000A06  EF07  F005         	goto	u1200
  4261   000A0A                     u1201:
  4262   000A0A  EF11  F005         	goto	l1794
  4263   000A0E                     u1200:
  4264   000A0E  0E00               	movlw	0
  4265   000A10  6E08               	movwf	?___xxtofl^0,c
  4266   000A12  0E00               	movlw	0
  4267   000A14  6E09               	movwf	(?___xxtofl+1)^0,c
  4268   000A16  0E00               	movlw	0
  4269   000A18  6E0A               	movwf	(?___xxtofl+2)^0,c
  4270   000A1A  0E00               	movlw	0
  4271   000A1C  6E0B               	movwf	(?___xxtofl+3)^0,c
  4272   000A1E  EFA2  F005         	goto	l941
  4273   000A22                     l1794:
  4274   000A22  0E96               	movlw	150
  4275   000A24  6E11               	movwf	___xxtofl@exp^0,c
  4276   000A26  EF1B  F005         	goto	l1798
  4277   000A2A                     l1796:
  4278   000A2A  2A11               	incf	___xxtofl@exp^0,f,c
  4279   000A2C  90D8               	bcf	status,0,c
  4280   000A2E  3215               	rrcf	(___xxtofl@arg+3)^0,f,c
  4281   000A30  3214               	rrcf	(___xxtofl@arg+2)^0,f,c
  4282   000A32  3213               	rrcf	(___xxtofl@arg+1)^0,f,c
  4283   000A34  3212               	rrcf	___xxtofl@arg^0,f,c
  4284   000A36                     l1798:
  4285   000A36  0E00               	movlw	0
  4286   000A38  1412               	andwf	___xxtofl@arg^0,w,c
  4287   000A3A  6E0C               	movwf	??___xxtofl^0,c
  4288   000A3C  0E00               	movlw	0
  4289   000A3E  1413               	andwf	(___xxtofl@arg+1)^0,w,c
  4290   000A40  6E0D               	movwf	(??___xxtofl+1)^0,c
  4291   000A42  0E00               	movlw	0
  4292   000A44  1414               	andwf	(___xxtofl@arg+2)^0,w,c
  4293   000A46  6E0E               	movwf	(??___xxtofl+2)^0,c
  4294   000A48  0EFE               	movlw	254
  4295   000A4A  1415               	andwf	(___xxtofl@arg+3)^0,w,c
  4296   000A4C  6E0F               	movwf	(??___xxtofl+3)^0,c
  4297   000A4E  500C               	movf	??___xxtofl^0,w,c
  4298   000A50  100D               	iorwf	(??___xxtofl+1)^0,w,c
  4299   000A52  100E               	iorwf	(??___xxtofl+2)^0,w,c
  4300   000A54  100F               	iorwf	(??___xxtofl+3)^0,w,c
  4301   000A56  A4D8               	btfss	status,2,c
  4302   000A58  EF30  F005         	goto	u1211
  4303   000A5C  EF32  F005         	goto	u1210
  4304   000A60                     u1211:
  4305   000A60  EF15  F005         	goto	l1796
  4306   000A64                     u1210:
  4307   000A64  EF40  F005         	goto	l945
  4308   000A68                     l1800:
  4309   000A68  2A11               	incf	___xxtofl@exp^0,f,c
  4310   000A6A  0E01               	movlw	1
  4311   000A6C  2612               	addwf	___xxtofl@arg^0,f,c
  4312   000A6E  0E00               	movlw	0
  4313   000A70  2213               	addwfc	(___xxtofl@arg+1)^0,f,c
  4314   000A72  2214               	addwfc	(___xxtofl@arg+2)^0,f,c
  4315   000A74  2215               	addwfc	(___xxtofl@arg+3)^0,f,c
  4316   000A76  90D8               	bcf	status,0,c
  4317   000A78  3215               	rrcf	(___xxtofl@arg+3)^0,f,c
  4318   000A7A  3214               	rrcf	(___xxtofl@arg+2)^0,f,c
  4319   000A7C  3213               	rrcf	(___xxtofl@arg+1)^0,f,c
  4320   000A7E  3212               	rrcf	___xxtofl@arg^0,f,c
  4321   000A80                     l945:
  4322   000A80  0E00               	movlw	0
  4323   000A82  1412               	andwf	___xxtofl@arg^0,w,c
  4324   000A84  6E0C               	movwf	??___xxtofl^0,c
  4325   000A86  0E00               	movlw	0
  4326   000A88  1413               	andwf	(___xxtofl@arg+1)^0,w,c
  4327   000A8A  6E0D               	movwf	(??___xxtofl+1)^0,c
  4328   000A8C  0E00               	movlw	0
  4329   000A8E  1414               	andwf	(___xxtofl@arg+2)^0,w,c
  4330   000A90  6E0E               	movwf	(??___xxtofl+2)^0,c
  4331   000A92  0EFF               	movlw	255
  4332   000A94  1415               	andwf	(___xxtofl@arg+3)^0,w,c
  4333   000A96  6E0F               	movwf	(??___xxtofl+3)^0,c
  4334   000A98  500C               	movf	??___xxtofl^0,w,c
  4335   000A9A  100D               	iorwf	(??___xxtofl+1)^0,w,c
  4336   000A9C  100E               	iorwf	(??___xxtofl+2)^0,w,c
  4337   000A9E  100F               	iorwf	(??___xxtofl+3)^0,w,c
  4338   000AA0  A4D8               	btfss	status,2,c
  4339   000AA2  EF55  F005         	goto	u1221
  4340   000AA6  EF57  F005         	goto	u1220
  4341   000AAA                     u1221:
  4342   000AAA  EF34  F005         	goto	l1800
  4343   000AAE                     u1220:
  4344   000AAE  EF5F  F005         	goto	l1808
  4345   000AB2                     l1806:
  4346   000AB2  0611               	decf	___xxtofl@exp^0,f,c
  4347   000AB4  90D8               	bcf	status,0,c
  4348   000AB6  3612               	rlcf	___xxtofl@arg^0,f,c
  4349   000AB8  3613               	rlcf	(___xxtofl@arg+1)^0,f,c
  4350   000ABA  3614               	rlcf	(___xxtofl@arg+2)^0,f,c
  4351   000ABC  3615               	rlcf	(___xxtofl@arg+3)^0,f,c
  4352   000ABE                     l1808:
  4353   000ABE  BE14               	btfsc	(___xxtofl@arg+2)^0,7,c
  4354   000AC0  EF64  F005         	goto	u1231
  4355   000AC4  EF66  F005         	goto	u1230
  4356   000AC8                     u1231:
  4357   000AC8  EF6E  F005         	goto	l952
  4358   000ACC                     u1230:
  4359   000ACC  0E02               	movlw	2
  4360   000ACE  6011               	cpfslt	___xxtofl@exp^0,c
  4361   000AD0  EF6C  F005         	goto	u1241
  4362   000AD4  EF6E  F005         	goto	u1240
  4363   000AD8                     u1241:
  4364   000AD8  EF59  F005         	goto	l1806
  4365   000ADC                     u1240:
  4366   000ADC                     l952:
  4367   000ADC  B011               	btfsc	___xxtofl@exp^0,0,c
  4368   000ADE  EF73  F005         	goto	u1251
  4369   000AE2  EF75  F005         	goto	u1250
  4370   000AE6                     u1251:
  4371   000AE6  EF76  F005         	goto	l1814
  4372   000AEA                     u1250:
  4373   000AEA  9E14               	bcf	(___xxtofl@arg+2)^0,7,c
  4374   000AEC                     l1814:
  4375   000AEC  90D8               	bcf	status,0,c
  4376   000AEE  3211               	rrcf	___xxtofl@exp^0,f,c
  4377   000AF0  C011  F00C         	movff	___xxtofl@exp,??___xxtofl
  4378   000AF4  6A0D               	clrf	(??___xxtofl+1)^0,c
  4379   000AF6  6A0E               	clrf	(??___xxtofl+2)^0,c
  4380   000AF8  6A0F               	clrf	(??___xxtofl+3)^0,c
  4381   000AFA  C00C  F00F         	movff	??___xxtofl,??___xxtofl+3
  4382   000AFE  6A0E               	clrf	(??___xxtofl+2)^0,c
  4383   000B00  6A0D               	clrf	(??___xxtofl+1)^0,c
  4384   000B02  6A0C               	clrf	??___xxtofl^0,c
  4385   000B04  500C               	movf	??___xxtofl^0,w,c
  4386   000B06  1212               	iorwf	___xxtofl@arg^0,f,c
  4387   000B08  500D               	movf	(??___xxtofl+1)^0,w,c
  4388   000B0A  1213               	iorwf	(___xxtofl@arg+1)^0,f,c
  4389   000B0C  500E               	movf	(??___xxtofl+2)^0,w,c
  4390   000B0E  1214               	iorwf	(___xxtofl@arg+2)^0,f,c
  4391   000B10  500F               	movf	(??___xxtofl+3)^0,w,c
  4392   000B12  1215               	iorwf	(___xxtofl@arg+3)^0,f,c
  4393   000B14  5010               	movf	___xxtofl@sign^0,w,c
  4394   000B16  B4D8               	btfsc	status,2,c
  4395   000B18  EF90  F005         	goto	u1261
  4396   000B1C  EF92  F005         	goto	u1260
  4397   000B20                     u1261:
  4398   000B20  EF9A  F005         	goto	l1824
  4399   000B24                     u1260:
  4400   000B24  BE0B               	btfsc	(___xxtofl@val+3)^0,7,c
  4401   000B26  EF99  F005         	goto	u1270
  4402   000B2A  EF97  F005         	goto	u1271
  4403   000B2E                     u1271:
  4404   000B2E  EF9A  F005         	goto	l1824
  4405   000B32                     u1270:
  4406   000B32  8E15               	bsf	(___xxtofl@arg+3)^0,7,c
  4407   000B34                     l1824:
  4408   000B34  C012  F008         	movff	___xxtofl@arg,?___xxtofl
  4409   000B38  C013  F009         	movff	___xxtofl@arg+1,?___xxtofl+1
  4410   000B3C  C014  F00A         	movff	___xxtofl@arg+2,?___xxtofl+2
  4411   000B40  C015  F00B         	movff	___xxtofl@arg+3,?___xxtofl+3
  4412   000B44                     l941:
  4413   000B44  0012               	return		;funcret
  4414   000B46                     __end_of___xxtofl:
  4415                           	callstack 0
  4416                           
  4417 ;; *************** function ___fltol *****************
  4418 ;; Defined at:
  4419 ;;		line 43 in file "C:\Program Files\Microchip\xc8\v3.00\pic\sources\c99\common\fltol.c"
  4420 ;; Parameters:    Size  Location     Type
  4421 ;;  f1              4   46[COMRAM] unsigned char 
  4422 ;; Auto vars:     Size  Location     Type
  4423 ;;  exp1            1   55[COMRAM] unsigned char 
  4424 ;;  sign1           1   54[COMRAM] unsigned char 
  4425 ;; Return value:  Size  Location     Type
  4426 ;;                  4   46[COMRAM] long 
  4427 ;; Registers used:
  4428 ;;		wreg, status,2, status,0
  4429 ;; Tracked objects:
  4430 ;;		On entry : 0/0
  4431 ;;		On exit  : 0/0
  4432 ;;		Unchanged: 0/0
  4433 ;; Data sizes:     COMRAM   BANK0   BANK1   BANK2   BANK3   BANK4   BANK5
  4434 ;;      Params:         4       0       0       0       0       0       0
  4435 ;;      Locals:         2       0       0       0       0       0       0
  4436 ;;      Temps:          4       0       0       0       0       0       0
  4437 ;;      Totals:        10       0       0       0       0       0       0
  4438 ;;Total ram usage:       10 bytes
  4439 ;; Hardware stack levels used: 1
  4440 ;; This function calls:
  4441 ;;		Nothing
  4442 ;; This function is called by:
  4443 ;;		_speed1
  4444 ;; This function uses a non-reentrant model
  4445 ;;
  4446                           
  4447                           	psect	text5
  4448   000B46                     __ptext5:
  4449                           	callstack 0
  4450   000B46                     ___fltol:
  4451                           	callstack 29
  4452   000B46  3431               	rlcf	(___fltol@f1+2)^0,w,c
  4453   000B48  3432               	rlcf	(___fltol@f1+3)^0,w,c
  4454   000B4A  6E38               	movwf	___fltol@exp1^0,c
  4455   000B4C  5038               	movf	___fltol@exp1^0,w,c
  4456   000B4E  A4D8               	btfss	status,2,c
  4457   000B50  EFAC  F005         	goto	u1111
  4458   000B54  EFAE  F005         	goto	u1110
  4459   000B58                     u1111:
  4460   000B58  EFB8  F005         	goto	l1744
  4461   000B5C                     u1110:
  4462   000B5C                     l1740:
  4463   000B5C  0E00               	movlw	0
  4464   000B5E  6E2F               	movwf	?___fltol^0,c
  4465   000B60  0E00               	movlw	0
  4466   000B62  6E30               	movwf	(?___fltol+1)^0,c
  4467   000B64  0E00               	movlw	0
  4468   000B66  6E31               	movwf	(?___fltol+2)^0,c
  4469   000B68  0E00               	movlw	0
  4470   000B6A  6E32               	movwf	(?___fltol+3)^0,c
  4471   000B6C  EF25  F006         	goto	l580
  4472   000B70                     l1744:
  4473   000B70  C02F  F033         	movff	___fltol@f1,??___fltol
  4474   000B74  C030  F034         	movff	___fltol@f1+1,??___fltol+1
  4475   000B78  C031  F035         	movff	___fltol@f1+2,??___fltol+2
  4476   000B7C  C032  F036         	movff	___fltol@f1+3,??___fltol+3
  4477   000B80  0E20               	movlw	32
  4478   000B82  EFC8  F005         	goto	u1120
  4479   000B86                     u1125:
  4480   000B86  90D8               	bcf	status,0,c
  4481   000B88  3236               	rrcf	(??___fltol+3)^0,f,c
  4482   000B8A  3235               	rrcf	(??___fltol+2)^0,f,c
  4483   000B8C  3234               	rrcf	(??___fltol+1)^0,f,c
  4484   000B8E  3233               	rrcf	??___fltol^0,f,c
  4485   000B90                     u1120:
  4486   000B90  2EE8               	decfsz	wreg,f,c
  4487   000B92  EFC3  F005         	goto	u1125
  4488   000B96  5033               	movf	??___fltol^0,w,c
  4489   000B98  6E37               	movwf	___fltol@sign1^0,c
  4490   000B9A  8E31               	bsf	(___fltol@f1+2)^0,7,c
  4491   000B9C  0EFF               	movlw	255
  4492   000B9E  162F               	andwf	___fltol@f1^0,f,c
  4493   000BA0  0EFF               	movlw	255
  4494   000BA2  1630               	andwf	(___fltol@f1+1)^0,f,c
  4495   000BA4  0EFF               	movlw	255
  4496   000BA6  1631               	andwf	(___fltol@f1+2)^0,f,c
  4497   000BA8  0E00               	movlw	0
  4498   000BAA  1632               	andwf	(___fltol@f1+3)^0,f,c
  4499   000BAC  0E96               	movlw	150
  4500   000BAE  5E38               	subwf	___fltol@exp1^0,f,c
  4501   000BB0  BE38               	btfsc	___fltol@exp1^0,7,c
  4502   000BB2  EFDF  F005         	goto	u1130
  4503   000BB6  EFDD  F005         	goto	u1131
  4504   000BBA                     u1131:
  4505   000BBA  EFF5  F005         	goto	l1764
  4506   000BBE                     u1130:
  4507   000BBE  5038               	movf	___fltol@exp1^0,w,c
  4508   000BC0  0A80               	xorlw	128
  4509   000BC2  0F97               	addlw	151
  4510   000BC4  B0D8               	btfsc	status,0,c
  4511   000BC6  EFE7  F005         	goto	u1141
  4512   000BCA  EFE9  F005         	goto	u1140
  4513   000BCE                     u1141:
  4514   000BCE  EFEB  F005         	goto	l1760
  4515   000BD2                     u1140:
  4516   000BD2  EFAE  F005         	goto	l1740
  4517   000BD6                     l1760:
  4518   000BD6  90D8               	bcf	status,0,c
  4519   000BD8  3232               	rrcf	(___fltol@f1+3)^0,f,c
  4520   000BDA  3231               	rrcf	(___fltol@f1+2)^0,f,c
  4521   000BDC  3230               	rrcf	(___fltol@f1+1)^0,f,c
  4522   000BDE  322F               	rrcf	___fltol@f1^0,f,c
  4523   000BE0  3E38               	incfsz	___fltol@exp1^0,f,c
  4524   000BE2  EFEB  F005         	goto	l1760
  4525   000BE6  EF0D  F006         	goto	l1774
  4526   000BEA                     l1764:
  4527   000BEA  0E1F               	movlw	31
  4528   000BEC  6438               	cpfsgt	___fltol@exp1^0,c
  4529   000BEE  EFFB  F005         	goto	u1151
  4530   000BF2  EFFD  F005         	goto	u1150
  4531   000BF6                     u1151:
  4532   000BF6  EF05  F006         	goto	l1772
  4533   000BFA                     u1150:
  4534   000BFA  EFAE  F005         	goto	l1740
  4535   000BFE                     l1770:
  4536   000BFE  90D8               	bcf	status,0,c
  4537   000C00  362F               	rlcf	___fltol@f1^0,f,c
  4538   000C02  3630               	rlcf	(___fltol@f1+1)^0,f,c
  4539   000C04  3631               	rlcf	(___fltol@f1+2)^0,f,c
  4540   000C06  3632               	rlcf	(___fltol@f1+3)^0,f,c
  4541   000C08  0638               	decf	___fltol@exp1^0,f,c
  4542   000C0A                     l1772:
  4543   000C0A  5038               	movf	___fltol@exp1^0,w,c
  4544   000C0C  A4D8               	btfss	status,2,c
  4545   000C0E  EF0B  F006         	goto	u1161
  4546   000C12  EF0D  F006         	goto	u1160
  4547   000C16                     u1161:
  4548   000C16  EFFF  F005         	goto	l1770
  4549   000C1A                     u1160:
  4550   000C1A                     l1774:
  4551   000C1A  5037               	movf	___fltol@sign1^0,w,c
  4552   000C1C  B4D8               	btfsc	status,2,c
  4553   000C1E  EF13  F006         	goto	u1171
  4554   000C22  EF15  F006         	goto	u1170
  4555   000C26                     u1171:
  4556   000C26  EF1D  F006         	goto	l1778
  4557   000C2A                     u1170:
  4558   000C2A  1E32               	comf	(___fltol@f1+3)^0,f,c
  4559   000C2C  1E31               	comf	(___fltol@f1+2)^0,f,c
  4560   000C2E  1E30               	comf	(___fltol@f1+1)^0,f,c
  4561   000C30  6C2F               	negf	___fltol@f1^0,c
  4562   000C32  0E00               	movlw	0
  4563   000C34  2230               	addwfc	(___fltol@f1+1)^0,f,c
  4564   000C36  2231               	addwfc	(___fltol@f1+2)^0,f,c
  4565   000C38  2232               	addwfc	(___fltol@f1+3)^0,f,c
  4566   000C3A                     l1778:
  4567   000C3A  C02F  F02F         	movff	___fltol@f1,?___fltol
  4568   000C3E  C030  F030         	movff	___fltol@f1+1,?___fltol+1
  4569   000C42  C031  F031         	movff	___fltol@f1+2,?___fltol+2
  4570   000C46  C032  F032         	movff	___fltol@f1+3,?___fltol+3
  4571   000C4A                     l580:
  4572   000C4A  0012               	return		;funcret
  4573   000C4C                     __end_of___fltol:
  4574                           	callstack 0
  4575                           
  4576 ;; *************** function ___fldiv *****************
  4577 ;; Defined at:
  4578 ;;		line 11 in file "C:\Program Files\Microchip\xc8\v3.00\pic\sources\c99\common\sprcdiv.c"
  4579 ;; Parameters:    Size  Location     Type
  4580 ;;  b               4   21[COMRAM] long 
  4581 ;;  a               4   25[COMRAM] long 
  4582 ;; Auto vars:     Size  Location     Type
  4583 ;;  grs             4   40[COMRAM] unsigned long 
  4584 ;;  rem             4   33[COMRAM] unsigned long 
  4585 ;;  new_exp         2   38[COMRAM] short 
  4586 ;;  aexp            1   45[COMRAM] unsigned char 
  4587 ;;  bexp            1   44[COMRAM] unsigned char 
  4588 ;;  sign            1   37[COMRAM] unsigned char 
  4589 ;; Return value:  Size  Location     Type
  4590 ;;                  4   21[COMRAM] unsigned char 
  4591 ;; Registers used:
  4592 ;;		wreg, status,2, status,0
  4593 ;; Tracked objects:
  4594 ;;		On entry : 0/0
  4595 ;;		On exit  : 0/0
  4596 ;;		Unchanged: 0/0
  4597 ;; Data sizes:     COMRAM   BANK0   BANK1   BANK2   BANK3   BANK4   BANK5
  4598 ;;      Params:         8       0       0       0       0       0       0
  4599 ;;      Locals:        13       0       0       0       0       0       0
  4600 ;;      Temps:          4       0       0       0       0       0       0
  4601 ;;      Totals:        25       0       0       0       0       0       0
  4602 ;;Total ram usage:       25 bytes
  4603 ;; Hardware stack levels used: 1
  4604 ;; This function calls:
  4605 ;;		Nothing
  4606 ;; This function is called by:
  4607 ;;		_speed1
  4608 ;; This function uses a non-reentrant model
  4609 ;;
  4610                           
  4611                           	psect	text6
  4612   000602                     __ptext6:
  4613                           	callstack 0
  4614   000602                     ___fldiv:
  4615                           	callstack 29
  4616   000602  5019               	movf	(___fldiv@b+3)^0,w,c
  4617   000604  0B80               	andlw	128
  4618   000606  6E26               	movwf	___fldiv@sign^0,c
  4619   000608  5019               	movf	(___fldiv@b+3)^0,w,c
  4620   00060A  2419               	addwf	(___fldiv@b+3)^0,w,c
  4621   00060C  6E2D               	movwf	___fldiv@bexp^0,c
  4622   00060E  AE18               	btfss	(___fldiv@b+2)^0,7,c
  4623   000610  EF0C  F003         	goto	u881
  4624   000614  EF0E  F003         	goto	u880
  4625   000618                     u881:
  4626   000618  EF0F  F003         	goto	l1608
  4627   00061C                     u880:
  4628   00061C  802D               	bsf	___fldiv@bexp^0,0,c
  4629   00061E                     l1608:
  4630   00061E  502D               	movf	___fldiv@bexp^0,w,c
  4631   000620  B4D8               	btfsc	status,2,c
  4632   000622  EF15  F003         	goto	u891
  4633   000626  EF17  F003         	goto	u890
  4634   00062A                     u891:
  4635   00062A  EF2B  F003         	goto	l1618
  4636   00062E                     u890:
  4637   00062E  282D               	incf	___fldiv@bexp^0,w,c
  4638   000630  A4D8               	btfss	status,2,c
  4639   000632  EF1D  F003         	goto	u901
  4640   000636  EF1F  F003         	goto	u900
  4641   00063A                     u901:
  4642   00063A  EF27  F003         	goto	l1614
  4643   00063E                     u900:
  4644   00063E  0E00               	movlw	0
  4645   000640  6E16               	movwf	___fldiv@b^0,c
  4646   000642  0E00               	movlw	0
  4647   000644  6E17               	movwf	(___fldiv@b+1)^0,c
  4648   000646  0E00               	movlw	0
  4649   000648  6E18               	movwf	(___fldiv@b+2)^0,c
  4650   00064A  0E00               	movlw	0
  4651   00064C  6E19               	movwf	(___fldiv@b+3)^0,c
  4652   00064E                     l1614:
  4653   00064E  8E18               	bsf	(___fldiv@b+2)^0,7,c
  4654   000650  6A19               	clrf	(___fldiv@b+3)^0,c
  4655   000652  EF33  F003         	goto	l1620
  4656   000656                     l1618:
  4657   000656  0E00               	movlw	0
  4658   000658  6E16               	movwf	___fldiv@b^0,c
  4659   00065A  0E00               	movlw	0
  4660   00065C  6E17               	movwf	(___fldiv@b+1)^0,c
  4661   00065E  0E00               	movlw	0
  4662   000660  6E18               	movwf	(___fldiv@b+2)^0,c
  4663   000662  0E00               	movlw	0
  4664   000664  6E19               	movwf	(___fldiv@b+3)^0,c
  4665   000666                     l1620:
  4666   000666  501D               	movf	(___fldiv@a+3)^0,w,c
  4667   000668  0B80               	andlw	128
  4668   00066A  1A26               	xorwf	___fldiv@sign^0,f,c
  4669   00066C  501D               	movf	(___fldiv@a+3)^0,w,c
  4670   00066E  241D               	addwf	(___fldiv@a+3)^0,w,c
  4671   000670  6E2E               	movwf	___fldiv@aexp^0,c
  4672   000672  AE1C               	btfss	(___fldiv@a+2)^0,7,c
  4673   000674  EF3E  F003         	goto	u911
  4674   000678  EF40  F003         	goto	u910
  4675   00067C                     u911:
  4676   00067C  EF41  F003         	goto	l1628
  4677   000680                     u910:
  4678   000680  802E               	bsf	___fldiv@aexp^0,0,c
  4679   000682                     l1628:
  4680   000682  502E               	movf	___fldiv@aexp^0,w,c
  4681   000684  B4D8               	btfsc	status,2,c
  4682   000686  EF47  F003         	goto	u921
  4683   00068A  EF49  F003         	goto	u920
  4684   00068E                     u921:
  4685   00068E  EF5D  F003         	goto	l1638
  4686   000692                     u920:
  4687   000692  282E               	incf	___fldiv@aexp^0,w,c
  4688   000694  A4D8               	btfss	status,2,c
  4689   000696  EF4F  F003         	goto	u931
  4690   00069A  EF51  F003         	goto	u930
  4691   00069E                     u931:
  4692   00069E  EF59  F003         	goto	l1634
  4693   0006A2                     u930:
  4694   0006A2  0E00               	movlw	0
  4695   0006A4  6E1A               	movwf	___fldiv@a^0,c
  4696   0006A6  0E00               	movlw	0
  4697   0006A8  6E1B               	movwf	(___fldiv@a+1)^0,c
  4698   0006AA  0E00               	movlw	0
  4699   0006AC  6E1C               	movwf	(___fldiv@a+2)^0,c
  4700   0006AE  0E00               	movlw	0
  4701   0006B0  6E1D               	movwf	(___fldiv@a+3)^0,c
  4702   0006B2                     l1634:
  4703   0006B2  8E1C               	bsf	(___fldiv@a+2)^0,7,c
  4704   0006B4  6A1D               	clrf	(___fldiv@a+3)^0,c
  4705   0006B6  EF65  F003         	goto	l1640
  4706   0006BA                     l1638:
  4707   0006BA  0E00               	movlw	0
  4708   0006BC  6E1A               	movwf	___fldiv@a^0,c
  4709   0006BE  0E00               	movlw	0
  4710   0006C0  6E1B               	movwf	(___fldiv@a+1)^0,c
  4711   0006C2  0E00               	movlw	0
  4712   0006C4  6E1C               	movwf	(___fldiv@a+2)^0,c
  4713   0006C6  0E00               	movlw	0
  4714   0006C8  6E1D               	movwf	(___fldiv@a+3)^0,c
  4715   0006CA                     l1640:
  4716   0006CA  501A               	movf	___fldiv@a^0,w,c
  4717   0006CC  101B               	iorwf	(___fldiv@a+1)^0,w,c
  4718   0006CE  101C               	iorwf	(___fldiv@a+2)^0,w,c
  4719   0006D0  101D               	iorwf	(___fldiv@a+3)^0,w,c
  4720   0006D2  A4D8               	btfss	status,2,c
  4721   0006D4  EF6E  F003         	goto	u941
  4722   0006D8  EF70  F003         	goto	u940
  4723   0006DC                     u941:
  4724   0006DC  EF88  F003         	goto	l1652
  4725   0006E0                     u940:
  4726   0006E0  0E00               	movlw	0
  4727   0006E2  6E16               	movwf	___fldiv@b^0,c
  4728   0006E4  0E00               	movlw	0
  4729   0006E6  6E17               	movwf	(___fldiv@b+1)^0,c
  4730   0006E8  0E00               	movlw	0
  4731   0006EA  6E18               	movwf	(___fldiv@b+2)^0,c
  4732   0006EC  0E00               	movlw	0
  4733   0006EE  6E19               	movwf	(___fldiv@b+3)^0,c
  4734   0006F0  0E80               	movlw	128
  4735   0006F2  1218               	iorwf	(___fldiv@b+2)^0,f,c
  4736   0006F4  0E7F               	movlw	127
  4737   0006F6  1219               	iorwf	(___fldiv@b+3)^0,f,c
  4738   0006F8                     l1646:
  4739   0006F8  5026               	movf	___fldiv@sign^0,w,c
  4740   0006FA  1219               	iorwf	(___fldiv@b+3)^0,f,c
  4741   0006FC  C016  F016         	movff	___fldiv@b,?___fldiv
  4742   000700  C017  F017         	movff	___fldiv@b+1,?___fldiv+1
  4743   000704  C018  F018         	movff	___fldiv@b+2,?___fldiv+2
  4744   000708  C019  F019         	movff	___fldiv@b+3,?___fldiv+3
  4745   00070C  EFC8  F004         	goto	l865
  4746   000710                     l1652:
  4747   000710  502D               	movf	___fldiv@bexp^0,w,c
  4748   000712  A4D8               	btfss	status,2,c
  4749   000714  EF8E  F003         	goto	u951
  4750   000718  EF90  F003         	goto	u950
  4751   00071C                     u951:
  4752   00071C  EF9A  F003         	goto	l1660
  4753   000720                     u950:
  4754   000720  0E00               	movlw	0
  4755   000722  6E16               	movwf	?___fldiv^0,c
  4756   000724  0E00               	movlw	0
  4757   000726  6E17               	movwf	(?___fldiv+1)^0,c
  4758   000728  0E00               	movlw	0
  4759   00072A  6E18               	movwf	(?___fldiv+2)^0,c
  4760   00072C  0E00               	movlw	0
  4761   00072E  6E19               	movwf	(?___fldiv+3)^0,c
  4762   000730  EFC8  F004         	goto	l865
  4763   000734                     l1660:
  4764   000734  502E               	movf	___fldiv@aexp^0,w,c
  4765   000736  C02D  F01E         	movff	___fldiv@bexp,??___fldiv
  4766   00073A  6A1F               	clrf	(??___fldiv+1)^0,c
  4767   00073C  5E1E               	subwf	??___fldiv^0,f,c
  4768   00073E  0E00               	movlw	0
  4769   000740  5A1F               	subwfb	(??___fldiv+1)^0,f,c
  4770   000742  0E7F               	movlw	127
  4771   000744  241E               	addwf	??___fldiv^0,w,c
  4772   000746  6E27               	movwf	___fldiv@new_exp^0,c
  4773   000748  0E00               	movlw	0
  4774   00074A  201F               	addwfc	(??___fldiv+1)^0,w,c
  4775   00074C  6E28               	movwf	(___fldiv@new_exp+1)^0,c
  4776   00074E  C016  F022         	movff	___fldiv@b,___fldiv@rem
  4777   000752  C017  F023         	movff	___fldiv@b+1,___fldiv@rem+1
  4778   000756  C018  F024         	movff	___fldiv@b+2,___fldiv@rem+2
  4779   00075A  C019  F025         	movff	___fldiv@b+3,___fldiv@rem+3
  4780   00075E  0E00               	movlw	0
  4781   000760  6E16               	movwf	___fldiv@b^0,c
  4782   000762  0E00               	movlw	0
  4783   000764  6E17               	movwf	(___fldiv@b+1)^0,c
  4784   000766  0E00               	movlw	0
  4785   000768  6E18               	movwf	(___fldiv@b+2)^0,c
  4786   00076A  0E00               	movlw	0
  4787   00076C  6E19               	movwf	(___fldiv@b+3)^0,c
  4788   00076E  0E00               	movlw	0
  4789   000770  6E29               	movwf	___fldiv@grs^0,c
  4790   000772  0E00               	movlw	0
  4791   000774  6E2A               	movwf	(___fldiv@grs+1)^0,c
  4792   000776  0E00               	movlw	0
  4793   000778  6E2B               	movwf	(___fldiv@grs+2)^0,c
  4794   00077A  0E00               	movlw	0
  4795   00077C  6E2C               	movwf	(___fldiv@grs+3)^0,c
  4796   00077E  6A2E               	clrf	___fldiv@aexp^0,c
  4797   000780  EFFA  F003         	goto	l867
  4798   000784                     l1670:
  4799   000784  502E               	movf	___fldiv@aexp^0,w,c
  4800   000786  B4D8               	btfsc	status,2,c
  4801   000788  EFC8  F003         	goto	u961
  4802   00078C  EFCA  F003         	goto	u960
  4803   000790                     u961:
  4804   000790  EFE1  F003         	goto	l1678
  4805   000794                     u960:
  4806   000794  90D8               	bcf	status,0,c
  4807   000796  3622               	rlcf	___fldiv@rem^0,f,c
  4808   000798  3623               	rlcf	(___fldiv@rem+1)^0,f,c
  4809   00079A  3624               	rlcf	(___fldiv@rem+2)^0,f,c
  4810   00079C  3625               	rlcf	(___fldiv@rem+3)^0,f,c
  4811   00079E  90D8               	bcf	status,0,c
  4812   0007A0  3616               	rlcf	___fldiv@b^0,f,c
  4813   0007A2  3617               	rlcf	(___fldiv@b+1)^0,f,c
  4814   0007A4  3618               	rlcf	(___fldiv@b+2)^0,f,c
  4815   0007A6  3619               	rlcf	(___fldiv@b+3)^0,f,c
  4816   0007A8  AE2C               	btfss	(___fldiv@grs+3)^0,7,c
  4817   0007AA  EFD9  F003         	goto	u971
  4818   0007AE  EFDB  F003         	goto	u970
  4819   0007B2                     u971:
  4820   0007B2  EFDC  F003         	goto	l870
  4821   0007B6                     u970:
  4822   0007B6  8016               	bsf	___fldiv@b^0,0,c
  4823   0007B8                     l870:
  4824   0007B8  90D8               	bcf	status,0,c
  4825   0007BA  3629               	rlcf	___fldiv@grs^0,f,c
  4826   0007BC  362A               	rlcf	(___fldiv@grs+1)^0,f,c
  4827   0007BE  362B               	rlcf	(___fldiv@grs+2)^0,f,c
  4828   0007C0  362C               	rlcf	(___fldiv@grs+3)^0,f,c
  4829   0007C2                     l1678:
  4830   0007C2  501A               	movf	___fldiv@a^0,w,c
  4831   0007C4  5C22               	subwf	___fldiv@rem^0,w,c
  4832   0007C6  501B               	movf	(___fldiv@a+1)^0,w,c
  4833   0007C8  5823               	subwfb	(___fldiv@rem+1)^0,w,c
  4834   0007CA  501C               	movf	(___fldiv@a+2)^0,w,c
  4835   0007CC  5824               	subwfb	(___fldiv@rem+2)^0,w,c
  4836   0007CE  501D               	movf	(___fldiv@a+3)^0,w,c
  4837   0007D0  5825               	subwfb	(___fldiv@rem+3)^0,w,c
  4838   0007D2  A0D8               	btfss	status,0,c
  4839   0007D4  EFEE  F003         	goto	u981
  4840   0007D8  EFF0  F003         	goto	u980
  4841   0007DC                     u981:
  4842   0007DC  EFF9  F003         	goto	l1684
  4843   0007E0                     u980:
  4844   0007E0  8C2C               	bsf	(___fldiv@grs+3)^0,6,c
  4845   0007E2  501A               	movf	___fldiv@a^0,w,c
  4846   0007E4  5E22               	subwf	___fldiv@rem^0,f,c
  4847   0007E6  501B               	movf	(___fldiv@a+1)^0,w,c
  4848   0007E8  5A23               	subwfb	(___fldiv@rem+1)^0,f,c
  4849   0007EA  501C               	movf	(___fldiv@a+2)^0,w,c
  4850   0007EC  5A24               	subwfb	(___fldiv@rem+2)^0,f,c
  4851   0007EE  501D               	movf	(___fldiv@a+3)^0,w,c
  4852   0007F0  5A25               	subwfb	(___fldiv@rem+3)^0,f,c
  4853   0007F2                     l1684:
  4854   0007F2  2A2E               	incf	___fldiv@aexp^0,f,c
  4855   0007F4                     l867:
  4856   0007F4  0E19               	movlw	25
  4857   0007F6  642E               	cpfsgt	___fldiv@aexp^0,c
  4858   0007F8  EF00  F004         	goto	u991
  4859   0007FC  EF02  F004         	goto	u990
  4860   000800                     u991:
  4861   000800  EFC2  F003         	goto	l1670
  4862   000804                     u990:
  4863   000804  5022               	movf	___fldiv@rem^0,w,c
  4864   000806  1023               	iorwf	(___fldiv@rem+1)^0,w,c
  4865   000808  1024               	iorwf	(___fldiv@rem+2)^0,w,c
  4866   00080A  1025               	iorwf	(___fldiv@rem+3)^0,w,c
  4867   00080C  B4D8               	btfsc	status,2,c
  4868   00080E  EF0B  F004         	goto	u1001
  4869   000812  EF0D  F004         	goto	u1000
  4870   000816                     u1001:
  4871   000816  EF25  F004         	goto	l1696
  4872   00081A                     u1000:
  4873   00081A  8029               	bsf	___fldiv@grs^0,0,c
  4874   00081C  EF25  F004         	goto	l1696
  4875   000820                     l1690:
  4876   000820  90D8               	bcf	status,0,c
  4877   000822  3616               	rlcf	___fldiv@b^0,f,c
  4878   000824  3617               	rlcf	(___fldiv@b+1)^0,f,c
  4879   000826  3618               	rlcf	(___fldiv@b+2)^0,f,c
  4880   000828  3619               	rlcf	(___fldiv@b+3)^0,f,c
  4881   00082A  AE2C               	btfss	(___fldiv@grs+3)^0,7,c
  4882   00082C  EF1A  F004         	goto	u1011
  4883   000830  EF1C  F004         	goto	u1010
  4884   000834                     u1011:
  4885   000834  EF1D  F004         	goto	l876
  4886   000838                     u1010:
  4887   000838  8016               	bsf	___fldiv@b^0,0,c
  4888   00083A                     l876:
  4889   00083A  90D8               	bcf	status,0,c
  4890   00083C  3629               	rlcf	___fldiv@grs^0,f,c
  4891   00083E  362A               	rlcf	(___fldiv@grs+1)^0,f,c
  4892   000840  362B               	rlcf	(___fldiv@grs+2)^0,f,c
  4893   000842  362C               	rlcf	(___fldiv@grs+3)^0,f,c
  4894   000844  0627               	decf	___fldiv@new_exp^0,f,c
  4895   000846  A0D8               	btfss	status,0,c
  4896   000848  0628               	decf	(___fldiv@new_exp+1)^0,f,c
  4897   00084A                     l1696:
  4898   00084A  AE18               	btfss	(___fldiv@b+2)^0,7,c
  4899   00084C  EF2A  F004         	goto	u1021
  4900   000850  EF2C  F004         	goto	u1020
  4901   000854                     u1021:
  4902   000854  EF10  F004         	goto	l1690
  4903   000858                     u1020:
  4904   000858  6A2E               	clrf	___fldiv@aexp^0,c
  4905   00085A  AE2C               	btfss	(___fldiv@grs+3)^0,7,c
  4906   00085C  EF32  F004         	goto	u1031
  4907   000860  EF34  F004         	goto	u1030
  4908   000864                     u1031:
  4909   000864  EF58  F004         	goto	l878
  4910   000868                     u1030:
  4911   000868  0EFF               	movlw	255
  4912   00086A  1429               	andwf	___fldiv@grs^0,w,c
  4913   00086C  6E1E               	movwf	??___fldiv^0,c
  4914   00086E  0EFF               	movlw	255
  4915   000870  142A               	andwf	(___fldiv@grs+1)^0,w,c
  4916   000872  6E1F               	movwf	(??___fldiv+1)^0,c
  4917   000874  0EFF               	movlw	255
  4918   000876  142B               	andwf	(___fldiv@grs+2)^0,w,c
  4919   000878  6E20               	movwf	(??___fldiv+2)^0,c
  4920   00087A  0E7F               	movlw	127
  4921   00087C  142C               	andwf	(___fldiv@grs+3)^0,w,c
  4922   00087E  6E21               	movwf	(??___fldiv+3)^0,c
  4923   000880  501E               	movf	??___fldiv^0,w,c
  4924   000882  101F               	iorwf	(??___fldiv+1)^0,w,c
  4925   000884  1020               	iorwf	(??___fldiv+2)^0,w,c
  4926   000886  1021               	iorwf	(??___fldiv+3)^0,w,c
  4927   000888  B4D8               	btfsc	status,2,c
  4928   00088A  EF49  F004         	goto	u1041
  4929   00088E  EF4B  F004         	goto	u1040
  4930   000892                     u1041:
  4931   000892  EF4F  F004         	goto	l879
  4932   000896                     u1040:
  4933   000896                     l1700:
  4934   000896  0E01               	movlw	1
  4935   000898  6E2E               	movwf	___fldiv@aexp^0,c
  4936   00089A  EF58  F004         	goto	l878
  4937   00089E                     l879:
  4938   00089E  A016               	btfss	___fldiv@b^0,0,c
  4939   0008A0  EF54  F004         	goto	u1051
  4940   0008A4  EF56  F004         	goto	u1050
  4941   0008A8                     u1051:
  4942   0008A8  EF58  F004         	goto	l878
  4943   0008AC                     u1050:
  4944   0008AC  EF4B  F004         	goto	l1700
  4945   0008B0                     l878:
  4946   0008B0  502E               	movf	___fldiv@aexp^0,w,c
  4947   0008B2  B4D8               	btfsc	status,2,c
  4948   0008B4  EF5E  F004         	goto	u1061
  4949   0008B8  EF60  F004         	goto	u1060
  4950   0008BC                     u1061:
  4951   0008BC  EF84  F004         	goto	l1712
  4952   0008C0                     u1060:
  4953   0008C0  0E01               	movlw	1
  4954   0008C2  2616               	addwf	___fldiv@b^0,f,c
  4955   0008C4  0E00               	movlw	0
  4956   0008C6  2217               	addwfc	(___fldiv@b+1)^0,f,c
  4957   0008C8  2218               	addwfc	(___fldiv@b+2)^0,f,c
  4958   0008CA  2219               	addwfc	(___fldiv@b+3)^0,f,c
  4959   0008CC  A019               	btfss	(___fldiv@b+3)^0,0,c
  4960   0008CE  EF6B  F004         	goto	u1071
  4961   0008D2  EF6D  F004         	goto	u1070
  4962   0008D6                     u1071:
  4963   0008D6  EF84  F004         	goto	l1712
  4964   0008DA                     u1070:
  4965   0008DA  C016  F01E         	movff	___fldiv@b,??___fldiv
  4966   0008DE  C017  F01F         	movff	___fldiv@b+1,??___fldiv+1
  4967   0008E2  C018  F020         	movff	___fldiv@b+2,??___fldiv+2
  4968   0008E6  C019  F021         	movff	___fldiv@b+3,??___fldiv+3
  4969   0008EA  3421               	rlcf	(??___fldiv+3)^0,w,c
  4970   0008EC  3221               	rrcf	(??___fldiv+3)^0,f,c
  4971   0008EE  3220               	rrcf	(??___fldiv+2)^0,f,c
  4972   0008F0  321F               	rrcf	(??___fldiv+1)^0,f,c
  4973   0008F2  321E               	rrcf	??___fldiv^0,f,c
  4974   0008F4  C01E  F016         	movff	??___fldiv,___fldiv@b
  4975   0008F8  C01F  F017         	movff	??___fldiv+1,___fldiv@b+1
  4976   0008FC  C020  F018         	movff	??___fldiv+2,___fldiv@b+2
  4977   000900  C021  F019         	movff	??___fldiv+3,___fldiv@b+3
  4978   000904  4A27               	infsnz	___fldiv@new_exp^0,f,c
  4979   000906  2A28               	incf	(___fldiv@new_exp+1)^0,f,c
  4980   000908                     l1712:
  4981   000908  BE28               	btfsc	(___fldiv@new_exp+1)^0,7,c
  4982   00090A  EF8F  F004         	goto	u1081
  4983   00090E  5028               	movf	(___fldiv@new_exp+1)^0,w,c
  4984   000910  E108               	bnz	u1080
  4985   000912  2827               	incf	___fldiv@new_exp^0,w,c
  4986   000914  A0D8               	btfss	status,0,c
  4987   000916  EF8F  F004         	goto	u1081
  4988   00091A  EF91  F004         	goto	u1080
  4989   00091E                     u1081:
  4990   00091E  EF9C  F004         	goto	l1716
  4991   000922                     u1080:
  4992   000922  0E00               	movlw	0
  4993   000924  6E28               	movwf	(___fldiv@new_exp+1)^0,c
  4994   000926  6827               	setf	___fldiv@new_exp^0,c
  4995   000928  0E00               	movlw	0
  4996   00092A  6E16               	movwf	___fldiv@b^0,c
  4997   00092C  0E00               	movlw	0
  4998   00092E  6E17               	movwf	(___fldiv@b+1)^0,c
  4999   000930  0E00               	movlw	0
  5000   000932  6E18               	movwf	(___fldiv@b+2)^0,c
  5001   000934  0E00               	movlw	0
  5002   000936  6E19               	movwf	(___fldiv@b+3)^0,c
  5003   000938                     l1716:
  5004   000938  BE28               	btfsc	(___fldiv@new_exp+1)^0,7,c
  5005   00093A  EFA9  F004         	goto	u1090
  5006   00093E  5028               	movf	(___fldiv@new_exp+1)^0,w,c
  5007   000940  E106               	bnz	u1091
  5008   000942  0427               	decf	___fldiv@new_exp^0,w,c
  5009   000944  B0D8               	btfsc	status,0,c
  5010   000946  EFA7  F004         	goto	u1091
  5011   00094A  EFA9  F004         	goto	u1090
  5012   00094E                     u1091:
  5013   00094E  EFB6  F004         	goto	l1722
  5014   000952                     u1090:
  5015   000952  0E00               	movlw	0
  5016   000954  6E28               	movwf	(___fldiv@new_exp+1)^0,c
  5017   000956  0E00               	movlw	0
  5018   000958  6E27               	movwf	___fldiv@new_exp^0,c
  5019   00095A  0E00               	movlw	0
  5020   00095C  6E16               	movwf	___fldiv@b^0,c
  5021   00095E  0E00               	movlw	0
  5022   000960  6E17               	movwf	(___fldiv@b+1)^0,c
  5023   000962  0E00               	movlw	0
  5024   000964  6E18               	movwf	(___fldiv@b+2)^0,c
  5025   000966  0E00               	movlw	0
  5026   000968  6E19               	movwf	(___fldiv@b+3)^0,c
  5027   00096A  6A26               	clrf	___fldiv@sign^0,c
  5028   00096C                     l1722:
  5029   00096C  C027  F02D         	movff	___fldiv@new_exp,___fldiv@bexp
  5030   000970  A02D               	btfss	___fldiv@bexp^0,0,c
  5031   000972  EFBD  F004         	goto	u1101
  5032   000976  EFBF  F004         	goto	u1100
  5033   00097A                     u1101:
  5034   00097A  EFC2  F004         	goto	l1728
  5035   00097E                     u1100:
  5036   00097E  8E18               	bsf	(___fldiv@b+2)^0,7,c
  5037   000980  EFC3  F004         	goto	l1730
  5038   000984                     l1728:
  5039   000984  9E18               	bcf	(___fldiv@b+2)^0,7,c
  5040   000986                     l1730:
  5041   000986  90D8               	bcf	status,0,c
  5042   000988  302D               	rrcf	___fldiv@bexp^0,w,c
  5043   00098A  6E19               	movwf	(___fldiv@b+3)^0,c
  5044   00098C  EF7C  F003         	goto	l1646
  5045   000990                     l865:
  5046   000990  0012               	return		;funcret
  5047   000992                     __end_of___fldiv:
  5048                           	callstack 0
  5049                           
  5050 ;; *************** function _send_data *****************
  5051 ;; Defined at:
  5052 ;;		line 61 in file "sensor.c"
  5053 ;; Parameters:    Size  Location     Type
  5054 ;;		None
  5055 ;; Auto vars:     Size  Location     Type
  5056 ;;  i               2   17[COMRAM] int 
  5057 ;;  i               2   15[COMRAM] int 
  5058 ;;  data            1   19[COMRAM] unsigned char [1]
  5059 ;; Return value:  Size  Location     Type
  5060 ;;                  1    wreg      void 
  5061 ;; Registers used:
  5062 ;;		wreg, fsr1l, fsr1h, fsr2l, fsr2h, status,2, status,0, cstack
  5063 ;; Tracked objects:
  5064 ;;		On entry : 0/0
  5065 ;;		On exit  : 0/0
  5066 ;;		Unchanged: 0/0
  5067 ;; Data sizes:     COMRAM   BANK0   BANK1   BANK2   BANK3   BANK4   BANK5
  5068 ;;      Params:         0       0       0       0       0       0       0
  5069 ;;      Locals:         5       0       0       0       0       0       0
  5070 ;;      Temps:          0       0       0       0       0       0       0
  5071 ;;      Totals:         5       0       0       0       0       0       0
  5072 ;;Total ram usage:        5 bytes
  5073 ;; Hardware stack levels used: 1
  5074 ;; Hardware stack levels required when called: 2
  5075 ;; This function calls:
  5076 ;;		_can_transmit
  5077 ;; This function is called by:
  5078 ;;		_main
  5079 ;; This function uses a non-reentrant model
  5080 ;;
  5081                           
  5082                           	psect	text7
  5083   000D44                     __ptext7:
  5084                           	callstack 0
  5085   000D44                     _send_data:
  5086                           	callstack 28
  5087   000D44                     
  5088                           ;sensor.c: 63:     char data[1];;sensor.c: 64:     data[0] = speed;
  5089   000D44  C049  F014         	movff	_speed,send_data@data
  5090   000D48                     
  5091                           ;sensor.c: 65:     can_transmit(0x02, data, 1);
  5092   000D48  0E00               	movlw	0
  5093   000D4A  6E06               	movwf	(can_transmit@msg_id+1)^0,c
  5094   000D4C  0E02               	movlw	2
  5095   000D4E  6E05               	movwf	can_transmit@msg_id^0,c
  5096   000D50  0E14               	movlw	low send_data@data
  5097   000D52  6E07               	movwf	can_transmit@data^0,c
  5098   000D54  0E01               	movlw	1
  5099   000D56  6E08               	movwf	can_transmit@len^0,c
  5100   000D58  EC1D  F007         	call	_can_transmit	;wreg free
  5101   000D5C                     
  5102                           ;sensor.c: 66:     for(int i =1000; i>0; i--);
  5103   000D5C  0E03               	movlw	3
  5104   000D5E  6E11               	movwf	(send_data@i+1)^0,c
  5105   000D60  0EE8               	movlw	232
  5106   000D62  6E10               	movwf	send_data@i^0,c
  5107   000D64                     l1840:
  5108   000D64  0610               	decf	send_data@i^0,f,c
  5109   000D66  A0D8               	btfss	status,0,c
  5110   000D68  0611               	decf	(send_data@i+1)^0,f,c
  5111   000D6A  BE11               	btfsc	(send_data@i+1)^0,7,c
  5112   000D6C  EFC2  F006         	goto	u1280
  5113   000D70  5011               	movf	(send_data@i+1)^0,w,c
  5114   000D72  E106               	bnz	u1281
  5115   000D74  0410               	decf	send_data@i^0,w,c
  5116   000D76  B0D8               	btfsc	status,0,c
  5117   000D78  EFC0  F006         	goto	u1281
  5118   000D7C  EFC2  F006         	goto	u1280
  5119   000D80                     u1281:
  5120   000D80  EFB2  F006         	goto	l1840
  5121   000D84                     u1280:
  5122   000D84                     
  5123                           ;sensor.c: 69:     data[0] = gear;
  5124   000D84  C04A  F014         	movff	_gear,send_data@data
  5125   000D88                     
  5126                           ;sensor.c: 70:     can_transmit(0x03, data, 1);
  5127   000D88  0E00               	movlw	0
  5128   000D8A  6E06               	movwf	(can_transmit@msg_id+1)^0,c
  5129   000D8C  0E03               	movlw	3
  5130   000D8E  6E05               	movwf	can_transmit@msg_id^0,c
  5131   000D90  0E14               	movlw	low send_data@data
  5132   000D92  6E07               	movwf	can_transmit@data^0,c
  5133   000D94  0E01               	movlw	1
  5134   000D96  6E08               	movwf	can_transmit@len^0,c
  5135   000D98  EC1D  F007         	call	_can_transmit	;wreg free
  5136   000D9C                     
  5137                           ;sensor.c: 71:     for(int i =1000; i>0; i--);
  5138   000D9C  0E03               	movlw	3
  5139   000D9E  6E13               	movwf	(send_data@i_121+1)^0,c
  5140   000DA0  0EE8               	movlw	232
  5141   000DA2  6E12               	movwf	send_data@i_121^0,c
  5142   000DA4                     l1852:
  5143   000DA4  0612               	decf	send_data@i_121^0,f,c
  5144   000DA6  A0D8               	btfss	status,0,c
  5145   000DA8  0613               	decf	(send_data@i_121+1)^0,f,c
  5146   000DAA  BE13               	btfsc	(send_data@i_121+1)^0,7,c
  5147   000DAC  EFE2  F006         	goto	u1290
  5148   000DB0  5013               	movf	(send_data@i_121+1)^0,w,c
  5149   000DB2  E106               	bnz	u1291
  5150   000DB4  0412               	decf	send_data@i_121^0,w,c
  5151   000DB6  B0D8               	btfsc	status,0,c
  5152   000DB8  EFE0  F006         	goto	u1291
  5153   000DBC  EFE2  F006         	goto	u1290
  5154   000DC0                     u1291:
  5155   000DC0  EFD2  F006         	goto	l1852
  5156   000DC4                     u1290:
  5157   000DC4  0012               	return		;funcret
  5158   000DC6                     __end_of_send_data:
  5159                           	callstack 0
  5160                           
  5161 ;; *************** function _can_transmit *****************
  5162 ;; Defined at:
  5163 ;;		line 63 in file "can.c"
  5164 ;; Parameters:    Size  Location     Type
  5165 ;;  msg_id          2    4[COMRAM] unsigned short 
  5166 ;;  data            1    6[COMRAM] PTR const unsigned char 
  5167 ;;		 -> send_data@data(1), 
  5168 ;;  len             1    7[COMRAM] unsigned char 
  5169 ;; Auto vars:     Size  Location     Type
  5170 ;;  i               2   13[COMRAM] int 
  5171 ;;  ptr             2   11[COMRAM] PTR unsigned char 
  5172 ;;		 -> TXB0D0(1), 
  5173 ;; Return value:  Size  Location     Type
  5174 ;;                  1    wreg      void 
  5175 ;; Registers used:
  5176 ;;		wreg, fsr1l, fsr1h, fsr2l, fsr2h, status,2, status,0, cstack
  5177 ;; Tracked objects:
  5178 ;;		On entry : 0/0
  5179 ;;		On exit  : 0/0
  5180 ;;		Unchanged: 0/0
  5181 ;; Data sizes:     COMRAM   BANK0   BANK1   BANK2   BANK3   BANK4   BANK5
  5182 ;;      Params:         4       0       0       0       0       0       0
  5183 ;;      Locals:         4       0       0       0       0       0       0
  5184 ;;      Temps:          3       0       0       0       0       0       0
  5185 ;;      Totals:        11       0       0       0       0       0       0
  5186 ;;Total ram usage:       11 bytes
  5187 ;; Hardware stack levels used: 1
  5188 ;; Hardware stack levels required when called: 1
  5189 ;; This function calls:
  5190 ;;		_set_msg_id_std
  5191 ;; This function is called by:
  5192 ;;		_send_data
  5193 ;; This function uses a non-reentrant model
  5194 ;;
  5195                           
  5196                           	psect	text8
  5197   000E3A                     __ptext8:
  5198                           	callstack 0
  5199   000E3A                     _can_transmit:
  5200                           	callstack 28
  5201   000E3A                     
  5202                           ;can.c: 64:     uint8_t *ptr;;can.c: 65:     TXB0EIDH = 0x00;
  5203   000E3A  010F               	movlb	15	; () banked
  5204   000E3C  6B43               	clrf	67,b	;volatile
  5205                           
  5206                           ;can.c: 66:     TXB0EIDL = 0x00;
  5207   000E3E  6B44               	clrf	68,b	;volatile
  5208   000E40                     
  5209                           ; BSR set to: 15
  5210                           ;can.c: 69:     set_msg_id_std(msg_id);
  5211   000E40  C005  F001         	movff	can_transmit@msg_id,set_msg_id_std@id
  5212   000E44  C006  F002         	movff	can_transmit@msg_id+1,set_msg_id_std@id+1
  5213   000E48  ECA3  F007         	call	_set_msg_id_std	;wreg free
  5214   000E4C                     
  5215                           ;can.c: 72:     TXB0DLC = len;
  5216   000E4C  C008  FF45         	movff	can_transmit@len,3909	;volatile
  5217   000E50                     
  5218                           ;can.c: 77:     ptr = (uint8_t *) & TXB0D0;
  5219   000E50  0E46               	movlw	70
  5220   000E52  6E0C               	movwf	can_transmit@ptr^0,c
  5221   000E54  0E0F               	movlw	15
  5222   000E56  6E0D               	movwf	(can_transmit@ptr+1)^0,c
  5223   000E58                     
  5224                           ;can.c: 78:     for (int i = 0; i < len; i++) {
  5225   000E58  0E00               	movlw	0
  5226   000E5A  6E0F               	movwf	(can_transmit@i+1)^0,c
  5227   000E5C  0E00               	movlw	0
  5228   000E5E  6E0E               	movwf	can_transmit@i^0,c
  5229   000E60  EF40  F007         	goto	l1600
  5230   000E64                     l1596:
  5231                           
  5232                           ;can.c: 79:         ptr[i] = data[i];
  5233   000E64  5007               	movf	can_transmit@data^0,w,c
  5234   000E66  240E               	addwf	can_transmit@i^0,w,c
  5235   000E68  6ED9               	movwf	fsr2l,c
  5236   000E6A  6ADA               	clrf	fsr2h,c
  5237   000E6C  500E               	movf	can_transmit@i^0,w,c
  5238   000E6E  240C               	addwf	can_transmit@ptr^0,w,c
  5239   000E70  6EE1               	movwf	fsr1l,c
  5240   000E72  500F               	movf	(can_transmit@i+1)^0,w,c
  5241   000E74  200D               	addwfc	(can_transmit@ptr+1)^0,w,c
  5242   000E76  6EE2               	movwf	fsr1h,c
  5243   000E78  CFDF FFE7          	movff	indf2,indf1
  5244   000E7C                     
  5245                           ;can.c: 80:     }
  5246   000E7C  4A0E               	infsnz	can_transmit@i^0,f,c
  5247   000E7E  2A0F               	incf	(can_transmit@i+1)^0,f,c
  5248   000E80                     l1600:
  5249   000E80  5008               	movf	can_transmit@len^0,w,c
  5250   000E82  6E09               	movwf	??_can_transmit^0,c
  5251   000E84  6A0A               	clrf	(??_can_transmit+1)^0,c
  5252   000E86  5009               	movf	??_can_transmit^0,w,c
  5253   000E88  5C0E               	subwf	can_transmit@i^0,w,c
  5254   000E8A  500F               	movf	(can_transmit@i+1)^0,w,c
  5255   000E8C  0A80               	xorlw	128
  5256   000E8E  6E0B               	movwf	(??_can_transmit+2)^0,c
  5257   000E90  500A               	movf	(??_can_transmit+1)^0,w,c
  5258   000E92  0A80               	xorlw	128
  5259   000E94  580B               	subwfb	(??_can_transmit+2)^0,w,c
  5260   000E96  A0D8               	btfss	status,0,c
  5261   000E98  EF50  F007         	goto	u871
  5262   000E9C  EF52  F007         	goto	u870
  5263   000EA0                     u871:
  5264   000EA0  EF32  F007         	goto	l1596
  5265   000EA4                     u870:
  5266   000EA4                     
  5267                           ;can.c: 81:     TXB0REQ = 1;
  5268   000EA4  010F               	movlb	15	; () banked
  5269   000EA6  8740               	bsf	64,3,b	;volatile
  5270   000EA8                     
  5271                           ; BSR set to: 15
  5272   000EA8  0012               	return		;funcret
  5273   000EAA                     __end_of_can_transmit:
  5274                           	callstack 0
  5275                           
  5276 ;; *************** function _set_msg_id_std *****************
  5277 ;; Defined at:
  5278 ;;		line 56 in file "can.c"
  5279 ;; Parameters:    Size  Location     Type
  5280 ;;  id              2    0[COMRAM] unsigned int 
  5281 ;; Auto vars:     Size  Location     Type
  5282 ;;		None
  5283 ;; Return value:  Size  Location     Type
  5284 ;;                  1    wreg      void 
  5285 ;; Registers used:
  5286 ;;		wreg, status,2, status,0
  5287 ;; Tracked objects:
  5288 ;;		On entry : 0/0
  5289 ;;		On exit  : 0/0
  5290 ;;		Unchanged: 0/0
  5291 ;; Data sizes:     COMRAM   BANK0   BANK1   BANK2   BANK3   BANK4   BANK5
  5292 ;;      Params:         2       0       0       0       0       0       0
  5293 ;;      Locals:         0       0       0       0       0       0       0
  5294 ;;      Temps:          2       0       0       0       0       0       0
  5295 ;;      Totals:         4       0       0       0       0       0       0
  5296 ;;Total ram usage:        4 bytes
  5297 ;; Hardware stack levels used: 1
  5298 ;; This function calls:
  5299 ;;		Nothing
  5300 ;; This function is called by:
  5301 ;;		_can_transmit
  5302 ;; This function uses a non-reentrant model
  5303 ;;
  5304                           
  5305                           	psect	text9
  5306   000F46                     __ptext9:
  5307                           	callstack 0
  5308   000F46                     _set_msg_id_std:
  5309                           	callstack 28
  5310   000F46                     
  5311                           ;can.c: 57:     TXB0SIDL = (id & 0x7) << 5;
  5312   000F46  C001  F003         	movff	set_msg_id_std@id,??_set_msg_id_std
  5313   000F4A  0E07               	movlw	7
  5314   000F4C  1603               	andwf	??_set_msg_id_std^0,f,c
  5315   000F4E  0E05               	movlw	5
  5316   000F50  6E04               	movwf	(??_set_msg_id_std+1)^0,c
  5317   000F52                     u855:
  5318   000F52  90D8               	bcf	status,0,c
  5319   000F54  3603               	rlcf	??_set_msg_id_std^0,f,c
  5320   000F56  2E04               	decfsz	(??_set_msg_id_std+1)^0,f,c
  5321   000F58  EFA9  F007         	goto	u855
  5322   000F5C  5003               	movf	??_set_msg_id_std^0,w,c
  5323   000F5E  010F               	movlb	15	; () banked
  5324   000F60  6F42               	movwf	66,b	;volatile
  5325                           
  5326                           ;can.c: 58:     TXB0SIDH = (id >> 3);
  5327   000F62  C001  F003         	movff	set_msg_id_std@id,??_set_msg_id_std
  5328   000F66  C002  F004         	movff	set_msg_id_std@id+1,??_set_msg_id_std+1
  5329   000F6A  90D8               	bcf	status,0,c
  5330   000F6C  3204               	rrcf	(??_set_msg_id_std+1)^0,f,c
  5331   000F6E  3203               	rrcf	??_set_msg_id_std^0,f,c
  5332   000F70  90D8               	bcf	status,0,c
  5333   000F72  3204               	rrcf	(??_set_msg_id_std+1)^0,f,c
  5334   000F74  3203               	rrcf	??_set_msg_id_std^0,f,c
  5335   000F76  90D8               	bcf	status,0,c
  5336   000F78  3204               	rrcf	(??_set_msg_id_std+1)^0,f,c
  5337   000F7A  3203               	rrcf	??_set_msg_id_std^0,f,c
  5338   000F7C  5003               	movf	??_set_msg_id_std^0,w,c
  5339   000F7E  6F41               	movwf	65,b	;volatile
  5340   000F80                     
  5341                           ; BSR set to: 15
  5342   000F80  0012               	return		;funcret
  5343   000F82                     __end_of_set_msg_id_std:
  5344                           	callstack 0
  5345                           
  5346 ;; *************** function _init_config *****************
  5347 ;; Defined at:
  5348 ;;		line 26 in file "main.c"
  5349 ;; Parameters:    Size  Location     Type
  5350 ;;		None
  5351 ;; Auto vars:     Size  Location     Type
  5352 ;;		None
  5353 ;; Return value:  Size  Location     Type
  5354 ;;                  1    wreg      void 
  5355 ;; Registers used:
  5356 ;;		wreg, status,2, status,0, cstack
  5357 ;; Tracked objects:
  5358 ;;		On entry : 0/0
  5359 ;;		On exit  : 0/0
  5360 ;;		Unchanged: 0/0
  5361 ;; Data sizes:     COMRAM   BANK0   BANK1   BANK2   BANK3   BANK4   BANK5
  5362 ;;      Params:         0       0       0       0       0       0       0
  5363 ;;      Locals:         0       0       0       0       0       0       0
  5364 ;;      Temps:          0       0       0       0       0       0       0
  5365 ;;      Totals:         0       0       0       0       0       0       0
  5366 ;;Total ram usage:        0 bytes
  5367 ;; Hardware stack levels used: 1
  5368 ;; Hardware stack levels required when called: 1
  5369 ;; This function calls:
  5370 ;;		_init_adc
  5371 ;;		_init_can
  5372 ;; This function is called by:
  5373 ;;		_main
  5374 ;; This function uses a non-reentrant model
  5375 ;;
  5376                           
  5377                           	psect	text10
  5378   00100C                     __ptext10:
  5379                           	callstack 0
  5380   00100C                     _init_config:
  5381                           	callstack 29
  5382   00100C                     
  5383                           ;main.c: 31:     TRISC |= 0x0F;
  5384   00100C  0E0F               	movlw	15
  5385   00100E  1294               	iorwf	148,f,c	;volatile
  5386   001010                     
  5387                           ;main.c: 34:     init_adc();
  5388   001010  ECF8  F007         	call	_init_adc	;wreg free
  5389                           
  5390                           ;main.c: 36:     init_can();
  5391   001014  ECC1  F007         	call	_init_can	;wreg free
  5392   001018  0012               	return		;funcret
  5393   00101A                     __end_of_init_config:
  5394                           	callstack 0
  5395                           
  5396 ;; *************** function _init_can *****************
  5397 ;; Defined at:
  5398 ;;		line 15 in file "can.c"
  5399 ;; Parameters:    Size  Location     Type
  5400 ;;		None
  5401 ;; Auto vars:     Size  Location     Type
  5402 ;;		None
  5403 ;; Return value:  Size  Location     Type
  5404 ;;                  1    wreg      void 
  5405 ;; Registers used:
  5406 ;;		wreg, status,2, status,0
  5407 ;; Tracked objects:
  5408 ;;		On entry : 0/0
  5409 ;;		On exit  : 0/0
  5410 ;;		Unchanged: 0/0
  5411 ;; Data sizes:     COMRAM   BANK0   BANK1   BANK2   BANK3   BANK4   BANK5
  5412 ;;      Params:         0       0       0       0       0       0       0
  5413 ;;      Locals:         0       0       0       0       0       0       0
  5414 ;;      Temps:          0       0       0       0       0       0       0
  5415 ;;      Totals:         0       0       0       0       0       0       0
  5416 ;;Total ram usage:        0 bytes
  5417 ;; Hardware stack levels used: 1
  5418 ;; This function calls:
  5419 ;;		Nothing
  5420 ;; This function is called by:
  5421 ;;		_init_config
  5422 ;; This function uses a non-reentrant model
  5423 ;;
  5424                           
  5425                           	psect	text11
  5426   000F82                     __ptext11:
  5427                           	callstack 0
  5428   000F82                     _init_can:
  5429                           	callstack 29
  5430   000F82                     
  5431                           ;can.c: 17:     TRISB2 = 0;
  5432   000F82  9493               	bcf	3987,2,c	;volatile
  5433                           
  5434                           ;can.c: 18:     TRISB3 = 1;
  5435   000F84  8693               	bsf	3987,3,c	;volatile
  5436   000F86                     
  5437                           ;can.c: 22:     { CANCON &= 0x1F; CANCON |= e_can_op_mode_config; };
  5438   000F86  0E1F               	movlw	31
  5439   000F88  166F               	andwf	111,f,c	;volatile
  5440   000F8A  8E6F               	bsf	111,7,c	;volatile
  5441   000F8C                     l966:
  5442   000F8C  0E80               	movlw	128
  5443   000F8E  186E               	xorwf	110,w,c	;volatile
  5444   000F90  A4D8               	btfss	status,2,c
  5445   000F92  EFCD  F007         	goto	u21
  5446   000F96  EFCF  F007         	goto	u20
  5447   000F9A                     u21:
  5448   000F9A  EFC6  F007         	goto	l966
  5449   000F9E                     u20:
  5450   000F9E                     
  5451                           ;can.c: 28:     ECANCON = 0x00;
  5452   000F9E  6A77               	clrf	119,c	;volatile
  5453   000FA0                     
  5454                           ;can.c: 31:     BRGCON1 = 0xE1;
  5455   000FA0  0EE1               	movlw	225
  5456   000FA2  6E70               	movwf	112,c	;volatile
  5457                           
  5458                           ;can.c: 32:     BRGCON2 = 0x1B;
  5459   000FA4  0E1B               	movlw	27
  5460   000FA6  6E71               	movwf	113,c	;volatile
  5461                           
  5462                           ;can.c: 33:     BRGCON3 = 0x03;
  5463   000FA8  0E03               	movlw	3
  5464   000FAA  6E72               	movwf	114,c	;volatile
  5465   000FAC                     
  5466                           ;can.c: 39:     RXFCON0 = 0x00;
  5467   000FAC  010D               	movlb	13	; () banked
  5468   000FAE  6BD4               	clrf	212,b	;volatile
  5469   000FB0                     
  5470                           ; BSR set to: 13
  5471                           ;can.c: 41:     { CANCON &= 0x1F; CANCON |= e_can_op_mode_normal; };
  5472   000FB0  0E1F               	movlw	31
  5473   000FB2  166F               	andwf	111,f,c	;volatile
  5474   000FB4                     
  5475                           ; BSR set to: 13
  5476   000FB4  506F               	movf	111,w,c	;volatile
  5477   000FB6                     
  5478                           ; BSR set to: 13
  5479                           ;can.c: 44:     RXB0CON = 0x00;
  5480   000FB6  6A60               	clrf	96,c	;volatile
  5481   000FB8                     
  5482                           ; BSR set to: 13
  5483                           ;can.c: 45:     RXB0CONbits.RXM0 = 1;
  5484   000FB8  8A60               	bsf	96,5,c	;volatile
  5485   000FBA                     
  5486                           ; BSR set to: 13
  5487                           ;can.c: 46:     RXB0CONbits.RXM1 = 1;
  5488   000FBA  8C60               	bsf	96,6,c	;volatile
  5489   000FBC                     
  5490                           ; BSR set to: 13
  5491   000FBC  0012               	return		;funcret
  5492   000FBE                     __end_of_init_can:
  5493                           	callstack 0
  5494                           
  5495 ;; *************** function _init_adc *****************
  5496 ;; Defined at:
  5497 ;;		line 12 in file "adc.c"
  5498 ;; Parameters:    Size  Location     Type
  5499 ;;		None
  5500 ;; Auto vars:     Size  Location     Type
  5501 ;;		None
  5502 ;; Return value:  Size  Location     Type
  5503 ;;                  1    wreg      void 
  5504 ;; Registers used:
  5505 ;;		None
  5506 ;; Tracked objects:
  5507 ;;		On entry : 0/0
  5508 ;;		On exit  : 0/0
  5509 ;;		Unchanged: 0/0
  5510 ;; Data sizes:     COMRAM   BANK0   BANK1   BANK2   BANK3   BANK4   BANK5
  5511 ;;      Params:         0       0       0       0       0       0       0
  5512 ;;      Locals:         0       0       0       0       0       0       0
  5513 ;;      Temps:          0       0       0       0       0       0       0
  5514 ;;      Totals:         0       0       0       0       0       0       0
  5515 ;;Total ram usage:        0 bytes
  5516 ;; Hardware stack levels used: 1
  5517 ;; This function calls:
  5518 ;;		Nothing
  5519 ;; This function is called by:
  5520 ;;		_init_config
  5521 ;; This function uses a non-reentrant model
  5522 ;;
  5523                           
  5524                           	psect	text12
  5525   000FF0                     __ptext12:
  5526                           	callstack 0
  5527   000FF0                     _init_adc:
  5528                           	callstack 29
  5529   000FF0                     
  5530                           ;adc.c: 15:  ADFM = 1;
  5531   000FF0  8EC0               	bsf	4032,7,c	;volatile
  5532                           
  5533                           ;adc.c: 17:  ACQT2 = 0;
  5534   000FF2  9AC0               	bcf	4032,5,c	;volatile
  5535                           
  5536                           ;adc.c: 18:  ACQT1 = 1;
  5537   000FF4  88C0               	bsf	4032,4,c	;volatile
  5538                           
  5539                           ;adc.c: 19:  ACQT0 = 0;
  5540   000FF6  96C0               	bcf	4032,3,c	;volatile
  5541                           
  5542                           ;adc.c: 21:  ADCS0 = 0;
  5543   000FF8  90C0               	bcf	4032,0,c	;volatile
  5544                           
  5545                           ;adc.c: 22:  ADCS1 = 1;
  5546   000FFA  82C0               	bsf	4032,1,c	;volatile
  5547                           
  5548                           ;adc.c: 23:  ADCS2 = 0;
  5549   000FFC  94C0               	bcf	4032,2,c	;volatile
  5550                           
  5551                           ;adc.c: 25:  GODONE = 0;
  5552   000FFE  92C2               	bcf	4034,1,c	;volatile
  5553                           
  5554                           ;adc.c: 27:  VCFG1 = 0;
  5555   001000  9AC1               	bcf	4033,5,c	;volatile
  5556                           
  5557                           ;adc.c: 28:  VCFG0 = 0;
  5558   001002  98C1               	bcf	4033,4,c	;volatile
  5559                           
  5560                           ;adc.c: 30:  ADRESH = 0;
  5561   001004  6AC4               	clrf	196,c	;volatile
  5562                           
  5563                           ;adc.c: 31:  ADRESL = 0;
  5564   001006  6AC3               	clrf	195,c	;volatile
  5565                           
  5566                           ;adc.c: 33:  ADON = 1;
  5567   001008  80C2               	bsf	4034,0,c	;volatile
  5568   00100A  0012               	return		;funcret
  5569   00100C                     __end_of_init_adc:
  5570                           	callstack 0
  5571                           
  5572                           	psect	smallconst
  5573   000600                     __psmallconst:
  5574                           	callstack 0
  5575   000600  00                 	db	0
  5576   000601  00                 	db	0	; dummy byte at the end
  5577   000600                     __smallconst    set	__psmallconst
  5578   000600                     __mediumconst   set	__psmallconst
  5579   000000                     __activetblptr  equ	0
  5580                           
  5581                           	psect	rparam
  5582   000001                     ___rparam_used  equ	1
  5583   000000                     ___param_bank   equ	0
  5584   000000                     __Lparam        equ	__Lrparam
  5585   000000                     __Hparam        equ	__Hrparam
  5586                           
  5587                           	psect	idloc
  5588                           
  5589                           ;Config register IDLOC0 @ 0x200000
  5590                           ;	unspecified, using default values
  5591   200000                     	org	2097152
  5592   200000  FF                 	db	255
  5593                           
  5594                           ;Config register IDLOC1 @ 0x200001
  5595                           ;	unspecified, using default values
  5596   200001                     	org	2097153
  5597   200001  FF                 	db	255
  5598                           
  5599                           ;Config register IDLOC2 @ 0x200002
  5600                           ;	unspecified, using default values
  5601   200002                     	org	2097154
  5602   200002  FF                 	db	255
  5603                           
  5604                           ;Config register IDLOC3 @ 0x200003
  5605                           ;	unspecified, using default values
  5606   200003                     	org	2097155
  5607   200003  FF                 	db	255
  5608                           
  5609                           ;Config register IDLOC4 @ 0x200004
  5610                           ;	unspecified, using default values
  5611   200004                     	org	2097156
  5612   200004  FF                 	db	255
  5613                           
  5614                           ;Config register IDLOC5 @ 0x200005
  5615                           ;	unspecified, using default values
  5616   200005                     	org	2097157
  5617   200005  FF                 	db	255
  5618                           
  5619                           ;Config register IDLOC6 @ 0x200006
  5620                           ;	unspecified, using default values
  5621   200006                     	org	2097158
  5622   200006  FF                 	db	255
  5623                           
  5624                           ;Config register IDLOC7 @ 0x200007
  5625                           ;	unspecified, using default values
  5626   200007                     	org	2097159
  5627   200007  FF                 	db	255
  5628                           
  5629                           	psect	config
  5630                           
  5631                           ; Padding undefined space
  5632   300000                     	org	3145728
  5633   300000  FF                 	db	255
  5634                           
  5635                           ;Config register CONFIG1H @ 0x300001
  5636                           ;	unspecified, using default values
  5637                           ;	Oscillator Selection bits
  5638                           ;	OSC = 0x7, unprogrammed default
  5639                           ;	Fail-Safe Clock Monitor Enable bit
  5640                           ;	FCMEN = 0x0, unprogrammed default
  5641                           ;	Internal/External Oscillator Switchover bit
  5642                           ;	IESO = 0x0, unprogrammed default
  5643   300001                     	org	3145729
  5644   300001  07                 	db	7
  5645                           
  5646                           ;Config register CONFIG2L @ 0x300002
  5647                           ;	unspecified, using default values
  5648                           ;	Power-up Timer Enable bit
  5649                           ;	PWRT = 0x1, unprogrammed default
  5650                           ;	Brown-out Reset Enable bits
  5651                           ;	BOREN = 0x3, unprogrammed default
  5652                           ;	Brown-out Reset Voltage bits
  5653                           ;	BORV = 0x3, unprogrammed default
  5654   300002                     	org	3145730
  5655   300002  1F                 	db	31
  5656                           
  5657                           ;Config register CONFIG2H @ 0x300003
  5658                           ;	unspecified, using default values
  5659                           ;	Watchdog Timer Enable bit
  5660                           ;	WDT = 0x1, unprogrammed default
  5661                           ;	Watchdog Timer Postscale Select bits
  5662                           ;	WDTPS = 0xF, unprogrammed default
  5663   300003                     	org	3145731
  5664   300003  1F                 	db	31
  5665                           
  5666                           ; Padding undefined space
  5667   300004                     	org	3145732
  5668   300004  FF                 	db	255
  5669                           
  5670                           ;Config register CONFIG3H @ 0x300005
  5671                           ;	unspecified, using default values
  5672                           ;	PORTB A/D Enable bit
  5673                           ;	PBADEN = 0x1, unprogrammed default
  5674                           ;	Low-Power Timer 1 Oscillator Enable bit
  5675                           ;	LPT1OSC = 0x0, unprogrammed default
  5676                           ;	MCLR Pin Enable bit
  5677                           ;	MCLRE = 0x1, unprogrammed default
  5678   300005                     	org	3145733
  5679   300005  82                 	db	130
  5680                           
  5681                           ;Config register CONFIG4L @ 0x300006
  5682                           ;	unspecified, using default values
  5683                           ;	Stack Full/Underflow Reset Enable bit
  5684                           ;	STVREN = 0x1, unprogrammed default
  5685                           ;	Single-Supply ICSP Enable bit
  5686                           ;	LVP = 0x1, unprogrammed default
  5687                           ;	Boot Block Size Select bit
  5688                           ;	BBSIZ = 0x0, unprogrammed default
  5689                           ;	Extended Instruction Set Enable bit
  5690                           ;	XINST = 0x0, unprogrammed default
  5691                           ;	Background Debugger Enable bit
  5692                           ;	DEBUG = 0x1, unprogrammed default
  5693   300006                     	org	3145734
  5694   300006  85                 	db	133
  5695                           
  5696                           ; Padding undefined space
  5697   300007                     	org	3145735
  5698   300007  FF                 	db	255
  5699                           
  5700                           ;Config register CONFIG5L @ 0x300008
  5701                           ;	unspecified, using default values
  5702                           ;	Code Protection bit
  5703                           ;	CP0 = 0x1, unprogrammed default
  5704                           ;	Code Protection bit
  5705                           ;	CP1 = 0x1, unprogrammed default
  5706                           ;	Code Protection bit
  5707                           ;	CP2 = 0x1, unprogrammed default
  5708                           ;	Code Protection bit
  5709                           ;	CP3 = 0x1, unprogrammed default
  5710   300008                     	org	3145736
  5711   300008  0F                 	db	15
  5712                           
  5713                           ;Config register CONFIG5H @ 0x300009
  5714                           ;	unspecified, using default values
  5715                           ;	Boot Block Code Protection bit
  5716                           ;	CPB = 0x1, unprogrammed default
  5717                           ;	Data EEPROM Code Protection bit
  5718                           ;	CPD = 0x1, unprogrammed default
  5719   300009                     	org	3145737
  5720   300009  C0                 	db	192
  5721                           
  5722                           ;Config register CONFIG6L @ 0x30000A
  5723                           ;	unspecified, using default values
  5724                           ;	Write Protection bit
  5725                           ;	WRT0 = 0x1, unprogrammed default
  5726                           ;	Write Protection bit
  5727                           ;	WRT1 = 0x1, unprogrammed default
  5728                           ;	Write Protection bit
  5729                           ;	WRT2 = 0x1, unprogrammed default
  5730                           ;	Write Protection bit
  5731                           ;	WRT3 = 0x1, unprogrammed default
  5732   30000A                     	org	3145738
  5733   30000A  0F                 	db	15
  5734                           
  5735                           ;Config register CONFIG6H @ 0x30000B
  5736                           ;	unspecified, using default values
  5737                           ;	Configuration Register Write Protection bit
  5738                           ;	WRTC = 0x1, unprogrammed default
  5739                           ;	Boot Block Write Protection bit
  5740                           ;	WRTB = 0x1, unprogrammed default
  5741                           ;	Data EEPROM Write Protection bit
  5742                           ;	WRTD = 0x1, unprogrammed default
  5743   30000B                     	org	3145739
  5744   30000B  E0                 	db	224
  5745                           
  5746                           ;Config register CONFIG7L @ 0x30000C
  5747                           ;	unspecified, using default values
  5748                           ;	Table Read Protection bit
  5749                           ;	EBTR0 = 0x1, unprogrammed default
  5750                           ;	Table Read Protection bit
  5751                           ;	EBTR1 = 0x1, unprogrammed default
  5752                           ;	Table Read Protection bit
  5753                           ;	EBTR2 = 0x1, unprogrammed default
  5754                           ;	Table Read Protection bit
  5755                           ;	EBTR3 = 0x1, unprogrammed default
  5756   30000C                     	org	3145740
  5757   30000C  0F                 	db	15
  5758                           
  5759                           ;Config register CONFIG7H @ 0x30000D
  5760                           ;	unspecified, using default values
  5761                           ;	Boot Block Table Read Protection bit
  5762                           ;	EBTRB = 0x1, unprogrammed default
  5763   30000D                     	org	3145741
  5764   30000D  40                 	db	64
  5765                           tosu	equ	0xFFF
  5766                           tosh	equ	0xFFE
  5767                           tosl	equ	0xFFD
  5768                           stkptr	equ	0xFFC
  5769                           pclatu	equ	0xFFB
  5770                           pclath	equ	0xFFA
  5771                           pcl	equ	0xFF9
  5772                           tblptru	equ	0xFF8
  5773                           tblptrh	equ	0xFF7
  5774                           tblptrl	equ	0xFF6
  5775                           tablat	equ	0xFF5
  5776                           prodh	equ	0xFF4
  5777                           prodl	equ	0xFF3
  5778                           indf0	equ	0xFEF
  5779                           postinc0	equ	0xFEE
  5780                           postdec0	equ	0xFED
  5781                           preinc0	equ	0xFEC
  5782                           plusw0	equ	0xFEB
  5783                           fsr0h	equ	0xFEA
  5784                           fsr0l	equ	0xFE9
  5785                           wreg	equ	0xFE8
  5786                           indf1	equ	0xFE7
  5787                           postinc1	equ	0xFE6
  5788                           postdec1	equ	0xFE5
  5789                           preinc1	equ	0xFE4
  5790                           plusw1	equ	0xFE3
  5791                           fsr1h	equ	0xFE2
  5792                           fsr1l	equ	0xFE1
  5793                           bsr	equ	0xFE0
  5794                           indf2	equ	0xFDF
  5795                           postinc2	equ	0xFDE
  5796                           postdec2	equ	0xFDD
  5797                           preinc2	equ	0xFDC
  5798                           plusw2	equ	0xFDB
  5799                           fsr2h	equ	0xFDA
  5800                           fsr2l	equ	0xFD9
  5801                           status	equ	0xFD8

Data Sizes:
    Strings     0
    Constant    0
    Data        10
    BSS         14
    Persistent  0
    Stack       0

Auto Spaces:
    Space          Size  Autos    Used
    COMRAM           95     60      84
    BANK0           160      0       0
    BANK1           256      0       0
    BANK2           256      0       0
    BANK3           256      0       0
    BANK4           256      0       0
    BANK5           256      0       0

Pointer List with Targets:

    can_transmit@data	PTR const unsigned char  size(1) Largest target is 1
		 -> send_data@data(COMRAM[1]), 

    can_transmit@ptr	PTR unsigned char  size(2) Largest target is 1
		 -> TXB0D0(SFR_2[1]), 


Critical Paths under _main in COMRAM

    _speed1->___fltol
    ___xxtofl->_read_adc
    ___fltol->___fldiv
    ___fldiv->___xxtofl
    _send_data->_can_transmit
    _can_transmit->_set_msg_id_std

Critical Paths under _main in BANK0

    None.

Critical Paths under _main in BANK1

    None.

Critical Paths under _main in BANK2

    None.

Critical Paths under _main in BANK3

    None.

Critical Paths under _main in BANK4

    None.

Critical Paths under _main in BANK5

    None.

Call Graph Tables:

 ---------------------------------------------------------------------------------
 (Depth) Function   	        Calls       Base Space   Used Autos Params    Refs
 ---------------------------------------------------------------------------------
 (0) _main                                                 4     4      0    2350
                                             56 COMRAM     4     4      0
                        _init_config
                          _send_data
                             _speed1
                        _switch_read
 ---------------------------------------------------------------------------------
 (1) _switch_read                                          1     1      0      30
                                              0 COMRAM     1     1      0
 ---------------------------------------------------------------------------------
 (1) _speed1                                               0     0      0    1742
                            ___fldiv
                            ___fltol
                           ___xxtofl
                           _read_adc
 ---------------------------------------------------------------------------------
 (2) _read_adc                                             7     5      2      52
                                              0 COMRAM     7     5      2
 ---------------------------------------------------------------------------------
 (2) ___xxtofl                                            14    10      4     337
                                              7 COMRAM    14    10      4
                           _read_adc (ARG)
 ---------------------------------------------------------------------------------
 (2) ___fltol                                             10     6      4     230
                                             46 COMRAM    10     6      4
                            ___fldiv (ARG)
                           ___xxtofl (ARG)
                           _read_adc (ARG)
 ---------------------------------------------------------------------------------
 (2) ___fldiv                                             25    17      8    1123
                                             21 COMRAM    25    17      8
                           ___xxtofl (ARG)
                           _read_adc (ARG)
 ---------------------------------------------------------------------------------
 (1) _send_data                                            5     5      0     369
                                             15 COMRAM     5     5      0
                       _can_transmit
 ---------------------------------------------------------------------------------
 (2) _can_transmit                                        11     7      4     230
                                              4 COMRAM    11     7      4
                     _set_msg_id_std
 ---------------------------------------------------------------------------------
 (3) _set_msg_id_std                                       4     2      2      45
                                              0 COMRAM     4     2      2
 ---------------------------------------------------------------------------------
 (1) _init_config                                          0     0      0       0
                           _init_adc
                           _init_can
 ---------------------------------------------------------------------------------
 (2) _init_can                                             0     0      0       0
 ---------------------------------------------------------------------------------
 (2) _init_adc                                             0     0      0       0
 ---------------------------------------------------------------------------------
 Estimated maximum stack depth 3
 ---------------------------------------------------------------------------------

 Call Graph Graphs:

 _main (ROOT)
   _init_config
     _init_adc
     _init_can
   _send_data
     _can_transmit
       _set_msg_id_std
   _speed1
     ___fldiv
       ___xxtofl (ARG)
         _read_adc (ARG)
       _read_adc (ARG)
     ___fltol
       ___fldiv (ARG)
       ___xxtofl (ARG)
       _read_adc (ARG)
     ___xxtofl
     _read_adc
   _switch_read

Address spaces:
Name               Size   Autos  Total    Usage
BIGRAM            1535      0       0      0.0%
BITBIGSFRlh        410      0       0      0.0%
BITBANK5           256      0       0      0.0%
BANK5              256      0       0      0.0%
BITBANK4           256      0       0      0.0%
BANK4              256      0       0      0.0%
BITBANK3           256      0       0      0.0%
BANK3              256      0       0      0.0%
BITBANK2           256      0       0      0.0%
BANK2              256      0       0      0.0%
BITBANK1           256      0       0      0.0%
BANK1              256      0       0      0.0%
BITBIGSFRll        212      0       0      0.0%
BITBANK0           160      0       0      0.0%
BANK0              160      0       0      0.0%
BITBIGSFRh         144      0       0      0.0%
BITCOMRAM           95      0       0      0.0%
COMRAM              95     60      84     88.4%
STACK                0      0       0      0.0%
DATA                 0      0      84      0.0%


Microchip Technology PIC18 Macro Assembler V3.00 build 20241204225717 
Symbol Table                                                                                   Mon Nov 24 12:15:15 2025

           ___fldiv@aexp 002E             ___fldiv@bexp 002D             ___fldiv@sign 0026  
                     l27 1018                       l35 0D3C                       _GO 7E11  
                     u20 0F9E                       u21 0F9A                      l110 100A  
                    l113 0F18                      l131 0D84                      l116 0F44  
                    l134 0DC4                      l127 0EFE                      l260 0EA8  
                    l254 0F80                      l247 0F9E                      l248 0FBC  
                    l259 0EA4                      l276 0E38                      l580 0C4A  
                    l941 0B44                      l870 07B8                      l960 0F82  
                    l952 0ADC                      l865 0990                      l945 0A80  
                    l970 0FAC                      l962 0F86                      l938 09E8  
                    l867 07F4                      l980 0FBA                      l972 0FB0  
                    l964 0F8A                      l876 083A                      l877 0858  
                    l958 0FF0                      l974 0FB4                      l966 0F8C  
                    l878 08B0                      l879 089E                      l976 0FB6  
                    l968 0FA0                      l978 0FB8                      _RC0 7C10  
                    _RC1 7C11                      _RC2 7C12                      _RD7 7C1F  
                    u500 0E1A                      u501 0E16                      u510 0E34  
                    u511 0E30                      u470 0DD8                      u471 0DD4  
                    u480 0DEC                      u481 0DE8                      u490 0DFC  
                    u491 0DF8                      u900 063E                      u901 063A  
                    u910 0680                      u911 067C                      u920 0692  
                    u921 068E                      u930 06A2                      u931 069E  
                    u940 06E0                      u860 0F26                      u941 06DC  
                    u861 0F22                      u870 0EA4                      u950 0720  
                    u855 0F52                      u871 0EA0                      u951 071C  
                    u960 0794                      u880 061C                      u961 0790  
                    u881 0618                      u970 07B6                      u890 062E  
                    u971 07B2                      u891 062A                      u980 07E0  
                    u981 07DC                      u990 0804                      u991 0800  
                    wreg 0FE8             ___fltol@exp1 0038                     l1234 100C  
                   l1236 1010                     l1270 0DEC                     l1600 0E80  
                   l1272 0DFC                     l1280 0E06                     l1610 062E  
                   l1602 0602                     l1282 0E1A                     l1274 0DFE  
                   l1266 0DC8                     l1700 0896                     l1620 0666  
                   l1612 063E                     l1604 060E                     l1284 0E1E  
                   l1268 0DD8                     l1710 0904                     l1630 0692  
                   l1622 066C                     l1614 064E                     l1606 061C  
                   l1720 096A                     l1704 08C0                     l1712 0908  
                   l1640 06CA                     l1632 06A2                     l1624 0672  
                   l1616 0650                     l1608 061E                     l1800 0A68  
                   l1288 0E24                     l1730 0986                     l1722 096C  
                   l1714 0922                     l1706 08CC                     l1642 06E0  
                   l1634 06B2                     l1626 0680                     l1618 0656  
                   l1810 0ACC                     l1802 0A6A                     l1724 0970  
                   l1716 0938                     l1708 08DA                     l1660 0734  
                   l1644 06F0                     l1652 0710                     l1636 06B4  
                   l1628 0682                     l1740 0B5C                     l1820 0B24  
                   l1812 0AEA                     l1804 0A76                     l1580 0F26  
                   l1900 0D34                     l1574 0F46                     l1590 0E4C  
                   l1830 0D44                     l1726 097E                     l1718 0952  
                   l1670 0784                     l1662 074E                     l1654 0720  
                   l1646 06F8                     l1638 06BA                     l1750 0BAC  
                   l1822 0B32                     l1814 0AEC                     l1806 0AB2  
                   l1582 0F3C                     l1592 0E50                     l1840 0D64  
                   l1832 0D48                     l1728 0984                     l1680 07E0  
                   l1672 0794                     l1664 075E                     l1656 0720  
                   l1648 06FC                     l1760 0BD6                     l1752 0BB0  
                   l1744 0B70                     l1824 0B34                     l1816 0AF0  
                   l1808 0ABE                     l1576 0F02                     l1594 0E58  
                   l1586 0E3A                     l1842 0D6A                     l1834 0D5C  
                   l1690 0820                     l1682 07E2                     l1674 07A8  
                   l1666 076E                     l1770 0BFE                     l1762 0BE0  
                   l1754 0BBE                     l1746 0B9A                     l1738 0B46  
                   l1818 0B14                     l1578 0F16                     l1596 0E64  
                   l1588 0E40                     l1852 0DA4                     l1844 0D88  
                   l1692 082A                     l1684 07F2                     l1676 07B6  
                   l1668 077E                     l1772 0C0A                     l1764 0BEA  
                   l1748 0B9C                     l1828 0EAA                     l1860 0C52  
                   l1598 0E7C                     l1854 0DAA                     l1846 0D9C  
                   l1694 0838                     l1686 0804                     l1678 07C2  
                   l1774 0C1A                     l1790 0A0E                     l1782 0994  
                   l1870 0C6E                     l1862 0C5A                     l1688 081A  
                   l1696 084A                     l1776 0C2A                     l1784 09A4  
                   l1880 0CB6                     l1872 0C80                     l1864 0C5E  
                   l1856 0C4C                     l1698 0868                     l1778 0C3A  
                   l1794 0A22                     l1786 09B2                     l1890 0D0A  
                   l1874 0C9C                     l1882 0CC6                     l1866 0C62  
                   l1858 0C50                     l1796 0A2A                     l1788 09F8  
                   l1892 0D0C                     l1884 0CD8                     l1876 0CAC  
                   l1868 0C66                     l1798 0A36                     l1886 0CF2  
                   l1878 0CB2                     l1888 0D02                     l1896 0D16  
                   l1898 0D28                     _ADFM 7E07                     _ADON 7E10  
                   u1000 081A                     u1001 0816                     u1010 0838  
                   u1011 0834                     u1100 097E                     u1020 0858  
                   u1101 097A                     u1021 0854                     u1030 0868  
                   u1110 0B5C                     u1031 0864                     u1111 0B58  
                   u1040 0896                     u1120 0B90                     u1200 0A0E  
                   u1041 0892                     u1201 0A0A                     u1050 08AC  
                   u1130 0BBE                     u1210 0A64                     u1051 08A8  
                   u1131 0BBA                     u1211 0A60                     u1060 08C0  
                   u1140 0BD2                     u1220 0AAE                     u1300 0C80  
                   u1061 08BC                     u1141 0BCE                     u1125 0B86  
                   u1221 0AAA                     u1301 0C7C                     u1070 08DA  
                   u1150 0BFA                     u1230 0ACC                     u1310 0C9C  
                   u1071 08D6                     u1151 0BF6                     u1231 0AC8  
                   u1311 0C98                     u1080 0922                     u1160 0C1A  
                   u1240 0ADC                     u1320 0CAC                     u1081 091E  
                   u1161 0C16                     u1241 0AD8                     u1321 0CA8  
                   u1090 0952                     u1170 0C2A                     u1250 0AEA  
                   u1330 0CD8                     u1091 094E                     u1171 0C26  
                   u1251 0AE6                     u1331 0CD4                     u1260 0B24  
                   u1180 09A4                     u1340 0CF2                     u1261 0B20  
                   u1181 09A0                     u1341 0CEE                     u1270 0B32  
                   u1190 09B2                     u1350 0D02                     u1271 0B2E  
                   u1191 09AE                     u1351 0CFE                     u1280 0D84  
                   u1360 0D28                     u1281 0D80                     u1361 0D24  
                   u1290 0DC4                     u1291 0DC0                     _RBPU 7F8F  
                   _data 003D                     _gear 004A                     _main 0C4C  
                   fsr2h 0FDA                     indf1 0FE7                     indf2 0FDF  
                   fsr1l 0FE1                     fsr2l 0FD9                     start 2FFC  
        ___fldiv@new_exp 0027             ___param_bank 0000              _switch_read 0DC6  
          ___fltol@sign1 0037                    _ADCS0 7E00                    _ADCS1 7E01  
                  _ADCS2 7E02                    ?_main 0001          __end_of___fldiv 0992  
                  _ACQT0 7E03                    _ACQT1 7E04                    _ACQT2 7E05  
        __end_of___fltol 0C4C             ?_init_config 0001                    _VCFG0 7E0C  
                  _VCFG1 7E0D                    _PORTB 0F81                    _PORTC 0F82  
                  _PORTD 0F83                    _TRISB 0F93                    _TRISC 0F94  
                  _TRISD 0F95                    _gear1 004B                    _speed 0049  
                  main@i 003B                    tablat 0FF5                    status 0FD8  
        __initialization 0FBE             __end_of_main 0D44                   ??_main 0039  
          __activetblptr 0000                   _ADCON0 0FC2                   _ADCON1 0FC1  
       read_switches@key 0047                   _CANCON 0F6F                   _ADRESH 0FC4  
                 _ADRESL 0FC3                   _GODONE 7E11                   _RXB0D0 0F66  
                 _RXB0IF 7D20                   _TXB0D0 0F46                   _TRISB2 7C9A  
                 _TRISB3 7C9B                   _TRISD7 7CAF         __end_of___xxtofl 0B46  
              ??___fldiv 001E                ??___fltol 0033            can_transmit@i 000E  
       __end_of_init_adc 100C         __end_of_init_can 0FBE                   _length 0048  
       __end_of_read_adc 0F46                   clear_0 0FE4                   _msg_id 0045  
                 _speed1 0EAA                   isa$std 0001             __pdataCOMRAM 004B  
           __mediumconst 0600                   tblptrh 0FF7                   tblptrl 0FF6  
                 tblptru 0FF8             _can_transmit 0E3A             ___xxtofl@arg 0012  
           ___xxtofl@exp 0011             ___xxtofl@val 0008               __accesstop 0060  
__end_of__initialization 0FEA            ___rparam_used 0001               ___fltol@f1 002F  
         __pcstackCOMRAM 0001         set_msg_id_std@id 0001             ?_switch_read 0001  
      read_switches@once 0054                  _ECANCON 0F77                  _CANSTAT 0F6E  
                ?_speed1 0001                  _BRGCON1 0F70                  _BRGCON2 0F71  
                _BRGCON3 0F72                ?___xxtofl 0008                  _RXB0DLC 0F65  
                _RXB0CON 0F60                  _RXB0FUL 7B07                  _TXB0DLC 0F45  
                _TXB0REQ 7A03                  _RXFCON0 0DD4                ?_init_adc 0001  
              ?_init_can 0001                ?_read_adc 0001                  __Hparam 0000  
                __Lparam 0000                  ___fldiv 0602                  ___fltol 0B46  
        switch_read@once 0053             __psmallconst 0600                  __pcinit 0FBE  
                __ramtop 0600                  __ptext0 0C4C                  __ptext1 0DC6  
                __ptext2 0EAA                  __ptext3 0F00                  __ptext4 0992  
                __ptext5 0B46                  __ptext6 0602                  __ptext7 0D44  
                __ptext8 0E3A                  __ptext9 0F46               ??___xxtofl 000C  
                main@key 003A     end_of_initialization 0FEA        __end_of_send_data 0DC6  
             ??_init_adc 0001               ??_init_can 0001               ??_read_adc 0003  
                postdec1 0FE5                  postinc0 0FEE            send_data@data 0014  
              _PORTBbits 0F81          read_adc@channel 0007            ___xxtofl@sign 0010  
        read_adc@reg_val 0005              ___fldiv@grs 0029              ___fldiv@rem 0022  
         _set_msg_id_std 0F46            __pidataCOMRAM 101A           __end_of_speed1 0F00  
    start_initialization 0FBE   __end_of_set_msg_id_std 0F82                 ??_speed1 0039  
          ??_init_config 0001                ___fldiv@a 001A                ___fldiv@b 0016  
            __pbssCOMRAM 003D          ?_set_msg_id_std 0001        switch_read@option 0001  
               ?___fldiv 0016         can_transmit@data 0007                 ?___fltol 002F  
             send_data@i 0010              __smallconst 0600       can_transmit@msg_id 0005  
    __end_of_init_config 101A                _send_data 0D44                 _RXB0SIDH 0F61  
               _RXB0SIDL 0F62                 _TXB0EIDH 0F43                 _TXB0EIDL 0F44  
               _TXB0SIDH 0F41                 _TXB0SIDL 0F42            ?_can_transmit 0005  
              copy_data0 0FD2               ?_send_data 0001                 __Hrparam 0000  
               __Lrparam 0000              _init_config 100C                 ___xxtofl 0992  
         ??_can_transmit 0009                 __ptext10 100C                 __ptext11 0F82  
               __ptext12 0FF0          can_transmit@len 0008          can_transmit@ptr 000C  
               _init_adc 0FF0                 _init_can 0F82                 _read_adc 0F00  
               isa$xinst 0000            ??_switch_read 0001                 main@once 0039  
            _RXB0CONbits 0F60         ??_set_msg_id_std 0003              ??_send_data 0010  
         send_data@i_121 0012      __end_of_switch_read 0E3A     __end_of_can_transmit 0EAA  
